BEGIN TRANSACTION;
CREATE TABLE "account_emailaddress" ("id" integer NOT NULL PRIMARY KEY AUTOINCREMENT, "verified" bool NOT NULL, "primary" bool NOT NULL, "user_id" integer NOT NULL REFERENCES "auth_user" ("id"), "email" varchar(254) NOT NULL UNIQUE);
INSERT INTO "account_emailaddress" VALUES(1,0,1,2,'t1@browser.test');
INSERT INTO "account_emailaddress" VALUES(2,0,1,3,'t14@browser.test');
INSERT INTO "account_emailaddress" VALUES(3,0,1,4,'t10@browser.test');
INSERT INTO "account_emailaddress" VALUES(4,0,1,5,'t7@browser.test');
INSERT INTO "account_emailaddress" VALUES(5,0,1,6,'t12@browser.test');
INSERT INTO "account_emailaddress" VALUES(6,0,1,7,'t6@browser.test');
INSERT INTO "account_emailaddress" VALUES(7,0,1,8,'t11@browser.test');
INSERT INTO "account_emailaddress" VALUES(8,0,1,9,'t5@browser.test');
INSERT INTO "account_emailaddress" VALUES(9,0,1,10,'t4@browser.test');
INSERT INTO "account_emailaddress" VALUES(10,0,1,11,'t8@browser.test');
INSERT INTO "account_emailaddress" VALUES(11,0,1,12,'t13@browser.test');
INSERT INTO "account_emailaddress" VALUES(12,0,1,13,'t3@browser.test');
INSERT INTO "account_emailaddress" VALUES(13,0,1,14,'t2@browser.test');
INSERT INTO "account_emailaddress" VALUES(14,0,1,15,'t9@browser.test');
INSERT INTO "account_emailaddress" VALUES(15,0,1,16,'t0@browser.test');
CREATE TABLE "account_emailconfirmation" ("id" integer NOT NULL PRIMARY KEY AUTOINCREMENT, "created" datetime NOT NULL, "sent" datetime NULL, "key" varchar(64) NOT NULL UNIQUE, "email_address_id" integer NOT NULL REFERENCES "account_emailaddress" ("id"));
INSERT INTO "account_emailconfirmation" VALUES(1,'2017-01-07 20:01:15.329766','2017-01-07 20:01:15.740715','j5i0r0mcestffxntvcwpumdulsytwlejuommj14lwhveu51df7mceoomhdmigo7e',1);
INSERT INTO "account_emailconfirmation" VALUES(2,'2017-01-07 20:01:16.927691','2017-01-07 20:01:16.934683','x1tjeug6gyvvveuawhhuvhrz6ir4womif5eucgprokjlydddamihgvqoqg4jnio0',2);
INSERT INTO "account_emailconfirmation" VALUES(3,'2017-01-07 20:01:17.618736','2017-01-07 20:01:17.625850','jktv9stfucwr8tyq9htlsnvyt8tbrhtmm3dcrwozs8bqepxnlohroh97znozgxk8',3);
INSERT INTO "account_emailconfirmation" VALUES(4,'2017-01-07 20:01:19.310247','2017-01-07 20:01:19.339581','mggwr1ao2iw3xufpawa6zkodzathwn1byufchvra1aqpjun0hpjm6yzgewrdbfwz',4);
INSERT INTO "account_emailconfirmation" VALUES(5,'2017-01-07 20:01:23.399256','2017-01-07 20:01:23.449649','jfltse29nk6qyonqcsnte7rzfmvreba8jlwokugdcs8tpz2wikdz266o8vzehqdc',5);
INSERT INTO "account_emailconfirmation" VALUES(6,'2017-01-07 20:01:23.989792','2017-01-07 20:01:24.066778','v5lt61xct9owyyv9kj7y6i8ykgs5zjm1jixg4gho4vexaoaagxylzbiei5nnw9eq',6);
INSERT INTO "account_emailconfirmation" VALUES(7,'2017-01-07 20:01:24.618857','2017-01-07 20:01:24.675166','gcbyhuotkdb04yt1qkhrs1gv5ioxbrfbszkcwplaadqptdzanzgpoqqlcjtsigav',7);
INSERT INTO "account_emailconfirmation" VALUES(8,'2017-01-07 20:01:25.524311','2017-01-07 20:01:25.577523','pvvo0znflcnafoeeftmls63aompgvjqxza06mmd4zdfsdpekgu8bxh4ezrupz8fb',8);
INSERT INTO "account_emailconfirmation" VALUES(9,'2017-01-07 20:01:28.042155','2017-01-07 20:01:28.125316','vlzoo2o3ablhdkdztw4qkgigk6xsstfstwuwyxtjnfrmmacuamxtpephxtv5ju6v',9);
INSERT INTO "account_emailconfirmation" VALUES(10,'2017-01-07 20:01:32.907578','2017-01-07 20:01:32.949182','p4zwa9xsovywnpeo5je6obnw5vqtu40skj5g3zc3t9n8xjjojf9wilmdrrq2kiob',10);
INSERT INTO "account_emailconfirmation" VALUES(11,'2017-01-07 20:01:33.925107','2017-01-07 20:01:33.968942','9cqsx5p0arvvgqkru43kldhism7glrc7d3qvuap2azad8tv3s03mvljekmixlaza',11);
INSERT INTO "account_emailconfirmation" VALUES(12,'2017-01-07 20:01:34.753889','2017-01-07 20:01:34.761062','nyzy6zac76fdulwsfdekaelahpd1vt32kkcozb9ot5lqhwcqzonxzkluiipmpusb',12);
INSERT INTO "account_emailconfirmation" VALUES(13,'2017-01-07 20:01:36.008146','2017-01-07 20:01:36.037996','z0f76obv9ddaopaqyefknryithrquuhe5xqgrmnsxhgyx9qvvcwymyoiicickabx',13);
INSERT INTO "account_emailconfirmation" VALUES(14,'2017-01-07 20:01:37.081909','2017-01-07 20:01:37.090797','dui8iqcdk5xboazoirjyviqbxpsnqzjzfoyqzetknpqegznjfybpncvtgfvdqikz',14);
INSERT INTO "account_emailconfirmation" VALUES(15,'2017-01-07 20:01:37.489260','2017-01-07 20:01:37.500307','zfbeqj252tstr7xjewqh6mzcyrxq9o0niwkdj3nbbjyws15eooysfhscnwb5z32e',15);
CREATE TABLE "auth_group" ("id" integer NOT NULL PRIMARY KEY AUTOINCREMENT, "name" varchar(80) NOT NULL UNIQUE);
CREATE TABLE "auth_group_permissions" ("id" integer NOT NULL PRIMARY KEY AUTOINCREMENT, "group_id" integer NOT NULL REFERENCES "auth_group" ("id"), "permission_id" integer NOT NULL REFERENCES "auth_permission" ("id"));
CREATE TABLE "auth_permission" ("id" integer NOT NULL PRIMARY KEY AUTOINCREMENT, "content_type_id" integer NOT NULL REFERENCES "django_content_type" ("id"), "codename" varchar(100) NOT NULL, "name" varchar(255) NOT NULL);
INSERT INTO "auth_permission" VALUES(1,1,'add_logentry','Can add log entry');
INSERT INTO "auth_permission" VALUES(2,1,'change_logentry','Can change log entry');
INSERT INTO "auth_permission" VALUES(3,1,'delete_logentry','Can delete log entry');
INSERT INTO "auth_permission" VALUES(4,2,'add_permission','Can add permission');
INSERT INTO "auth_permission" VALUES(5,2,'change_permission','Can change permission');
INSERT INTO "auth_permission" VALUES(6,2,'delete_permission','Can delete permission');
INSERT INTO "auth_permission" VALUES(7,3,'add_group','Can add group');
INSERT INTO "auth_permission" VALUES(8,3,'change_group','Can change group');
INSERT INTO "auth_permission" VALUES(9,3,'delete_group','Can delete group');
INSERT INTO "auth_permission" VALUES(10,4,'add_user','Can add user');
INSERT INTO "auth_permission" VALUES(11,4,'change_user','Can change user');
INSERT INTO "auth_permission" VALUES(12,4,'delete_user','Can delete user');
INSERT INTO "auth_permission" VALUES(13,5,'add_contenttype','Can add content type');
INSERT INTO "auth_permission" VALUES(14,5,'change_contenttype','Can change content type');
INSERT INTO "auth_permission" VALUES(15,5,'delete_contenttype','Can delete content type');
INSERT INTO "auth_permission" VALUES(16,6,'add_session','Can add session');
INSERT INTO "auth_permission" VALUES(17,6,'change_session','Can change session');
INSERT INTO "auth_permission" VALUES(18,6,'delete_session','Can delete session');
INSERT INTO "auth_permission" VALUES(19,7,'add_site','Can add site');
INSERT INTO "auth_permission" VALUES(20,7,'change_site','Can change site');
INSERT INTO "auth_permission" VALUES(21,7,'delete_site','Can delete site');
INSERT INTO "auth_permission" VALUES(22,8,'add_token','Can add token');
INSERT INTO "auth_permission" VALUES(23,8,'change_token','Can change token');
INSERT INTO "auth_permission" VALUES(24,8,'delete_token','Can delete token');
INSERT INTO "auth_permission" VALUES(25,9,'add_emailaddress','Can add email address');
INSERT INTO "auth_permission" VALUES(26,9,'change_emailaddress','Can change email address');
INSERT INTO "auth_permission" VALUES(27,9,'delete_emailaddress','Can delete email address');
INSERT INTO "auth_permission" VALUES(28,10,'add_emailconfirmation','Can add email confirmation');
INSERT INTO "auth_permission" VALUES(29,10,'change_emailconfirmation','Can change email confirmation');
INSERT INTO "auth_permission" VALUES(30,10,'delete_emailconfirmation','Can delete email confirmation');
INSERT INTO "auth_permission" VALUES(31,11,'add_socialapp','Can add social application');
INSERT INTO "auth_permission" VALUES(32,11,'change_socialapp','Can change social application');
INSERT INTO "auth_permission" VALUES(33,11,'delete_socialapp','Can delete social application');
INSERT INTO "auth_permission" VALUES(34,12,'add_socialaccount','Can add social account');
INSERT INTO "auth_permission" VALUES(35,12,'change_socialaccount','Can change social account');
INSERT INTO "auth_permission" VALUES(36,12,'delete_socialaccount','Can delete social account');
INSERT INTO "auth_permission" VALUES(37,13,'add_socialtoken','Can add social application token');
INSERT INTO "auth_permission" VALUES(38,13,'change_socialtoken','Can change social application token');
INSERT INTO "auth_permission" VALUES(39,13,'delete_socialtoken','Can delete social application token');
INSERT INTO "auth_permission" VALUES(40,14,'add_corsmodel','Can add cors model');
INSERT INTO "auth_permission" VALUES(41,14,'change_corsmodel','Can change cors model');
INSERT INTO "auth_permission" VALUES(42,14,'delete_corsmodel','Can delete cors model');
INSERT INTO "auth_permission" VALUES(43,15,'add_gistsconfiguration','Can add Gists Configuration');
INSERT INTO "auth_permission" VALUES(44,15,'change_gistsconfiguration','Can change Gists Configuration');
INSERT INTO "auth_permission" VALUES(45,15,'delete_gistsconfiguration','Can delete Gists Configuration');
INSERT INTO "auth_permission" VALUES(46,16,'add_sentence','Can add sentence');
INSERT INTO "auth_permission" VALUES(47,16,'change_sentence','Can change sentence');
INSERT INTO "auth_permission" VALUES(48,16,'delete_sentence','Can delete sentence');
INSERT INTO "auth_permission" VALUES(49,17,'add_tree','Can add tree');
INSERT INTO "auth_permission" VALUES(50,17,'change_tree','Can change tree');
INSERT INTO "auth_permission" VALUES(51,17,'delete_tree','Can delete tree');
INSERT INTO "auth_permission" VALUES(52,18,'add_profile','Can add profile');
INSERT INTO "auth_permission" VALUES(53,18,'change_profile','Can change profile');
INSERT INTO "auth_permission" VALUES(54,18,'delete_profile','Can delete profile');
INSERT INTO "auth_permission" VALUES(55,19,'add_questionnaire','Can add questionnaire');
INSERT INTO "auth_permission" VALUES(56,19,'change_questionnaire','Can change questionnaire');
INSERT INTO "auth_permission" VALUES(57,19,'delete_questionnaire','Can delete questionnaire');
INSERT INTO "auth_permission" VALUES(58,20,'add_wordspan','Can add word span');
INSERT INTO "auth_permission" VALUES(59,20,'change_wordspan','Can change word span');
INSERT INTO "auth_permission" VALUES(60,20,'delete_wordspan','Can delete word span');
INSERT INTO "auth_permission" VALUES(61,21,'add_comment','Can add comment');
INSERT INTO "auth_permission" VALUES(62,21,'change_comment','Can change comment');
INSERT INTO "auth_permission" VALUES(63,21,'delete_comment','Can delete comment');
CREATE TABLE "auth_user" ("id" integer NOT NULL PRIMARY KEY AUTOINCREMENT, "password" varchar(128) NOT NULL, "last_login" datetime NULL, "is_superuser" bool NOT NULL, "first_name" varchar(30) NOT NULL, "last_name" varchar(30) NOT NULL, "email" varchar(254) NOT NULL, "is_staff" bool NOT NULL, "is_active" bool NOT NULL, "date_joined" datetime NOT NULL, "username" varchar(30) NOT NULL UNIQUE);
INSERT INTO "auth_user" VALUES(1,'pbkdf2_sha256$24000$gouvACA9dCpO$cVeOOvXOrs0jKkn264MGlI1ADwIuHuyGluUWnybJnsI=',NULL,1,'','','admin@example.com',1,1,'2017-01-07 20:01:07.732429','admin');
INSERT INTO "auth_user" VALUES(2,'pbkdf2_sha256$24000$TVBAtxuR8IrH$MNYwcHazn8aTL1PxpiQxaWLBQwzvtu8J1QNcyfLvkPE=','2017-01-07 20:01:15.764438',0,'','','t1@browser.test',0,1,'2017-01-07 20:01:15.110256','t1');
INSERT INTO "auth_user" VALUES(3,'pbkdf2_sha256$24000$M5jksWWSCPIX$Rdo4RaL8z9op4o6f+h++sVCy2aPW/6SbyMbPmLFg5bs=','2017-01-07 20:01:16.974049',0,'','','t14@browser.test',0,1,'2017-01-07 20:01:16.758364','t14');
INSERT INTO "auth_user" VALUES(4,'pbkdf2_sha256$24000$AKL9SDe1xu5Z$2/E5K+tw/Loy59QMng0xmzpjp3qEiN9nNtaoBrjldZA=','2017-01-07 20:01:17.637522',0,'','','t10@browser.test',0,1,'2017-01-07 20:01:17.470357','t10');
INSERT INTO "auth_user" VALUES(5,'pbkdf2_sha256$24000$DuY1L5PWY9t0$YHWUEKGYVxlyvTD1mHFC+NeKm/RIYjdQUz1W5wxRKWM=','2017-01-07 20:01:19.351557',0,'','','t7@browser.test',0,1,'2017-01-07 20:01:19.233844','t7');
INSERT INTO "auth_user" VALUES(6,'pbkdf2_sha256$24000$1U93reHTsdPD$DRGHiO7KR8q/gn0VCLwIqwJO1yxQkdHevIstkEpZsDw=','2017-01-07 20:01:23.499340',0,'','','t12@browser.test',0,1,'2017-01-07 20:01:22.911503','t12');
INSERT INTO "auth_user" VALUES(7,'pbkdf2_sha256$24000$AfeJPboSt4rH$8SEHwXP/apZQTur02ghxdqWeikbmREjaHJOCy4Zsh98=','2017-01-07 20:01:24.119179',0,'','','t6@browser.test',0,1,'2017-01-07 20:01:23.670731','t6');
INSERT INTO "auth_user" VALUES(8,'pbkdf2_sha256$24000$fGyqN2TDj7SY$huU5QRD9aMXOFIjEueT9VMcszyRY8nGwhVJjBCAZXa8=','2017-01-07 20:01:24.703824',0,'','','t11@browser.test',0,1,'2017-01-07 20:01:24.211082','t11');
INSERT INTO "auth_user" VALUES(9,'pbkdf2_sha256$24000$aB2tmNACDFEm$Cne5lEbZ70E+0dH4ktyXgJHAWTY2gMbknq9k26r6p+M=','2017-01-07 20:01:25.634999',0,'','','t5@browser.test',0,1,'2017-01-07 20:01:25.230891','t5');
INSERT INTO "auth_user" VALUES(10,'pbkdf2_sha256$24000$nELraTrNIAsS$03hHH1uNT2MFHi0RF8UDW1wCMSj8IpAkZ6hmLputXjA=','2017-01-07 20:01:28.149265',0,'','','t4@browser.test',0,1,'2017-01-07 20:01:27.688717','t4');
INSERT INTO "auth_user" VALUES(11,'pbkdf2_sha256$24000$1VjvDkolAhDZ$sFqngTndvY0pW9HF1w03WuDnZM79F8gDLcOjyiwuAGc=','2017-01-07 20:01:33.031192',0,'','','t8@browser.test',0,1,'2017-01-07 20:01:32.643595','t8');
INSERT INTO "auth_user" VALUES(12,'pbkdf2_sha256$24000$aLQtOwLqyVBX$PgKQu3hBeUwA1yzH9paQZ1sy2eKsiEmo9pIJcPOFQZ4=','2017-01-07 20:01:33.977572',0,'','','t13@browser.test',0,1,'2017-01-07 20:01:33.577968','t13');
INSERT INTO "auth_user" VALUES(13,'pbkdf2_sha256$24000$7aapxrad8B8p$9J+Z5v6TMAfSV6dBvbwhhknZPHTnYAY7S5bLXwcqmC8=','2017-01-07 20:01:34.790210',0,'','','t3@browser.test',0,1,'2017-01-07 20:01:34.542407','t3');
INSERT INTO "auth_user" VALUES(14,'pbkdf2_sha256$24000$bJ6Y0H9WlSd5$kkxHptDZbMxzi0plegJNGvos31ykEfxBpjVgSvKuT00=','2017-01-07 20:01:36.047561',0,'','','t2@browser.test',0,1,'2017-01-07 20:01:35.749918','t2');
INSERT INTO "auth_user" VALUES(15,'pbkdf2_sha256$24000$FteoBh1IZgEW$J+fKi6cqYpVnE1MVPWhBZ5zmZ1pTGZTYKguS1oOclAU=','2017-01-07 20:01:37.177938',0,'','','t9@browser.test',0,1,'2017-01-07 20:01:36.895526','t9');
INSERT INTO "auth_user" VALUES(16,'pbkdf2_sha256$24000$UiN0ICn56W8p$/jmkz8xGDC2Ti3ub9Skjcp0qK72wEkp1ktjX9TsMhqA=','2017-01-07 20:01:37.520188',0,'','','t0@browser.test',0,1,'2017-01-07 20:01:37.238358','t0');
CREATE TABLE "auth_user_groups" ("id" integer NOT NULL PRIMARY KEY AUTOINCREMENT, "user_id" integer NOT NULL REFERENCES "auth_user" ("id"), "group_id" integer NOT NULL REFERENCES "auth_group" ("id"));
CREATE TABLE "auth_user_user_permissions" ("id" integer NOT NULL PRIMARY KEY AUTOINCREMENT, "user_id" integer NOT NULL REFERENCES "auth_user" ("id"), "permission_id" integer NOT NULL REFERENCES "auth_permission" ("id"));
CREATE TABLE "authtoken_token" ("key" varchar(40) NOT NULL PRIMARY KEY, "created" datetime NOT NULL, "user_id" integer NOT NULL UNIQUE REFERENCES "auth_user" ("id"));
INSERT INTO "authtoken_token" VALUES('38f1e17b47d7fe0fdb87a8a03ed244087cffe9f8','2017-01-07 20:01:15.282030',2);
INSERT INTO "authtoken_token" VALUES('ada86e177f2f5318f7dad90a03c16d53bc942c78','2017-01-07 20:01:16.924018',3);
INSERT INTO "authtoken_token" VALUES('58ff271d00a3c4b2eae8632f454d63249fc77e09','2017-01-07 20:01:17.609929',4);
INSERT INTO "authtoken_token" VALUES('cb3b13671bb149d4a47c5ecf8110b2a075a1329c','2017-01-07 20:01:19.301956',5);
INSERT INTO "authtoken_token" VALUES('2d5e65d1f91288721655bb30c14c032b08b337fd','2017-01-07 20:01:23.386194',6);
INSERT INTO "authtoken_token" VALUES('d6fe61664c8643673ffe4db1dfef310b2d579ee6','2017-01-07 20:01:23.945272',7);
INSERT INTO "authtoken_token" VALUES('342415d04be4f83b63c8b3417c5625a272471afa','2017-01-07 20:01:24.587551',8);
INSERT INTO "authtoken_token" VALUES('fa053c44cde9eae83c50f4391e37de7f0e0cb9f9','2017-01-07 20:01:25.501409',9);
INSERT INTO "authtoken_token" VALUES('a878f64d9e0780181ab9fa35544970701f896155','2017-01-07 20:01:28.038591',10);
INSERT INTO "authtoken_token" VALUES('b8ca5529451a997e460ecb426087c3e554eee23a','2017-01-07 20:01:32.888197',11);
INSERT INTO "authtoken_token" VALUES('e9ade4b921833f202d0d1efdcd9b7c5d36a5ef21','2017-01-07 20:01:33.900810',12);
INSERT INTO "authtoken_token" VALUES('5284a9adb968083208612ec8700a2900effad4f0','2017-01-07 20:01:34.747717',13);
INSERT INTO "authtoken_token" VALUES('a4231c8669477107ba0e2bdb9df53f6a38bc3c24','2017-01-07 20:01:35.992214',14);
INSERT INTO "authtoken_token" VALUES('f85e4c46e6d0433836b95bfdce80f0cbc7f89e39','2017-01-07 20:01:37.077937',15);
INSERT INTO "authtoken_token" VALUES('8f38875b63084860798fa7c4e39f6767f53b0b32','2017-01-07 20:01:37.478642',16);
CREATE TABLE "corsheaders_corsmodel" ("id" integer NOT NULL PRIMARY KEY AUTOINCREMENT, "cors" varchar(255) NOT NULL);
CREATE TABLE "django_admin_log" ("id" integer NOT NULL PRIMARY KEY AUTOINCREMENT, "object_id" text NULL, "object_repr" varchar(200) NOT NULL, "action_flag" smallint unsigned NOT NULL, "change_message" text NOT NULL, "content_type_id" integer NULL REFERENCES "django_content_type" ("id"), "user_id" integer NOT NULL REFERENCES "auth_user" ("id"), "action_time" datetime NOT NULL);
CREATE TABLE "django_content_type" ("id" integer NOT NULL PRIMARY KEY AUTOINCREMENT, "app_label" varchar(100) NOT NULL, "model" varchar(100) NOT NULL);
INSERT INTO "django_content_type" VALUES(1,'admin','logentry');
INSERT INTO "django_content_type" VALUES(2,'auth','permission');
INSERT INTO "django_content_type" VALUES(3,'auth','group');
INSERT INTO "django_content_type" VALUES(4,'auth','user');
INSERT INTO "django_content_type" VALUES(5,'contenttypes','contenttype');
INSERT INTO "django_content_type" VALUES(6,'sessions','session');
INSERT INTO "django_content_type" VALUES(7,'sites','site');
INSERT INTO "django_content_type" VALUES(8,'authtoken','token');
INSERT INTO "django_content_type" VALUES(9,'account','emailaddress');
INSERT INTO "django_content_type" VALUES(10,'account','emailconfirmation');
INSERT INTO "django_content_type" VALUES(11,'socialaccount','socialapp');
INSERT INTO "django_content_type" VALUES(12,'socialaccount','socialaccount');
INSERT INTO "django_content_type" VALUES(13,'socialaccount','socialtoken');
INSERT INTO "django_content_type" VALUES(14,'corsheaders','corsmodel');
INSERT INTO "django_content_type" VALUES(15,'gists','gistsconfiguration');
INSERT INTO "django_content_type" VALUES(16,'gists','sentence');
INSERT INTO "django_content_type" VALUES(17,'gists','tree');
INSERT INTO "django_content_type" VALUES(18,'gists','profile');
INSERT INTO "django_content_type" VALUES(19,'gists','questionnaire');
INSERT INTO "django_content_type" VALUES(20,'gists','wordspan');
INSERT INTO "django_content_type" VALUES(21,'gists','comment');
CREATE TABLE "django_migrations" ("id" integer NOT NULL PRIMARY KEY AUTOINCREMENT, "app" varchar(255) NOT NULL, "name" varchar(255) NOT NULL, "applied" datetime NOT NULL);
INSERT INTO "django_migrations" VALUES(1,'contenttypes','0001_initial','2017-01-07 20:01:07.184241');
INSERT INTO "django_migrations" VALUES(2,'auth','0001_initial','2017-01-07 20:01:07.224571');
INSERT INTO "django_migrations" VALUES(3,'account','0001_initial','2017-01-07 20:01:07.239399');
INSERT INTO "django_migrations" VALUES(4,'account','0002_email_max_length','2017-01-07 20:01:07.248339');
INSERT INTO "django_migrations" VALUES(5,'admin','0001_initial','2017-01-07 20:01:07.257243');
INSERT INTO "django_migrations" VALUES(6,'admin','0002_logentry_remove_auto_add','2017-01-07 20:01:07.267242');
INSERT INTO "django_migrations" VALUES(7,'contenttypes','0002_remove_content_type_name','2017-01-07 20:01:07.294609');
INSERT INTO "django_migrations" VALUES(8,'auth','0002_alter_permission_name_max_length','2017-01-07 20:01:07.304648');
INSERT INTO "django_migrations" VALUES(9,'auth','0003_alter_user_email_max_length','2017-01-07 20:01:07.314430');
INSERT INTO "django_migrations" VALUES(10,'auth','0004_alter_user_username_opts','2017-01-07 20:01:07.324054');
INSERT INTO "django_migrations" VALUES(11,'auth','0005_alter_user_last_login_null','2017-01-07 20:01:07.333703');
INSERT INTO "django_migrations" VALUES(12,'auth','0006_require_contenttypes_0002','2017-01-07 20:01:07.334268');
INSERT INTO "django_migrations" VALUES(13,'auth','0007_alter_validators_add_error_messages','2017-01-07 20:01:07.345790');
INSERT INTO "django_migrations" VALUES(14,'authtoken','0001_initial','2017-01-07 20:01:07.354754');
INSERT INTO "django_migrations" VALUES(15,'gists','0001_initial','2017-01-07 20:01:07.465973');
INSERT INTO "django_migrations" VALUES(16,'gists','0002_comment_meta','2017-01-07 20:01:07.484499');
INSERT INTO "django_migrations" VALUES(17,'sessions','0001_initial','2017-01-07 20:01:07.487273');
INSERT INTO "django_migrations" VALUES(18,'sites','0001_initial','2017-01-07 20:01:07.489954');
INSERT INTO "django_migrations" VALUES(19,'sites','0002_alter_domain_unique','2017-01-07 20:01:07.493681');
INSERT INTO "django_migrations" VALUES(20,'socialaccount','0001_initial','2017-01-07 20:01:07.572047');
INSERT INTO "django_migrations" VALUES(21,'socialaccount','0002_token_max_lengths','2017-01-07 20:01:07.649813');
CREATE TABLE "django_session" ("session_key" varchar(40) NOT NULL PRIMARY KEY, "session_data" text NOT NULL, "expire_date" datetime NOT NULL);
INSERT INTO "django_session" VALUES('jiasz6ctlf780jxm7re3o23uu87ja5op','OGZhNTdmYjEyYjYyODhjN2I5ZmRhMTA1NGIwMGZkY2JkNDRjOTc1Yzp7ImFjY291bnRfdmVyaWZpZWRfZW1haWwiOm51bGwsImFjY291bnRfdXNlciI6IjIiLCJfYXV0aF91c2VyX2lkIjoiMiIsIl9hdXRoX3VzZXJfYmFja2VuZCI6ImFsbGF1dGguYWNjb3VudC5hdXRoX2JhY2tlbmRzLkF1dGhlbnRpY2F0aW9uQmFja2VuZCIsIl9hdXRoX3VzZXJfaGFzaCI6ImMxZWM4NDA5YjI5ZjhiYzlhODJkMjFkZTBlZTE5ODVkNjkxNTljZjMifQ==','2017-01-21 20:01:15.769285');
INSERT INTO "django_session" VALUES('khcmliy027dmv6n71wzyjz8yr07b0pk3','ZjhhNDk0ODkwMTdlNjk1YTU0NGJmNTdmYzViMjhhZTVjODhjNWU5Mzp7ImFjY291bnRfdmVyaWZpZWRfZW1haWwiOm51bGwsImFjY291bnRfdXNlciI6IjMiLCJfYXV0aF91c2VyX2lkIjoiMyIsIl9hdXRoX3VzZXJfYmFja2VuZCI6ImFsbGF1dGguYWNjb3VudC5hdXRoX2JhY2tlbmRzLkF1dGhlbnRpY2F0aW9uQmFja2VuZCIsIl9hdXRoX3VzZXJfaGFzaCI6IjM5YWZjY2YxYzlmNTE1ZmM4ZjRiNWEwNDllYTk0YWMyZTJlZDgxMGEifQ==','2017-01-21 20:01:16.995884');
INSERT INTO "django_session" VALUES('m9cw5ktbk0q40s2bevo43lecdfptu0iw','Yzk2NDI1NjJmZDYxOWJmMTg0NWUzNTNjODkyMjI2MDEyZGQyMDkxYzp7ImFjY291bnRfdmVyaWZpZWRfZW1haWwiOm51bGwsImFjY291bnRfdXNlciI6IjQiLCJfYXV0aF91c2VyX2lkIjoiNCIsIl9hdXRoX3VzZXJfYmFja2VuZCI6ImFsbGF1dGguYWNjb3VudC5hdXRoX2JhY2tlbmRzLkF1dGhlbnRpY2F0aW9uQmFja2VuZCIsIl9hdXRoX3VzZXJfaGFzaCI6IjJlNTZjNWIyZmU3NmQzODZiZGEyYTQ0NmI0NDE5NWJlY2YzMTI5OTEifQ==','2017-01-21 20:01:17.683662');
INSERT INTO "django_session" VALUES('tbfzsgtb6u9yhu3dhtxknj04k89qiixi','YTY2ZDE4ZjdmYzhiYzI2ZGJlNGIwZjVmN2M4NWZkZDY5MTZjZjI5Yzp7ImFjY291bnRfdmVyaWZpZWRfZW1haWwiOm51bGwsImFjY291bnRfdXNlciI6IjUiLCJfYXV0aF91c2VyX2lkIjoiNSIsIl9hdXRoX3VzZXJfYmFja2VuZCI6ImFsbGF1dGguYWNjb3VudC5hdXRoX2JhY2tlbmRzLkF1dGhlbnRpY2F0aW9uQmFja2VuZCIsIl9hdXRoX3VzZXJfaGFzaCI6IjVjODcxMGI0YzVlYjYzODg2YTA2NTZkM2VjM2I4MTVlZjVlNGU0MDgifQ==','2017-01-21 20:01:19.358465');
INSERT INTO "django_session" VALUES('x3lgfefvr0rh4x0pku0ive93xdm6fi62','NmU2YTAxODA0NTA5MTQyZTg2MTY3ZDA0NmYyYmYzOTU0NGFhZDM3MDp7ImFjY291bnRfdmVyaWZpZWRfZW1haWwiOm51bGwsImFjY291bnRfdXNlciI6IjYiLCJfYXV0aF91c2VyX2lkIjoiNiIsIl9hdXRoX3VzZXJfYmFja2VuZCI6ImFsbGF1dGguYWNjb3VudC5hdXRoX2JhY2tlbmRzLkF1dGhlbnRpY2F0aW9uQmFja2VuZCIsIl9hdXRoX3VzZXJfaGFzaCI6IjhkYTNiOGVjYTQ3MWUwNzMzNmE0ZDY2ZTdlMzgyOThlZjAwMGRhNmMifQ==','2017-01-21 20:01:23.531129');
INSERT INTO "django_session" VALUES('lqe86j9amzawu304j4kolahso7hl9f4h','YTNmYWM0ZWZiMjE2ODdmMmMzZDc1OGU3YmEyZjIzYTIyMTk0NmIzYzp7ImFjY291bnRfdmVyaWZpZWRfZW1haWwiOm51bGwsImFjY291bnRfdXNlciI6IjciLCJfYXV0aF91c2VyX2lkIjoiNyIsIl9hdXRoX3VzZXJfYmFja2VuZCI6ImFsbGF1dGguYWNjb3VudC5hdXRoX2JhY2tlbmRzLkF1dGhlbnRpY2F0aW9uQmFja2VuZCIsIl9hdXRoX3VzZXJfaGFzaCI6Ijc0ZTBmMjc2YjU0ODZmMWE5NGE5NTEwZDllYTBlZmE3N2EzZjk1M2MifQ==','2017-01-21 20:01:24.123281');
INSERT INTO "django_session" VALUES('eh2zzk9nox59ruf0zhaj2dso02ltv7mu','NjlhNTk0ZTg1YWRhNjY4ZmYzNDExODk1Yjc5YWNmODMyZGM4YzhlOTp7ImFjY291bnRfdmVyaWZpZWRfZW1haWwiOm51bGwsImFjY291bnRfdXNlciI6IjgiLCJfYXV0aF91c2VyX2lkIjoiOCIsIl9hdXRoX3VzZXJfYmFja2VuZCI6ImFsbGF1dGguYWNjb3VudC5hdXRoX2JhY2tlbmRzLkF1dGhlbnRpY2F0aW9uQmFja2VuZCIsIl9hdXRoX3VzZXJfaGFzaCI6ImViOGYwYThiZWRiYjRjYmM3N2EyZDdiYmZiYTEyM2U3NTUzY2JjNzQifQ==','2017-01-21 20:01:24.743124');
INSERT INTO "django_session" VALUES('ql27jzmj2hq4rz7x6buy7gx1q2580enf','M2I4YzRhNjA2ZTM1MTg2NDU3Yjg0NDAyNmU5NjQ2YWRkYTU5NTY0Mjp7ImFjY291bnRfdmVyaWZpZWRfZW1haWwiOm51bGwsImFjY291bnRfdXNlciI6IjkiLCJfYXV0aF91c2VyX2lkIjoiOSIsIl9hdXRoX3VzZXJfYmFja2VuZCI6ImFsbGF1dGguYWNjb3VudC5hdXRoX2JhY2tlbmRzLkF1dGhlbnRpY2F0aW9uQmFja2VuZCIsIl9hdXRoX3VzZXJfaGFzaCI6IjRjZDgwODFmNDEyYjAxOGQ1YmRhNThlZmZiNTM2N2NhNDAyODdhYmEifQ==','2017-01-21 20:01:25.639541');
INSERT INTO "django_session" VALUES('lfo37kt62w126456oeds07mbrp10zlte','YzI2YTNiMTdjNGJhZDU1ODZjMDgzZmU0MDQ4ZmRlZGNlMGM5MWFmZjp7ImFjY291bnRfdmVyaWZpZWRfZW1haWwiOm51bGwsImFjY291bnRfdXNlciI6ImEiLCJfYXV0aF91c2VyX2lkIjoiMTAiLCJfYXV0aF91c2VyX2JhY2tlbmQiOiJhbGxhdXRoLmFjY291bnQuYXV0aF9iYWNrZW5kcy5BdXRoZW50aWNhdGlvbkJhY2tlbmQiLCJfYXV0aF91c2VyX2hhc2giOiJiNzk5OTY1N2FlOTc5NjBlYjVhNGFlYzE1OTkzNzk0NzNhYWY3YWIyIn0=','2017-01-21 20:01:28.171364');
INSERT INTO "django_session" VALUES('xmmqjw8hrt4wdh9cb6ghr7mesz3fl4f2','YWQxYzZmMmYwNmE0NDk0MzQxODQ1MmM5YzQyYWEyMDRmM2MzNDVmZjp7ImFjY291bnRfdmVyaWZpZWRfZW1haWwiOm51bGwsImFjY291bnRfdXNlciI6ImIiLCJfYXV0aF91c2VyX2lkIjoiMTEiLCJfYXV0aF91c2VyX2JhY2tlbmQiOiJhbGxhdXRoLmFjY291bnQuYXV0aF9iYWNrZW5kcy5BdXRoZW50aWNhdGlvbkJhY2tlbmQiLCJfYXV0aF91c2VyX2hhc2giOiJmOWI4MDhiZjZmZTRlY2RlN2JjOWE5MjMzOTM5ZjY1OGRlNmI3Nzk0In0=','2017-01-21 20:01:33.073630');
INSERT INTO "django_session" VALUES('pjr8fqmrmk7vogz2thige2kin1cop2m4','YTA0MTAxODc5YTc3M2U1NDdkOWM0MjIzMjM4ZTcxMDBiNWI1NDE4Yjp7ImFjY291bnRfdmVyaWZpZWRfZW1haWwiOm51bGwsImFjY291bnRfdXNlciI6ImMiLCJfYXV0aF91c2VyX2lkIjoiMTIiLCJfYXV0aF91c2VyX2JhY2tlbmQiOiJhbGxhdXRoLmFjY291bnQuYXV0aF9iYWNrZW5kcy5BdXRoZW50aWNhdGlvbkJhY2tlbmQiLCJfYXV0aF91c2VyX2hhc2giOiJiNmNkZGQ0MjJmODg3YjI3N2I3NWY0ZGE1ZDA4ZDA4MzY2NDdlMWFiIn0=','2017-01-21 20:01:34.000931');
INSERT INTO "django_session" VALUES('h73p2z2pu1xayu9qlafh49t29c9tedp2','OGFhYzkxY2YzZGZmNjBjOTk3ZDkwMmEwMzFjYWYxMWFjNTQ3YTY5OTp7ImFjY291bnRfdmVyaWZpZWRfZW1haWwiOm51bGwsImFjY291bnRfdXNlciI6ImQiLCJfYXV0aF91c2VyX2lkIjoiMTMiLCJfYXV0aF91c2VyX2JhY2tlbmQiOiJhbGxhdXRoLmFjY291bnQuYXV0aF9iYWNrZW5kcy5BdXRoZW50aWNhdGlvbkJhY2tlbmQiLCJfYXV0aF91c2VyX2hhc2giOiJhYTAxNDhlMTgxNzAxMWFhMDNkNmQwMWFjMmZhMGNiZDNhNGIzNTA2In0=','2017-01-21 20:01:34.815311');
INSERT INTO "django_session" VALUES('091clzfnn9bhqe63zr53c5f808qvzlan','OTMxNzkxNGMxNGZmZDk1YjAwOTY1NTllODZlYzc2M2U1YWQzNmZhODp7ImFjY291bnRfdmVyaWZpZWRfZW1haWwiOm51bGwsImFjY291bnRfdXNlciI6ImUiLCJfYXV0aF91c2VyX2lkIjoiMTQiLCJfYXV0aF91c2VyX2JhY2tlbmQiOiJhbGxhdXRoLmFjY291bnQuYXV0aF9iYWNrZW5kcy5BdXRoZW50aWNhdGlvbkJhY2tlbmQiLCJfYXV0aF91c2VyX2hhc2giOiI1YmFlNGQ2NmFjZTgwMTA3YWNiYjAxMjE4MDI1NGFlZjJkNDBjZTU2In0=','2017-01-21 20:01:36.060187');
INSERT INTO "django_session" VALUES('johmljttwnlzh7maqn01uf990fz6dfdh','MWFjYmM3MTAzODA2MmQ1NjIzZjlkMDU4M2VjOWJkMjFhNmE5NzA4Mzp7ImFjY291bnRfdmVyaWZpZWRfZW1haWwiOm51bGwsImFjY291bnRfdXNlciI6ImYiLCJfYXV0aF91c2VyX2lkIjoiMTUiLCJfYXV0aF91c2VyX2JhY2tlbmQiOiJhbGxhdXRoLmFjY291bnQuYXV0aF9iYWNrZW5kcy5BdXRoZW50aWNhdGlvbkJhY2tlbmQiLCJfYXV0aF91c2VyX2hhc2giOiIzZjY0NzEzOTU3ZTIxMGU4MmY0YzlhMGQxZTI0MTU0MzgyZWY3M2YzIn0=','2017-01-21 20:01:37.194318');
INSERT INTO "django_session" VALUES('8lw6az0nai2061vkr2a0rbbkwx69zlm0','MmRhZDdmZWFlOGIwNjdjZWJmMmYwMjE2Y2U5NzMxNjViODQyODBmYjp7ImFjY291bnRfdmVyaWZpZWRfZW1haWwiOm51bGwsImFjY291bnRfdXNlciI6ImciLCJfYXV0aF91c2VyX2lkIjoiMTYiLCJfYXV0aF91c2VyX2JhY2tlbmQiOiJhbGxhdXRoLmFjY291bnQuYXV0aF9iYWNrZW5kcy5BdXRoZW50aWNhdGlvbkJhY2tlbmQiLCJfYXV0aF91c2VyX2hhc2giOiI3ODk3MjhlOWRmZDMzYjZjMTczNmM1ZWU2YzQ0MWYxZTMyYWFkZjhmIn0=','2017-01-21 20:01:37.548408');
CREATE TABLE "django_site" ("id" integer NOT NULL PRIMARY KEY AUTOINCREMENT, "name" varchar(50) NOT NULL, "domain" varchar(100) NOT NULL UNIQUE);
INSERT INTO "django_site" VALUES(1,'example.com','example.com');
CREATE TABLE "gists_comment" ("id" integer NOT NULL PRIMARY KEY AUTOINCREMENT, "created" datetime NOT NULL, "email" varchar(254) NOT NULL, "text" varchar(5000) NOT NULL, "profile_id" integer NOT NULL REFERENCES "gists_profile" ("id"), "meta" varchar(5000) NOT NULL);
CREATE TABLE "gists_gistsconfiguration" ("id" integer NOT NULL PRIMARY KEY AUTOINCREMENT, "target_branch_depth" integer unsigned NOT NULL, "target_branch_count" integer unsigned NOT NULL, "branch_probability" real NOT NULL, "read_factor" integer unsigned NOT NULL, "write_factor" integer unsigned NOT NULL, "min_tokens" integer unsigned NOT NULL, "pause_period" integer unsigned NOT NULL, "experiment_work" integer unsigned NOT NULL, "training_work" integer unsigned NOT NULL, "base_credit" integer unsigned NOT NULL);
INSERT INTO "gists_gistsconfiguration" VALUES(1,5,3,0.2,1,5,10,10,10,2,0);
CREATE TABLE "gists_profile" ("id" integer NOT NULL PRIMARY KEY AUTOINCREMENT, "created" datetime NOT NULL, "mothertongue" varchar(100) NOT NULL, "trained_reformulations" bool NOT NULL, "introduced_exp_home" bool NOT NULL, "introduced_exp_play" bool NOT NULL, "introduced_play_home" bool NOT NULL, "introduced_play_play" bool NOT NULL, "prolific_id" varchar(50) NULL, "user_id" integer NOT NULL UNIQUE REFERENCES "auth_user" ("id"));
INSERT INTO "gists_profile" VALUES(1,'2017-01-07 20:01:07.754220','english',0,0,0,0,0,NULL,1);
INSERT INTO "gists_profile" VALUES(2,'2017-01-07 20:01:15.857534','english',1,1,1,0,0,NULL,2);
INSERT INTO "gists_profile" VALUES(3,'2017-01-07 20:01:17.173212','english',1,1,1,0,0,NULL,3);
INSERT INTO "gists_profile" VALUES(4,'2017-01-07 20:01:17.779203','english',1,1,1,0,0,NULL,4);
INSERT INTO "gists_profile" VALUES(5,'2017-01-07 20:01:19.440499','english',1,1,1,0,0,NULL,5);
INSERT INTO "gists_profile" VALUES(6,'2017-01-07 20:01:25.849138','english',1,1,1,0,0,NULL,6);
INSERT INTO "gists_profile" VALUES(7,'2017-01-07 20:01:26.228524','english',1,1,1,0,0,NULL,7);
INSERT INTO "gists_profile" VALUES(8,'2017-01-07 20:01:26.571727','english',1,1,1,0,0,NULL,8);
INSERT INTO "gists_profile" VALUES(9,'2017-01-07 20:01:27.310096','english',1,1,1,0,0,NULL,9);
INSERT INTO "gists_profile" VALUES(10,'2017-01-07 20:01:28.386059','english',1,1,1,0,0,NULL,10);
INSERT INTO "gists_profile" VALUES(11,'2017-01-07 20:01:36.156629','english',1,1,1,0,0,NULL,11);
INSERT INTO "gists_profile" VALUES(12,'2017-01-07 20:01:36.713291','english',1,1,1,0,0,NULL,12);
INSERT INTO "gists_profile" VALUES(13,'2017-01-07 20:01:37.672746','english',1,1,1,0,0,NULL,13);
INSERT INTO "gists_profile" VALUES(14,'2017-01-07 20:01:38.305871','english',1,1,1,0,0,NULL,14);
INSERT INTO "gists_profile" VALUES(15,'2017-01-07 20:01:38.696617','english',1,1,1,0,0,NULL,15);
INSERT INTO "gists_profile" VALUES(16,'2017-01-07 20:01:38.975415','english',1,1,1,0,0,NULL,16);
CREATE TABLE "gists_questionnaire" ("id" integer NOT NULL PRIMARY KEY AUTOINCREMENT, "created" datetime NOT NULL, "age" smallint unsigned NOT NULL, "gender" varchar(100) NOT NULL, "informed" bool NOT NULL, "informed_how" varchar(500) NOT NULL, "informed_what" varchar(500) NOT NULL, "education_level" varchar(5) NOT NULL, "education_freetext" varchar(500) NOT NULL, "job_type" varchar(5) NOT NULL, "job_freetext" varchar(500) NOT NULL, "profile_id" integer NOT NULL UNIQUE REFERENCES "gists_profile" ("id"));
INSERT INTO "gists_questionnaire" VALUES(1,'2017-01-07 20:01:29.390677',20,'other',0,'-----','-----','3','Some education','-','Some job',2);
INSERT INTO "gists_questionnaire" VALUES(2,'2017-01-07 20:01:34.106215',20,'other',0,'-----','-----','3','Some education','-','Some job',3);
INSERT INTO "gists_questionnaire" VALUES(3,'2017-01-07 20:01:34.855051',20,'other',0,'-----','-----','3','Some education','-','Some job',4);
INSERT INTO "gists_questionnaire" VALUES(4,'2017-01-07 20:01:36.625030',20,'other',0,'-----','-----','3','Some education','-','Some job',5);
INSERT INTO "gists_questionnaire" VALUES(5,'2017-01-07 20:01:41.484461',20,'other',0,'-----','-----','3','Some education','-','Some job',6);
INSERT INTO "gists_questionnaire" VALUES(6,'2017-01-07 20:01:43.641272',20,'other',0,'-----','-----','3','Some education','-','Some job',9);
INSERT INTO "gists_questionnaire" VALUES(7,'2017-01-07 20:01:43.730353',20,'other',0,'-----','-----','3','Some education','-','Some job',8);
INSERT INTO "gists_questionnaire" VALUES(8,'2017-01-07 20:01:43.789560',20,'other',0,'-----','-----','3','Some education','-','Some job',7);
INSERT INTO "gists_questionnaire" VALUES(9,'2017-01-07 20:01:46.131612',20,'other',0,'-----','-----','3','Some education','-','Some job',10);
INSERT INTO "gists_questionnaire" VALUES(10,'2017-01-07 20:01:53.271379',20,'other',0,'-----','-----','3','Some education','-','Some job',11);
INSERT INTO "gists_questionnaire" VALUES(11,'2017-01-07 20:01:55.439875',20,'other',0,'-----','-----','3','Some education','-','Some job',12);
INSERT INTO "gists_questionnaire" VALUES(12,'2017-01-07 20:01:55.590625',20,'other',0,'-----','-----','3','Some education','-','Some job',13);
INSERT INTO "gists_questionnaire" VALUES(13,'2017-01-07 20:01:56.553350',20,'other',0,'-----','-----','3','Some education','-','Some job',14);
INSERT INTO "gists_questionnaire" VALUES(14,'2017-01-07 20:01:57.556101',20,'other',0,'-----','-----','3','Some education','-','Some job',16);
INSERT INTO "gists_questionnaire" VALUES(15,'2017-01-07 20:01:57.684848',20,'other',0,'-----','-----','3','Some education','-','Some job',15);
CREATE TABLE "gists_sentence" ("id" integer NOT NULL PRIMARY KEY AUTOINCREMENT, "created" datetime NOT NULL, "text" varchar(5000) NOT NULL, "read_time_proportion" real NOT NULL, "read_time_allotted" real NOT NULL, "write_time_proportion" real NOT NULL, "write_time_allotted" real NOT NULL, "language" varchar(100) NOT NULL, "bucket" varchar(100) NOT NULL, "parent_id" integer NULL REFERENCES "gists_sentence" ("id"), "profile_id" integer NOT NULL REFERENCES "gists_profile" ("id"), "tree_id" integer NOT NULL REFERENCES "gists_tree" ("id"), "tree_as_root_id" integer NULL UNIQUE REFERENCES "gists_tree" ("id"));
INSERT INTO "gists_sentence" VALUES(1,'2017-01-07 20:01:07.754918','training root 0',0.0,0.0,0.0,0.0,'english','training',NULL,1,1,1);
INSERT INTO "gists_sentence" VALUES(2,'2017-01-07 20:01:07.755568','training root 1',0.0,0.0,0.0,0.0,'english','training',NULL,1,2,2);
INSERT INTO "gists_sentence" VALUES(3,'2017-01-07 20:01:07.756187','experiment root 0',0.0,0.0,0.0,0.0,'english','experiment',NULL,1,3,3);
INSERT INTO "gists_sentence" VALUES(4,'2017-01-07 20:01:07.756820','experiment root 1',0.0,0.0,0.0,0.0,'english','experiment',NULL,1,4,4);
INSERT INTO "gists_sentence" VALUES(5,'2017-01-07 20:01:07.757436','experiment root 2',0.0,0.0,0.0,0.0,'english','experiment',NULL,1,5,5);
INSERT INTO "gists_sentence" VALUES(6,'2017-01-07 20:01:07.758057','experiment root 3',0.0,0.0,0.0,0.0,'english','experiment',NULL,1,6,6);
INSERT INTO "gists_sentence" VALUES(7,'2017-01-07 20:01:07.758672','experiment root 4',0.0,0.0,0.0,0.0,'english','experiment',NULL,1,7,7);
INSERT INTO "gists_sentence" VALUES(8,'2017-01-07 20:01:07.759311','experiment root 5',0.0,0.0,0.0,0.0,'english','experiment',NULL,1,8,8);
INSERT INTO "gists_sentence" VALUES(9,'2017-01-07 20:01:07.759952','experiment root 6',0.0,0.0,0.0,0.0,'english','experiment',NULL,1,9,9);
INSERT INTO "gists_sentence" VALUES(10,'2017-01-07 20:01:07.760563','experiment root 7',0.0,0.0,0.0,0.0,'english','experiment',NULL,1,10,10);
INSERT INTO "gists_sentence" VALUES(11,'2017-01-07 20:01:07.761175','experiment root 8',0.0,0.0,0.0,0.0,'english','experiment',NULL,1,11,11);
INSERT INTO "gists_sentence" VALUES(12,'2017-01-07 20:01:07.761796','experiment root 9',0.0,0.0,0.0,0.0,'english','experiment',NULL,1,12,12);
INSERT INTO "gists_sentence" VALUES(13,'2017-01-07 20:02:30.099537','t1 t1 t1 t1 t1 t1 t1 t1 t1 t1',1.0,3.0,0.5622,15.0,'english','experiment',9,2,9,NULL);
INSERT INTO "gists_sentence" VALUES(14,'2017-01-07 20:02:38.102140','t7 t7 t7 t7 t7 t7 t7 t7 t7 t7',1.0,3.0,5.75733333333333319181e-01,15.0,'english','experiment',11,5,11,NULL);
INSERT INTO "gists_sentence" VALUES(15,'2017-01-07 20:02:44.135490','t14 t14 t14 t14 t14 t14 t14 t14 t14 t14',1.0,3.0,7.35666666666666690943e-01,15.0,'english','experiment',11,3,11,NULL);
INSERT INTO "gists_sentence" VALUES(16,'2017-01-07 20:02:44.887773','t10 t10 t10 t10 t10 t10 t10 t10 t10 t10',1.0,3.0,7.81133333333333346182e-01,15.0,'english','experiment',9,4,9,NULL);
INSERT INTO "gists_sentence" VALUES(17,'2017-01-07 20:02:45.850654','t5 t5 t5 t5 t5 t5 t5 t5 t5 t5',1.0,3.0,5.61066666666666713503e-01,15.0,'english','experiment',4,9,4,NULL);
INSERT INTO "gists_sentence" VALUES(18,'2017-01-07 20:02:46.602945','t1 t1 t1 t1 t1 t1 t1 t1 t1 t1',1.0,3.0,0.5962,15.0,'english','experiment',4,2,4,NULL);
INSERT INTO "gists_sentence" VALUES(19,'2017-01-07 20:02:47.884864','t6 t6 t6 t6 t6 t6 t6 t6 t6 t6',1.0,3.0,5.95333333333333380998e-01,15.0,'english','experiment',12,7,12,NULL);
INSERT INTO "gists_sentence" VALUES(20,'2017-01-07 20:02:48.402099','t4 t4 t4 t4 t4 t4 t4 t4 t4 t4',1.0,3.0,0.5442,15.0,'english','experiment',11,10,11,NULL);
INSERT INTO "gists_sentence" VALUES(21,'2017-01-07 20:02:51.635502','t8 t8 t8 t8 t8 t8 t8 t8 t8 t8',1.0,3.0,5.54333333333333344583e-01,15.0,'english','experiment',8,11,8,NULL);
INSERT INTO "gists_sentence" VALUES(22,'2017-01-07 20:02:53.467265','t7 t7 t7 t7 t7 t7 t7 t7 t7 t7',1.0,3.0,5.15133333333333331971e-01,15.0,'english','experiment',12,5,12,NULL);
INSERT INTO "gists_sentence" VALUES(23,'2017-01-07 20:02:54.482860','t11 t11 t11 t11 t11 t11 t11 t11 t11 t11',1.0,3.0,6.99466666666666680995e-01,15.0,'english','experiment',5,8,5,NULL);
INSERT INTO "gists_sentence" VALUES(24,'2017-01-07 20:02:55.838967','t2 t2 t2 t2 t2 t2 t2 t2 t2 t2',1.0,3.0,0.5264,15.0,'english','experiment',8,14,8,NULL);
INSERT INTO "gists_sentence" VALUES(25,'2017-01-07 20:02:57.855706','t0 t0 t0 t0 t0 t0 t0 t0 t0 t0',1.0,3.0,5.34466666666666645468e-01,15.0,'english','experiment',12,16,12,NULL);
INSERT INTO "gists_sentence" VALUES(26,'2017-01-07 20:02:58.689883','t3 t3 t3 t3 t3 t3 t3 t3 t3 t3',1.0,3.0,0.6136,15.0,'english','experiment',7,13,7,NULL);
INSERT INTO "gists_sentence" VALUES(27,'2017-01-07 20:02:59.738670','t12 t12 t12 t12 t12 t12 t12 t12 t12 t12',1.0,10.0,0.22842,50.0,'english','experiment',13,6,9,NULL);
INSERT INTO "gists_sentence" VALUES(28,'2017-01-07 20:02:59.886667','t9 t9 t9 t9 t9 t9 t9 t9 t9 t9',1.0,3.0,0.5858,15.0,'english','experiment',7,15,7,NULL);
INSERT INTO "gists_sentence" VALUES(29,'2017-01-07 20:03:02.291446','t5 t5 t5 t5 t5 t5 t5 t5 t5 t5',1.0,3.0,0.5654,15.0,'english','experiment',5,9,5,NULL);
INSERT INTO "gists_sentence" VALUES(30,'2017-01-07 20:03:02.673060','t1 t1 t1 t1 t1 t1 t1 t1 t1 t1',1.0,3.0,5.49266666666666680818e-01,15.0,'english','experiment',7,2,7,NULL);
INSERT INTO "gists_sentence" VALUES(31,'2017-01-07 20:03:03.015674','t6 t6 t6 t6 t6 t6 t6 t6 t6 t6',1.0,3.0,5.34133333333333348846e-01,15.0,'english','experiment',8,7,8,NULL);
INSERT INTO "gists_sentence" VALUES(32,'2017-01-07 20:03:03.316441','t10 t10 t10 t10 t10 t10 t10 t10 t10 t10',1.0,3.0,0.7382,15.0,'english','experiment',12,4,12,NULL);
INSERT INTO "gists_sentence" VALUES(33,'2017-01-07 20:03:05.699151','t13 t13 t13 t13 t13 t13 t13 t13 t13 t13',1.0,3.0,0.7108,15.0,'english','experiment',3,12,3,NULL);
INSERT INTO "gists_sentence" VALUES(34,'2017-01-07 20:03:06.215885','t8 t8 t8 t8 t8 t8 t8 t8 t8 t8',1.0,3.0,0.4878,15.0,'english','experiment',10,11,10,NULL);
INSERT INTO "gists_sentence" VALUES(35,'2017-01-07 20:03:08.902793','t14 t14 t14 t14 t14 t14 t14 t14 t14 t14',1.0,10.0,0.20378,50.0,'english','experiment',13,3,9,NULL);
INSERT INTO "gists_sentence" VALUES(36,'2017-01-07 20:03:09.339574','t4 t4 t4 t4 t4 t4 t4 t4 t4 t4',1.0,10.0,0.13446,50.0,'english','experiment',13,10,9,NULL);
INSERT INTO "gists_sentence" VALUES(37,'2017-01-07 20:03:09.929526','t2 t2 t2 t2 t2 t2 t2 t2 t2 t2',1.0,3.0,0.4378,15.0,'english','experiment',7,14,7,NULL);
INSERT INTO "gists_sentence" VALUES(38,'2017-01-07 20:03:13.487627','t3 t3 t3 t3 t3 t3 t3 t3 t3 t3',1.0,3.0,4.57733333333333325398e-01,15.0,'english','experiment',6,13,6,NULL);
INSERT INTO "gists_sentence" VALUES(39,'2017-01-07 20:03:15.800240','t7 t7 t7 t7 t7 t7 t7 t7 t7 t7',1.0,10.0,0.15102,50.0,'english','experiment',17,5,4,NULL);
INSERT INTO "gists_sentence" VALUES(40,'2017-01-07 20:03:16.222844','t5 t5 t5 t5 t5 t5 t5 t5 t5 t5',1.0,3.0,0.46,15.0,'english','experiment',3,9,3,NULL);
INSERT INTO "gists_sentence" VALUES(41,'2017-01-07 20:03:18.219904','t6 t6 t6 t6 t6 t6 t6 t6 t6 t6',1.0,3.0,0.5228,15.0,'english','experiment',10,7,10,NULL);
INSERT INTO "gists_sentence" VALUES(42,'2017-01-07 20:03:20.102391','t11 t11 t11 t11 t11 t11 t11 t11 t11 t11',1.0,10.0,0.18818,50.0,'english','experiment',22,8,12,NULL);
INSERT INTO "gists_sentence" VALUES(43,'2017-01-07 20:03:20.706846','t8 t8 t8 t8 t8 t8 t8 t8 t8 t8',1.0,3.0,5.10533333333333283476e-01,15.0,'english','experiment',9,11,9,NULL);
INSERT INTO "gists_sentence" VALUES(44,'2017-01-07 20:03:21.184454','t0 t0 t0 t0 t0 t0 t0 t0 t0 t0',1.0,10.0,0.14902,50.0,'english','experiment',23,16,5,NULL);
INSERT INTO "gists_sentence" VALUES(45,'2017-01-07 20:03:22.838937','t9 t9 t9 t9 t9 t9 t9 t9 t9 t9',1.0,10.0,0.15856,50.0,'english','experiment',14,15,11,NULL);
INSERT INTO "gists_sentence" VALUES(46,'2017-01-07 20:03:24.690901','t12 t12 t12 t12 t12 t12 t12 t12 t12 t12',1.0,10.0,0.19946,50.0,'english','experiment',14,6,11,NULL);
INSERT INTO "gists_sentence" VALUES(47,'2017-01-07 20:03:25.240344','t1 t1 t1 t1 t1 t1 t1 t1 t1 t1',1.0,10.0,0.15254,50.0,'english','experiment',21,2,8,NULL);
INSERT INTO "gists_sentence" VALUES(48,'2017-01-07 20:03:27.545226','t10 t10 t10 t10 t10 t10 t10 t10 t10 t10',1.0,10.0,0.20082,50.0,'english','experiment',21,4,8,NULL);
INSERT INTO "gists_sentence" VALUES(49,'2017-01-07 20:03:29.458070','t13 t13 t13 t13 t13 t13 t13 t13 t13 t13',1.0,10.0,0.19632,50.0,'english','experiment',21,12,8,NULL);
INSERT INTO "gists_sentence" VALUES(50,'2017-01-07 20:03:30.350039','t5 t5 t5 t5 t5 t5 t5 t5 t5 t5',1.0,3.0,4.70466666666666644136e-01,15.0,'english','experiment',9,9,9,NULL);
INSERT INTO "gists_sentence" VALUES(51,'2017-01-07 20:03:30.687481','t4 t4 t4 t4 t4 t4 t4 t4 t4 t4',1.0,10.0,0.14536,50.0,'english','experiment',17,10,4,NULL);
INSERT INTO "gists_sentence" VALUES(52,'2017-01-07 20:03:32.134524','t2 t2 t2 t2 t2 t2 t2 t2 t2 t2',1.0,10.0,0.16088,50.0,'english','experiment',33,14,3,NULL);
INSERT INTO "gists_sentence" VALUES(53,'2017-01-07 20:03:32.523516','t14 t14 t14 t14 t14 t14 t14 t14 t14 t14',1.0,10.0,0.19042,50.0,'english','experiment',21,3,8,NULL);
INSERT INTO "gists_sentence" VALUES(54,'2017-01-07 20:03:32.752026','t6 t6 t6 t6 t6 t6 t6 t6 t6 t6',1.0,3.0,4.62266666666666659057e-01,15.0,'english','experiment',3,7,3,NULL);
INSERT INTO "gists_sentence" VALUES(55,'2017-01-07 20:03:34.221782','t3 t3 t3 t3 t3 t3 t3 t3 t3 t3',1.0,10.0,0.13128,50.0,'english','experiment',33,13,3,NULL);
INSERT INTO "gists_sentence" VALUES(56,'2017-01-07 20:03:35.777925','t7 t7 t7 t7 t7 t7 t7 t7 t7 t7',1.0,10.0,0.11536,50.0,'english','experiment',34,5,10,NULL);
INSERT INTO "gists_sentence" VALUES(57,'2017-01-07 20:03:40.785668','t8 t8 t8 t8 t8 t8 t8 t8 t8 t8',1.0,10.0,0.11338,50.0,'english','experiment',14,11,11,NULL);
INSERT INTO "gists_sentence" VALUES(58,'2017-01-07 20:03:41.185228','t0 t0 t0 t0 t0 t0 t0 t0 t0 t0',1.0,10.0,0.11328,50.0,'english','experiment',21,16,8,NULL);
INSERT INTO "gists_sentence" VALUES(59,'2017-01-07 20:03:41.980323','t11 t11 t11 t11 t11 t11 t11 t11 t11 t11',1.0,10.0,0.15702,50.0,'english','experiment',18,8,4,NULL);
INSERT INTO "gists_sentence" VALUES(60,'2017-01-07 20:03:43.036637','t9 t9 t9 t9 t9 t9 t9 t9 t9 t9',1.0,10.0,0.11102,50.0,'english','experiment',27,15,9,NULL);
INSERT INTO "gists_sentence" VALUES(61,'2017-01-07 20:03:46.023015','t1 t1 t1 t1 t1 t1 t1 t1 t1 t1',1.0,10.0,0.1298,50.0,'english','experiment',40,2,3,NULL);
INSERT INTO "gists_sentence" VALUES(62,'2017-01-07 20:03:48.596551','t12 t12 t12 t12 t12 t12 t12 t12 t12 t12',1.0,10.0,0.18232,50.0,'english','experiment',47,6,8,NULL);
INSERT INTO "gists_sentence" VALUES(63,'2017-01-07 20:03:51.954464','t10 t10 t10 t10 t10 t10 t10 t10 t10 t10',1.0,10.0,0.20286,50.0,'english','experiment',45,4,11,NULL);
INSERT INTO "gists_sentence" VALUES(64,'2017-01-07 20:03:52.501870','t5 t5 t5 t5 t5 t5 t5 t5 t5 t5',1.0,10.0,0.15668,50.0,'english','experiment',38,9,6,NULL);
INSERT INTO "gists_sentence" VALUES(65,'2017-01-07 20:03:52.953949','t13 t13 t13 t13 t13 t13 t13 t13 t13 t13',1.0,10.0,0.1924,50.0,'english','experiment',34,12,10,NULL);
INSERT INTO "gists_sentence" VALUES(66,'2017-01-07 20:03:53.383670','t4 t4 t4 t4 t4 t4 t4 t4 t4 t4',1.0,10.0,0.17032,50.0,'english','experiment',40,10,3,NULL);
INSERT INTO "gists_sentence" VALUES(67,'2017-01-07 20:03:53.467493','t2 t2 t2 t2 t2 t2 t2 t2 t2 t2',1.0,10.0,0.15592,50.0,'english','experiment',41,14,10,NULL);
INSERT INTO "gists_sentence" VALUES(68,'2017-01-07 20:03:54.340289','t6 t6 t6 t6 t6 t6 t6 t6 t6 t6',1.0,10.0,0.1526,50.0,'english','experiment',39,7,4,NULL);
INSERT INTO "gists_sentence" VALUES(69,'2017-01-07 20:03:55.434594','t3 t3 t3 t3 t3 t3 t3 t3 t3 t3',1.0,10.0,0.13972,50.0,'english','experiment',47,13,8,NULL);
INSERT INTO "gists_sentence" VALUES(70,'2017-01-07 20:03:56.297371','t14 t14 t14 t14 t14 t14 t14 t14 t14 t14',1.0,10.0,0.20664,50.0,'english','experiment',39,3,4,NULL);
INSERT INTO "gists_sentence" VALUES(71,'2017-01-07 20:03:56.415658','t7 t7 t7 t7 t7 t7 t7 t7 t7 t7',1.0,10.0,0.146,50.0,'english','experiment',38,5,6,NULL);
INSERT INTO "gists_sentence" VALUES(72,'2017-01-07 20:04:01.671686','t0 t0 t0 t0 t0 t0 t0 t0 t0 t0',1.0,10.0,0.12146,50.0,'english','experiment',39,16,4,NULL);
INSERT INTO "gists_sentence" VALUES(73,'2017-01-07 20:04:01.804099','t8 t8 t8 t8 t8 t8 t8 t8 t8 t8',1.0,10.0,0.12792,50.0,'english','experiment',29,11,5,NULL);
INSERT INTO "gists_sentence" VALUES(74,'2017-01-07 20:04:02.767378','t9 t9 t9 t9 t9 t9 t9 t9 t9 t9',1.0,10.0,0.11938,50.0,'english','experiment',24,15,8,NULL);
INSERT INTO "gists_sentence" VALUES(75,'2017-01-07 20:04:04.985039','t11 t11 t11 t11 t11 t11 t11 t11 t11 t11',1.0,10.0,0.18086,50.0,'english','experiment',24,8,8,NULL);
INSERT INTO "gists_sentence" VALUES(76,'2017-01-07 20:04:06.289227','t1 t1 t1 t1 t1 t1 t1 t1 t1 t1',1.0,10.0,0.11648,50.0,'english','experiment',56,2,10,NULL);
INSERT INTO "gists_sentence" VALUES(77,'2017-01-07 20:04:07.349818','t6 t6 t6 t6 t6 t6 t6 t6 t6 t6',1.0,3.0,3.98533333333333350534e-01,15.0,'english','experiment',6,7,6,NULL);
INSERT INTO "gists_sentence" VALUES(78,'2017-01-07 20:04:11.602169','t12 t12 t12 t12 t12 t12 t12 t12 t12 t12',1.0,10.0,0.17484,50.0,'english','experiment',56,6,10,NULL);
INSERT INTO "gists_sentence" VALUES(79,'2017-01-07 20:04:15.937631','t5 t5 t5 t5 t5 t5 t5 t5 t5 t5',1.0,10.0,0.17384,50.0,'english','experiment',24,9,8,NULL);
INSERT INTO "gists_sentence" VALUES(80,'2017-01-07 20:04:16.083922','t4 t4 t4 t4 t4 t4 t4 t4 t4 t4',1.0,10.0,0.1636,50.0,'english','experiment',29,10,5,NULL);
INSERT INTO "gists_sentence" VALUES(81,'2017-01-07 20:04:16.802825','t2 t2 t2 t2 t2 t2 t2 t2 t2 t2',1.0,10.0,0.16436,50.0,'english','experiment',29,14,5,NULL);
INSERT INTO "gists_sentence" VALUES(82,'2017-01-07 20:04:17.353593','t8 t8 t8 t8 t8 t8 t8 t8 t8 t8',1.0,3.0,5.60866666666666624507e-01,15.0,'english','experiment',4,11,4,NULL);
INSERT INTO "gists_sentence" VALUES(83,'2017-01-07 20:04:17.470149','t3 t3 t3 t3 t3 t3 t3 t3 t3 t3',1.0,10.0,0.16182,50.0,'english','experiment',29,13,5,NULL);
INSERT INTO "gists_sentence" VALUES(84,'2017-01-07 20:04:17.562827','t10 t10 t10 t10 t10 t10 t10 t10 t10 t10',1.0,10.0,0.20994,50.0,'english','experiment',61,4,3,NULL);
INSERT INTO "gists_sentence" VALUES(85,'2017-01-07 20:04:18.502986','t7 t7 t7 t7 t7 t7 t7 t7 t7 t7',1.0,10.0,0.1484,50.0,'english','experiment',24,5,8,NULL);
INSERT INTO "gists_sentence" VALUES(86,'2017-01-07 20:04:18.567068','t13 t13 t13 t13 t13 t13 t13 t13 t13 t13',1.0,10.0,0.20972,50.0,'english','experiment',15,12,11,NULL);
INSERT INTO "gists_sentence" VALUES(87,'2017-01-07 20:04:20.117133','t14 t14 t14 t14 t14 t14 t14 t14 t14 t14',1.0,10.0,0.19292,50.0,'english','experiment',64,3,6,NULL);
INSERT INTO "gists_sentence" VALUES(88,'2017-01-07 20:04:22.150230','t0 t0 t0 t0 t0 t0 t0 t0 t0 t0',1.0,10.0,0.1297,50.0,'english','experiment',15,16,11,NULL);
INSERT INTO "gists_sentence" VALUES(89,'2017-01-07 20:04:22.554100','t9 t9 t9 t9 t9 t9 t9 t9 t9 t9',1.0,10.0,0.11768,50.0,'english','experiment',61,15,3,NULL);
INSERT INTO "gists_sentence" VALUES(90,'2017-01-07 20:04:25.694360','t1 t1 t1 t1 t1 t1 t1 t1 t1 t1',1.0,10.0,0.11208,50.0,'english','experiment',64,2,6,NULL);
INSERT INTO "gists_sentence" VALUES(91,'2017-01-07 20:04:26.350088','t11 t11 t11 t11 t11 t11 t11 t11 t11 t11',1.0,10.0,0.14736,50.0,'english','experiment',67,8,10,NULL);
INSERT INTO "gists_sentence" VALUES(92,'2017-01-07 20:04:27.079225','t6 t6 t6 t6 t6 t6 t6 t6 t6 t6',1.0,10.0,0.1051,50.0,'english','experiment',15,7,11,NULL);
INSERT INTO "gists_sentence" VALUES(93,'2017-01-07 20:04:32.451672','t13 t13 t13 t13 t13 t13 t13 t13 t13 t13',1.0,3.0,0.4432,15.0,'english','experiment',5,12,5,NULL);
INSERT INTO "gists_sentence" VALUES(94,'2017-01-07 20:04:33.012986','t12 t12 t12 t12 t12 t12 t12 t12 t12 t12',1.0,10.0,0.14122,50.0,'english','experiment',68,6,4,NULL);
INSERT INTO "gists_sentence" VALUES(95,'2017-01-07 20:04:38.894807','t5 t5 t5 t5 t5 t5 t5 t5 t5 t5',1.0,10.0,0.15834,50.0,'english','experiment',76,9,10,NULL);
INSERT INTO "gists_sentence" VALUES(96,'2017-01-07 20:04:39.808444','t4 t4 t4 t4 t4 t4 t4 t4 t4 t4',1.0,10.0,0.16786,50.0,'english','experiment',74,10,8,NULL);
INSERT INTO "gists_sentence" VALUES(97,'2017-01-07 20:04:39.936851','t2 t2 t2 t2 t2 t2 t2 t2 t2 t2',1.0,10.0,0.15998,50.0,'english','experiment',59,14,4,NULL);
INSERT INTO "gists_sentence" VALUES(98,'2017-01-07 20:04:40.949140','t3 t3 t3 t3 t3 t3 t3 t3 t3 t3',1.0,10.0,0.1648,50.0,'english','experiment',59,13,4,NULL);
INSERT INTO "gists_sentence" VALUES(99,'2017-01-07 20:04:41.069782','t8 t8 t8 t8 t8 t8 t8 t8 t8 t8',1.0,10.0,0.16592,50.0,'english','experiment',84,11,3,NULL);
INSERT INTO "gists_sentence" VALUES(100,'2017-01-07 20:04:41.183175','t7 t7 t7 t7 t7 t7 t7 t7 t7 t7',1.0,10.0,0.16292,50.0,'english','experiment',44,5,5,NULL);
INSERT INTO "gists_sentence" VALUES(101,'2017-01-07 20:04:42.809514','t10 t10 t10 t10 t10 t10 t10 t10 t10 t10',1.0,10.0,0.20682,50.0,'english','experiment',64,4,6,NULL);
INSERT INTO "gists_sentence" VALUES(102,'2017-01-07 20:04:43.910765','t0 t0 t0 t0 t0 t0 t0 t0 t0 t0',1.0,10.0,0.16016,50.0,'english','experiment',84,16,3,NULL);
INSERT INTO "gists_sentence" VALUES(103,'2017-01-07 20:04:44.145186','t14 t14 t14 t14 t14 t14 t14 t14 t14 t14',1.0,10.0,0.20496,50.0,'english','experiment',84,3,3,NULL);
INSERT INTO "gists_sentence" VALUES(104,'2017-01-07 20:04:44.419432','t9 t9 t9 t9 t9 t9 t9 t9 t9 t9',1.0,10.0,0.15888,50.0,'english','experiment',59,15,4,NULL);
INSERT INTO "gists_sentence" VALUES(105,'2017-01-07 20:04:46.098941','t1 t1 t1 t1 t1 t1 t1 t1 t1 t1',1.0,10.0,0.13546,50.0,'english','experiment',86,2,11,NULL);
INSERT INTO "gists_sentence" VALUES(106,'2017-01-07 20:04:46.828930','t6 t6 t6 t6 t6 t6 t6 t6 t6 t6',1.0,10.0,0.12682,50.0,'english','experiment',73,7,5,NULL);
INSERT INTO "gists_sentence" VALUES(107,'2017-01-07 20:04:48.296305','t11 t11 t11 t11 t11 t11 t11 t11 t11 t11',1.0,10.0,0.16838,50.0,'english','experiment',84,8,3,NULL);
INSERT INTO "gists_sentence" VALUES(108,'2017-01-07 20:04:52.378033','t13 t13 t13 t13 t13 t13 t13 t13 t13 t13',1.0,10.0,0.12,50.0,'english','experiment',59,12,4,NULL);
INSERT INTO "gists_sentence" VALUES(109,'2017-01-07 20:04:53.401084','t12 t12 t12 t12 t12 t12 t12 t12 t12 t12',1.0,10.0,0.11942,50.0,'english','experiment',73,6,5,NULL);
INSERT INTO "gists_sentence" VALUES(110,'2017-01-07 20:04:58.217101','t14 t14 t14 t14 t14 t14 t14 t14 t14 t14',1.0,3.0,5.06533333333333279924e-01,15.0,'english','experiment',10,3,10,NULL);
INSERT INTO "gists_sentence" VALUES(111,'2017-01-07 20:05:02.580810','t4 t4 t4 t4 t4 t4 t4 t4 t4 t4',1.0,10.0,0.15046,50.0,'english','experiment',87,10,6,NULL);
INSERT INTO "gists_sentence" VALUES(112,'2017-01-07 20:05:03.342756','t5 t5 t5 t5 t5 t5 t5 t5 t5 t5',1.0,10.0,0.16334,50.0,'english','experiment',20,9,11,NULL);
INSERT INTO "gists_sentence" VALUES(113,'2017-01-07 20:05:03.909414','t2 t2 t2 t2 t2 t2 t2 t2 t2 t2',1.0,10.0,0.16594,50.0,'english','experiment',20,14,11,NULL);
INSERT INTO "gists_sentence" VALUES(114,'2017-01-07 20:05:04.748889','t3 t3 t3 t3 t3 t3 t3 t3 t3 t3',1.0,10.0,0.16796,50.0,'english','experiment',95,13,10,NULL);
INSERT INTO "gists_sentence" VALUES(115,'2017-01-07 20:05:05.063706','t7 t7 t7 t7 t7 t7 t7 t7 t7 t7',1.0,10.0,0.17868,50.0,'english','experiment',54,5,3,NULL);
INSERT INTO "gists_sentence" VALUES(116,'2017-01-07 20:05:05.182593','t8 t8 t8 t8 t8 t8 t8 t8 t8 t8',1.0,10.0,0.177,50.0,'english','experiment',87,11,6,NULL);
INSERT INTO "gists_sentence" VALUES(117,'2017-01-07 20:05:06.902852','t0 t0 t0 t0 t0 t0 t0 t0 t0 t0',1.0,10.0,0.17172,50.0,'english','experiment',87,16,6,NULL);
INSERT INTO "gists_sentence" VALUES(118,'2017-01-07 20:05:07.262411','t9 t9 t9 t9 t9 t9 t9 t9 t9 t9',1.0,10.0,0.17234,50.0,'english','experiment',91,15,10,NULL);
INSERT INTO "gists_sentence" VALUES(119,'2017-01-07 20:05:07.404616','t10 t10 t10 t10 t10 t10 t10 t10 t10 t10',1.0,10.0,0.20832,50.0,'english','experiment',93,4,5,NULL);
INSERT INTO "gists_sentence" VALUES(120,'2017-01-07 20:05:08.725917','t1 t1 t1 t1 t1 t1 t1 t1 t1 t1',1.0,10.0,0.16764,50.0,'english','experiment',93,2,5,NULL);
INSERT INTO "gists_sentence" VALUES(121,'2017-01-07 20:05:08.875771','t6 t6 t6 t6 t6 t6 t6 t6 t6 t6',1.0,10.0,0.15474,50.0,'english','experiment',43,7,9,NULL);
INSERT INTO "gists_sentence" VALUES(122,'2017-01-07 20:05:09.037527','t13 t13 t13 t13 t13 t13 t13 t13 t13 t13',1.0,3.0,0.6602,15.0,'english','experiment',6,12,6,NULL);
INSERT INTO "gists_sentence" VALUES(123,'2017-01-07 20:05:10.415867','t11 t11 t11 t11 t11 t11 t11 t11 t11 t11',1.0,10.0,0.17382,50.0,'english','experiment',77,8,6,NULL);
INSERT INTO "gists_sentence" VALUES(124,'2017-01-07 20:05:13.218841','t12 t12 t12 t12 t12 t12 t12 t12 t12 t12',1.0,10.0,0.12082,50.0,'english','experiment',54,6,3,NULL);
INSERT INTO "gists_sentence" VALUES(125,'2017-01-07 20:05:17.999689','t14 t14 t14 t14 t14 t14 t14 t14 t14 t14',1.0,10.0,0.11198,50.0,'english','experiment',93,3,5,NULL);
INSERT INTO "gists_sentence" VALUES(126,'2017-01-07 20:05:24.216604','t4 t4 t4 t4 t4 t4 t4 t4 t4 t4',1.0,10.0,0.12846,50.0,'english','experiment',110,10,10,NULL);
INSERT INTO "gists_sentence" VALUES(127,'2017-01-07 20:05:28.167093','t2 t2 t2 t2 t2 t2 t2 t2 t2 t2',1.0,10.0,0.1704,50.0,'english','experiment',77,14,6,NULL);
INSERT INTO "gists_sentence" VALUES(128,'2017-01-07 20:05:28.882801','t5 t5 t5 t5 t5 t5 t5 t5 t5 t5',1.0,10.0,0.17504,50.0,'english','experiment',30,9,7,NULL);
INSERT INTO "gists_sentence" VALUES(129,'2017-01-07 20:05:29.368476','t3 t3 t3 t3 t3 t3 t3 t3 t3 t3',1.0,10.0,0.1777,50.0,'english','experiment',112,13,11,NULL);
INSERT INTO "gists_sentence" VALUES(130,'2017-01-07 20:05:30.450309','t0 t0 t0 t0 t0 t0 t0 t0 t0 t0',1.0,10.0,0.17454,50.0,'english','experiment',118,16,10,NULL);
INSERT INTO "gists_sentence" VALUES(131,'2017-01-07 20:05:30.862944','t8 t8 t8 t8 t8 t8 t8 t8 t8 t8',1.0,10.0,0.1834,50.0,'english','experiment',19,11,12,NULL);
INSERT INTO "gists_sentence" VALUES(132,'2017-01-07 20:05:31.561024','t9 t9 t9 t9 t9 t9 t9 t9 t9 t9',1.0,10.0,0.18696,50.0,'english','experiment',119,15,5,NULL);
INSERT INTO "gists_sentence" VALUES(133,'2017-01-07 20:05:31.682300','t7 t7 t7 t7 t7 t7 t7 t7 t7 t7',1.0,10.0,0.1956,50.0,'english','experiment',60,5,9,NULL);
INSERT INTO "gists_sentence" VALUES(134,'2017-01-07 20:05:31.746025','t1 t1 t1 t1 t1 t1 t1 t1 t1 t1',1.0,10.0,0.17776,50.0,'english','experiment',19,2,12,NULL);
INSERT INTO "gists_sentence" VALUES(135,'2017-01-07 20:05:31.795812','t6 t6 t6 t6 t6 t6 t6 t6 t6 t6',1.0,10.0,0.18262,50.0,'english','experiment',30,7,7,NULL);
INSERT INTO "gists_sentence" VALUES(136,'2017-01-07 20:05:33.132967','t10 t10 t10 t10 t10 t10 t10 t10 t10 t10',1.0,10.0,0.21632,50.0,'english','experiment',118,4,10,NULL);
INSERT INTO "gists_sentence" VALUES(137,'2017-01-07 20:05:33.661985','t13 t13 t13 t13 t13 t13 t13 t13 t13 t13',1.0,10.0,0.2154,50.0,'english','experiment',25,12,12,NULL);
INSERT INTO "gists_sentence" VALUES(138,'2017-01-07 20:05:33.732317','t11 t11 t11 t11 t11 t11 t11 t11 t11 t11',1.0,10.0,0.19406,50.0,'english','experiment',112,8,11,NULL);
INSERT INTO "gists_sentence" VALUES(139,'2017-01-07 20:05:35.265046','t12 t12 t12 t12 t12 t12 t12 t12 t12 t12',1.0,10.0,0.17254,50.0,'english','experiment',122,6,6,NULL);
INSERT INTO "gists_sentence" VALUES(140,'2017-01-07 20:05:37.513743','t14 t14 t14 t14 t14 t14 t14 t14 t14 t14',1.0,10.0,0.11924,50.0,'english','experiment',30,3,7,NULL);
INSERT INTO "gists_sentence" VALUES(141,'2017-01-07 20:05:42.586476','t4 t4 t4 t4 t4 t4 t4 t4 t4 t4',1.0,10.0,0.07942,50.0,'english','experiment',26,10,7,NULL);
INSERT INTO "gists_sentence" VALUES(142,'2017-01-07 20:05:49.425665','t2 t2 t2 t2 t2 t2 t2 t2 t2 t2',1.0,10.0,0.11858,50.0,'english','experiment',42,14,12,NULL);
INSERT INTO "gists_sentence" VALUES(143,'2017-01-07 20:05:51.331150','t5 t5 t5 t5 t5 t5 t5 t5 t5 t5',1.0,10.0,0.12834,50.0,'english','experiment',42,9,12,NULL);
INSERT INTO "gists_sentence" VALUES(144,'2017-01-07 20:05:52.275418','t3 t3 t3 t3 t3 t3 t3 t3 t3 t3',1.0,10.0,0.13582,50.0,'english','experiment',32,13,12,NULL);
INSERT INTO "gists_sentence" VALUES(145,'2017-01-07 20:05:52.827600','t0 t0 t0 t0 t0 t0 t0 t0 t0 t0',1.0,10.0,0.13818,50.0,'english','experiment',16,16,9,NULL);
INSERT INTO "gists_sentence" VALUES(146,'2017-01-07 20:05:53.273995','t9 t9 t9 t9 t9 t9 t9 t9 t9 t9',1.0,10.0,0.1483,50.0,'english','experiment',111,15,6,NULL);
INSERT INTO "gists_sentence" VALUES(147,'2017-01-07 20:05:53.798233','t8 t8 t8 t8 t8 t8 t8 t8 t8 t8',1.0,10.0,0.15402,50.0,'english','experiment',28,11,7,NULL);
INSERT INTO "gists_sentence" VALUES(148,'2017-01-07 20:05:54.027589','t7 t7 t7 t7 t7 t7 t7 t7 t7 t7',1.0,10.0,0.15368,50.0,'english','experiment',28,5,7,NULL);
INSERT INTO "gists_sentence" VALUES(149,'2017-01-07 20:05:55.199244','t10 t10 t10 t10 t10 t10 t10 t10 t10 t10',1.0,10.0,0.17638,50.0,'english','experiment',94,4,4,NULL);
INSERT INTO "gists_sentence" VALUES(150,'2017-01-07 20:05:55.710468','t13 t13 t13 t13 t13 t13 t13 t13 t13 t13',1.0,10.0,0.17672,50.0,'english','experiment',28,12,7,NULL);
INSERT INTO "gists_sentence" VALUES(151,'2017-01-07 20:05:55.934784','t11 t11 t11 t11 t11 t11 t11 t11 t11 t11',1.0,10.0,0.17656,50.0,'english','experiment',16,8,9,NULL);
INSERT INTO "gists_sentence" VALUES(152,'2017-01-07 20:05:56.435326','t12 t12 t12 t12 t12 t12 t12 t12 t12 t12',1.0,10.0,0.1557,50.0,'english','experiment',28,6,7,NULL);
INSERT INTO "gists_sentence" VALUES(153,'2017-01-07 20:05:57.747542','t14 t14 t14 t14 t14 t14 t14 t14 t14 t14',1.0,10.0,0.13766,50.0,'english','experiment',32,3,12,NULL);
INSERT INTO "gists_sentence" VALUES(154,'2017-01-07 20:05:59.816022','t4 t4 t4 t4 t4 t4 t4 t4 t4 t4',1.0,10.0,0.07498,50.0,'english','experiment',42,10,12,NULL);
INSERT INTO "gists_sentence" VALUES(155,'2017-01-07 20:06:07.540004','t2 t2 t2 t2 t2 t2 t2 t2 t2 t2',1.0,10.0,0.07346,50.0,'english','experiment',50,14,9,NULL);
INSERT INTO "gists_sentence" VALUES(156,'2017-01-07 20:06:10.691999','t3 t3 t3 t3 t3 t3 t3 t3 t3 t3',1.0,10.0,0.07884,50.0,'english','experiment',145,13,9,NULL);
INSERT INTO "gists_sentence" VALUES(157,'2017-01-07 20:06:11.229170','t0 t0 t0 t0 t0 t0 t0 t0 t0 t0',1.0,10.0,0.07936,50.0,'english','experiment',37,16,7,NULL);
INSERT INTO "gists_sentence" VALUES(158,'2017-01-07 20:06:11.468095','t9 t9 t9 t9 t9 t9 t9 t9 t9 t9',1.0,10.0,0.0805,50.0,'english','experiment',142,15,12,NULL);
INSERT INTO "gists_sentence" VALUES(159,'2017-01-07 20:06:14.351114','t10 t10 t10 t10 t10 t10 t10 t10 t10 t10',1.0,10.0,0.12002,50.0,'english','experiment',147,4,7,NULL);
INSERT INTO "gists_sentence" VALUES(160,'2017-01-07 20:06:14.880800','t13 t13 t13 t13 t13 t13 t13 t13 t13 t13',1.0,10.0,0.1186,50.0,'english','experiment',50,12,9,NULL);
INSERT INTO "gists_sentence" VALUES(161,'2017-01-07 20:06:15.115411','t11 t11 t11 t11 t11 t11 t11 t11 t11 t11',1.0,10.0,0.11868,50.0,'english','experiment',147,8,7,NULL);
INSERT INTO "gists_sentence" VALUES(162,'2017-01-07 20:06:15.633297','t12 t12 t12 t12 t12 t12 t12 t12 t12 t12',1.0,10.0,0.11866,50.0,'english','experiment',144,6,12,NULL);
CREATE TABLE "gists_tree" ("id" integer NOT NULL PRIMARY KEY AUTOINCREMENT, "created" datetime NOT NULL);
INSERT INTO "gists_tree" VALUES(1,'2017-01-07 20:01:07.754573');
INSERT INTO "gists_tree" VALUES(2,'2017-01-07 20:01:07.755279');
INSERT INTO "gists_tree" VALUES(3,'2017-01-07 20:01:07.755903');
INSERT INTO "gists_tree" VALUES(4,'2017-01-07 20:01:07.756534');
INSERT INTO "gists_tree" VALUES(5,'2017-01-07 20:01:07.757151');
INSERT INTO "gists_tree" VALUES(6,'2017-01-07 20:01:07.757766');
INSERT INTO "gists_tree" VALUES(7,'2017-01-07 20:01:07.758386');
INSERT INTO "gists_tree" VALUES(8,'2017-01-07 20:01:07.759002');
INSERT INTO "gists_tree" VALUES(9,'2017-01-07 20:01:07.759663');
INSERT INTO "gists_tree" VALUES(10,'2017-01-07 20:01:07.760282');
INSERT INTO "gists_tree" VALUES(11,'2017-01-07 20:01:07.760893');
INSERT INTO "gists_tree" VALUES(12,'2017-01-07 20:01:07.761511');
CREATE TABLE "gists_wordspan" ("id" integer NOT NULL PRIMARY KEY AUTOINCREMENT, "created" datetime NOT NULL, "span" smallint unsigned NOT NULL, "score" smallint unsigned NOT NULL, "profile_id" integer NOT NULL UNIQUE REFERENCES "gists_profile" ("id"));
CREATE TABLE "socialaccount_socialaccount" ("id" integer NOT NULL PRIMARY KEY AUTOINCREMENT, "provider" varchar(30) NOT NULL, "last_login" datetime NOT NULL, "date_joined" datetime NOT NULL, "extra_data" text NOT NULL, "user_id" integer NOT NULL REFERENCES "auth_user" ("id"), "uid" varchar(191) NOT NULL);
CREATE TABLE "socialaccount_socialapp" ("id" integer NOT NULL PRIMARY KEY AUTOINCREMENT, "provider" varchar(30) NOT NULL, "name" varchar(40) NOT NULL, "client_id" varchar(191) NOT NULL, "key" varchar(191) NOT NULL, "secret" varchar(191) NOT NULL);
CREATE TABLE "socialaccount_socialapp_sites" ("id" integer NOT NULL PRIMARY KEY AUTOINCREMENT, "socialapp_id" integer NOT NULL REFERENCES "socialaccount_socialapp" ("id"), "site_id" integer NOT NULL REFERENCES "django_site" ("id"));
CREATE TABLE "socialaccount_socialtoken" ("id" integer NOT NULL PRIMARY KEY AUTOINCREMENT, "token" text NOT NULL, "token_secret" text NOT NULL, "expires_at" datetime NULL, "account_id" integer NOT NULL REFERENCES "socialaccount_socialaccount" ("id"), "app_id" integer NOT NULL REFERENCES "socialaccount_socialapp" ("id"));
DELETE FROM "sqlite_sequence";
INSERT INTO "sqlite_sequence" VALUES('django_migrations',21);
INSERT INTO "sqlite_sequence" VALUES('account_emailaddress',15);
INSERT INTO "sqlite_sequence" VALUES('django_admin_log',0);
INSERT INTO "sqlite_sequence" VALUES('django_content_type',21);
INSERT INTO "sqlite_sequence" VALUES('auth_permission',63);
INSERT INTO "sqlite_sequence" VALUES('auth_user',16);
INSERT INTO "sqlite_sequence" VALUES('gists_sentence',162);
INSERT INTO "sqlite_sequence" VALUES('gists_comment',0);
INSERT INTO "sqlite_sequence" VALUES('django_site',1);
INSERT INTO "sqlite_sequence" VALUES('socialaccount_socialtoken',0);
INSERT INTO "sqlite_sequence" VALUES('socialaccount_socialaccount',0);
INSERT INTO "sqlite_sequence" VALUES('socialaccount_socialapp',0);
INSERT INTO "sqlite_sequence" VALUES('gists_gistsconfiguration',1);
INSERT INTO "sqlite_sequence" VALUES('gists_profile',16);
INSERT INTO "sqlite_sequence" VALUES('gists_tree',12);
INSERT INTO "sqlite_sequence" VALUES('account_emailconfirmation',15);
INSERT INTO "sqlite_sequence" VALUES('gists_questionnaire',15);
CREATE UNIQUE INDEX "auth_group_permissions_group_id_0cd325b0_uniq" ON "auth_group_permissions" ("group_id", "permission_id");
CREATE INDEX "auth_group_permissions_0e939a4f" ON "auth_group_permissions" ("group_id");
CREATE INDEX "auth_group_permissions_8373b171" ON "auth_group_permissions" ("permission_id");
CREATE UNIQUE INDEX "auth_user_groups_user_id_94350c0c_uniq" ON "auth_user_groups" ("user_id", "group_id");
CREATE INDEX "auth_user_groups_e8701ad4" ON "auth_user_groups" ("user_id");
CREATE INDEX "auth_user_groups_0e939a4f" ON "auth_user_groups" ("group_id");
CREATE UNIQUE INDEX "auth_user_user_permissions_user_id_14a6b632_uniq" ON "auth_user_user_permissions" ("user_id", "permission_id");
CREATE INDEX "auth_user_user_permissions_e8701ad4" ON "auth_user_user_permissions" ("user_id");
CREATE INDEX "auth_user_user_permissions_8373b171" ON "auth_user_user_permissions" ("permission_id");
CREATE INDEX "account_emailconfirmation_6f1edeac" ON "account_emailconfirmation" ("email_address_id");
CREATE INDEX "account_emailaddress_e8701ad4" ON "account_emailaddress" ("user_id");
CREATE INDEX "django_admin_log_417f1b1c" ON "django_admin_log" ("content_type_id");
CREATE INDEX "django_admin_log_e8701ad4" ON "django_admin_log" ("user_id");
CREATE UNIQUE INDEX "django_content_type_app_label_76bd3d3b_uniq" ON "django_content_type" ("app_label", "model");
CREATE UNIQUE INDEX "auth_permission_content_type_id_01ab375a_uniq" ON "auth_permission" ("content_type_id", "codename");
CREATE INDEX "auth_permission_417f1b1c" ON "auth_permission" ("content_type_id");
CREATE INDEX "gists_sentence_6be37982" ON "gists_sentence" ("parent_id");
CREATE INDEX "gists_sentence_83a0eb3f" ON "gists_sentence" ("profile_id");
CREATE INDEX "gists_sentence_656442a0" ON "gists_sentence" ("tree_id");
CREATE INDEX "gists_comment_83a0eb3f" ON "gists_comment" ("profile_id");
CREATE INDEX "django_session_de54fa62" ON "django_session" ("expire_date");
CREATE UNIQUE INDEX "socialaccount_socialapp_sites_socialapp_id_71a9a768_uniq" ON "socialaccount_socialapp_sites" ("socialapp_id", "site_id");
CREATE INDEX "socialaccount_socialapp_sites_fe95b0a0" ON "socialaccount_socialapp_sites" ("socialapp_id");
CREATE INDEX "socialaccount_socialapp_sites_9365d6e7" ON "socialaccount_socialapp_sites" ("site_id");
CREATE UNIQUE INDEX "socialaccount_socialtoken_app_id_fca4e0ac_uniq" ON "socialaccount_socialtoken" ("app_id", "account_id");
CREATE INDEX "socialaccount_socialtoken_8a089c2a" ON "socialaccount_socialtoken" ("account_id");
CREATE INDEX "socialaccount_socialtoken_f382adfe" ON "socialaccount_socialtoken" ("app_id");
CREATE UNIQUE INDEX "socialaccount_socialaccount_provider_fc810c6e_uniq" ON "socialaccount_socialaccount" ("provider", "uid");
CREATE INDEX "socialaccount_socialaccount_e8701ad4" ON "socialaccount_socialaccount" ("user_id");
COMMIT;
