[{"model": "gists.gistsconfiguration", "pk": 1, "fields": {"target_branch_depth": 5, "target_branch_count": 2, "branch_probability": 0.8, "read_factor": 1.0, "write_factor": 5.0, "min_tokens": 10, "pause_period": 10, "jabberwocky_mode": false, "heartbeat": 10, "heartbeat_margin": 10, "experiment_work": 10, "training_work": 2, "base_credit": 0}}, {"model": "gists.sentence", "pk": 1, "fields": {"created": "2017-03-03T19:02:27.240Z", "tree": 1, "profile": 1, "parent": null, "tree_as_root": 1, "text": "training root 0 with more text to reach the limit", "read_time_proportion": 0.0, "read_time_allotted": 0.0, "write_time_proportion": 0.0, "write_time_allotted": 0.0, "language": "english", "bucket": "training"}}, {"model": "gists.sentence", "pk": 2, "fields": {"created": "2017-03-03T19:02:27.307Z", "tree": 2, "profile": 1, "parent": null, "tree_as_root": 2, "text": "training root 1 with more text to reach the limit", "read_time_proportion": 0.0, "read_time_allotted": 0.0, "write_time_proportion": 0.0, "write_time_allotted": 0.0, "language": "english", "bucket": "training"}}, {"model": "gists.sentence", "pk": 3, "fields": {"created": "2017-03-03T19:02:27.373Z", "tree": 3, "profile": 1, "parent": null, "tree_as_root": 3, "text": "experiment root 0 with more text to reach the limit", "read_time_proportion": 0.0, "read_time_allotted": 0.0, "write_time_proportion": 0.0, "write_time_allotted": 0.0, "language": "english", "bucket": "experiment"}}, {"model": "gists.sentence", "pk": 4, "fields": {"created": "2017-03-03T19:02:27.486Z", "tree": 4, "profile": 1, "parent": null, "tree_as_root": 4, "text": "experiment root 1 with more text to reach the limit", "read_time_proportion": 0.0, "read_time_allotted": 0.0, "write_time_proportion": 0.0, "write_time_allotted": 0.0, "language": "english", "bucket": "experiment"}}, {"model": "gists.sentence", "pk": 5, "fields": {"created": "2017-03-03T19:02:27.607Z", "tree": 5, "profile": 1, "parent": null, "tree_as_root": 5, "text": "experiment root 2 with more text to reach the limit", "read_time_proportion": 0.0, "read_time_allotted": 0.0, "write_time_proportion": 0.0, "write_time_allotted": 0.0, "language": "english", "bucket": "experiment"}}, {"model": "gists.sentence", "pk": 6, "fields": {"created": "2017-03-03T19:02:27.658Z", "tree": 6, "profile": 1, "parent": null, "tree_as_root": 6, "text": "experiment root 3 with more text to reach the limit", "read_time_proportion": 0.0, "read_time_allotted": 0.0, "write_time_proportion": 0.0, "write_time_allotted": 0.0, "language": "english", "bucket": "experiment"}}, {"model": "gists.sentence", "pk": 7, "fields": {"created": "2017-03-03T19:02:27.741Z", "tree": 7, "profile": 1, "parent": null, "tree_as_root": 7, "text": "experiment root 4 with more text to reach the limit", "read_time_proportion": 0.0, "read_time_allotted": 0.0, "write_time_proportion": 0.0, "write_time_allotted": 0.0, "language": "english", "bucket": "experiment"}}, {"model": "gists.sentence", "pk": 8, "fields": {"created": "2017-03-03T19:02:27.791Z", "tree": 8, "profile": 1, "parent": null, "tree_as_root": 8, "text": "experiment root 5 with more text to reach the limit", "read_time_proportion": 0.0, "read_time_allotted": 0.0, "write_time_proportion": 0.0, "write_time_allotted": 0.0, "language": "english", "bucket": "experiment"}}, {"model": "gists.sentence", "pk": 9, "fields": {"created": "2017-03-03T19:02:27.842Z", "tree": 9, "profile": 1, "parent": null, "tree_as_root": 9, "text": "experiment root 6 with more text to reach the limit", "read_time_proportion": 0.0, "read_time_allotted": 0.0, "write_time_proportion": 0.0, "write_time_allotted": 0.0, "language": "english", "bucket": "experiment"}}, {"model": "gists.sentence", "pk": 10, "fields": {"created": "2017-03-03T19:02:27.892Z", "tree": 10, "profile": 1, "parent": null, "tree_as_root": 10, "text": "experiment root 7 with more text to reach the limit", "read_time_proportion": 0.0, "read_time_allotted": 0.0, "write_time_proportion": 0.0, "write_time_allotted": 0.0, "language": "english", "bucket": "experiment"}}, {"model": "gists.sentence", "pk": 11, "fields": {"created": "2017-03-03T19:02:27.942Z", "tree": 11, "profile": 1, "parent": null, "tree_as_root": 11, "text": "experiment root 8 with more text to reach the limit", "read_time_proportion": 0.0, "read_time_allotted": 0.0, "write_time_proportion": 0.0, "write_time_allotted": 0.0, "language": "english", "bucket": "experiment"}}, {"model": "gists.sentence", "pk": 12, "fields": {"created": "2017-03-03T19:02:27.993Z", "tree": 12, "profile": 1, "parent": null, "tree_as_root": 12, "text": "experiment root 9 with more text to reach the limit", "read_time_proportion": 0.0, "read_time_allotted": 0.0, "write_time_proportion": 0.0, "write_time_allotted": 0.0, "language": "english", "bucket": "experiment"}}, {"model": "gists.sentence", "pk": 13, "fields": {"created": "2017-03-03T19:03:22.841Z", "tree": 2, "profile": 2, "parent": 2, "tree_as_root": null, "text": "some text some text some text some text some text", "read_time_proportion": 1.0, "read_time_allotted": 10.0, "write_time_proportion": 0.1383, "write_time_allotted": 50.0, "language": "english", "bucket": "training"}}, {"model": "gists.sentence", "pk": 14, "fields": {"created": "2017-03-03T19:03:23.519Z", "tree": 1, "profile": 3, "parent": 1, "tree_as_root": null, "text": "some text some text some text some text some text", "read_time_proportion": 1.0, "read_time_allotted": 10.0, "write_time_proportion": 0.14126, "write_time_allotted": 50.0, "language": "english", "bucket": "training"}}, {"model": "gists.sentence", "pk": 15, "fields": {"created": "2017-03-03T19:03:26.260Z", "tree": 1, "profile": 4, "parent": 1, "tree_as_root": null, "text": "some text some text some text some text some text some text", "read_time_proportion": 1.0, "read_time_allotted": 10.0, "write_time_proportion": 0.17578, "write_time_allotted": 50.0, "language": "english", "bucket": "training"}}, {"model": "gists.sentence", "pk": 16, "fields": {"created": "2017-03-03T19:03:30.764Z", "tree": 2, "profile": 5, "parent": 2, "tree_as_root": null, "text": "some text some text some text some text some text some text some text some text", "read_time_proportion": 1.0, "read_time_allotted": 10.0, "write_time_proportion": 0.24406, "write_time_allotted": 50.0, "language": "english", "bucket": "training"}}, {"model": "gists.sentence", "pk": 17, "fields": {"created": "2017-03-03T19:03:32.079Z", "tree": 1, "profile": 6, "parent": 1, "tree_as_root": null, "text": "some text some text some text some text some text some text some text", "read_time_proportion": 1.0, "read_time_allotted": 10.0, "write_time_proportion": 0.21694, "write_time_allotted": 50.0, "language": "english", "bucket": "training"}}, {"model": "gists.sentence", "pk": 18, "fields": {"created": "2017-03-03T19:03:33.509Z", "tree": 1, "profile": 7, "parent": 1, "tree_as_root": null, "text": "some text some text some text some text some text some text some text some text", "read_time_proportion": 1.0, "read_time_allotted": 10.0, "write_time_proportion": 0.25088, "write_time_allotted": 50.0, "language": "english", "bucket": "training"}}, {"model": "gists.sentence", "pk": 19, "fields": {"created": "2017-03-03T19:03:33.767Z", "tree": 2, "profile": 8, "parent": 2, "tree_as_root": null, "text": "some text some text some text some text some text some text some text some text", "read_time_proportion": 1.0, "read_time_allotted": 10.0, "write_time_proportion": 0.24766, "write_time_allotted": 50.0, "language": "english", "bucket": "training"}}, {"model": "gists.sentence", "pk": 20, "fields": {"created": "2017-03-03T19:03:35.253Z", "tree": 1, "profile": 9, "parent": 1, "tree_as_root": null, "text": "some text some text some text some text some text some text some text some text", "read_time_proportion": 1.0, "read_time_allotted": 10.0, "write_time_proportion": 0.2399, "write_time_allotted": 50.0, "language": "english", "bucket": "training"}}, {"model": "gists.sentence", "pk": 21, "fields": {"created": "2017-03-03T19:03:35.327Z", "tree": 1, "profile": 10, "parent": 1, "tree_as_root": null, "text": "some text some text some text some text some text some text", "read_time_proportion": 1.0, "read_time_allotted": 10.0, "write_time_proportion": 0.17924, "write_time_allotted": 50.0, "language": "english", "bucket": "training"}}, {"model": "gists.sentence", "pk": 22, "fields": {"created": "2017-03-03T19:03:35.627Z", "tree": 1, "profile": 11, "parent": 1, "tree_as_root": null, "text": "some text some text some text some text some text some text", "read_time_proportion": 1.0, "read_time_allotted": 10.0, "write_time_proportion": 0.17996, "write_time_allotted": 50.0, "language": "english", "bucket": "training"}}, {"model": "gists.sentence", "pk": 23, "fields": {"created": "2017-03-03T19:03:44.455Z", "tree": 2, "profile": 3, "parent": 2, "tree_as_root": null, "text": "some text some text some text some text some text some text", "read_time_proportion": 1.0, "read_time_allotted": 10.0, "write_time_proportion": 0.1474, "write_time_allotted": 50.0, "language": "english", "bucket": "training"}}, {"model": "gists.sentence", "pk": 24, "fields": {"created": "2017-03-03T19:03:44.919Z", "tree": 1, "profile": 2, "parent": 1, "tree_as_root": null, "text": "some text some text some text some text some text some text some text", "read_time_proportion": 1.0, "read_time_allotted": 10.0, "write_time_proportion": 0.17152, "write_time_allotted": 50.0, "language": "english", "bucket": "training"}}, {"model": "gists.sentence", "pk": 25, "fields": {"created": "2017-03-03T19:03:48.215Z", "tree": 2, "profile": 4, "parent": 2, "tree_as_root": null, "text": "some text some text some text some text some text some text", "read_time_proportion": 1.0, "read_time_allotted": 10.0, "write_time_proportion": 0.16368, "write_time_allotted": 50.0, "language": "english", "bucket": "training"}}, {"model": "gists.sentence", "pk": 26, "fields": {"created": "2017-03-03T19:03:55.857Z", "tree": 2, "profile": 7, "parent": 2, "tree_as_root": null, "text": "some text some text some text some text some text", "read_time_proportion": 1.0, "read_time_allotted": 10.0, "write_time_proportion": 0.18174, "write_time_allotted": 50.0, "language": "english", "bucket": "training"}}, {"model": "gists.sentence", "pk": 27, "fields": {"created": "2017-03-03T19:03:56.674Z", "tree": 1, "profile": 5, "parent": 1, "tree_as_root": null, "text": "some text some text some text some text some text some text some text", "read_time_proportion": 1.0, "read_time_allotted": 10.0, "write_time_proportion": 0.23842, "write_time_allotted": 50.0, "language": "english", "bucket": "training"}}, {"model": "gists.sentence", "pk": 28, "fields": {"created": "2017-03-03T19:03:59.420Z", "tree": 2, "profile": 6, "parent": 2, "tree_as_root": null, "text": "some text some text some text some text some text some text some text some text", "read_time_proportion": 1.0, "read_time_allotted": 10.0, "write_time_proportion": 0.27412, "write_time_allotted": 50.0, "language": "english", "bucket": "training"}}, {"model": "gists.sentence", "pk": 29, "fields": {"created": "2017-03-03T19:03:59.499Z", "tree": 1, "profile": 8, "parent": 1, "tree_as_root": null, "text": "some text some text some text some text some text some text some text", "read_time_proportion": 1.0, "read_time_allotted": 10.0, "write_time_proportion": 0.24506, "write_time_allotted": 50.0, "language": "english", "bucket": "training"}}, {"model": "gists.sentence", "pk": 30, "fields": {"created": "2017-03-03T19:04:01.525Z", "tree": 2, "profile": 9, "parent": 2, "tree_as_root": null, "text": "some text some text some text some text some text some text some text", "read_time_proportion": 1.0, "read_time_allotted": 10.0, "write_time_proportion": 0.2583, "write_time_allotted": 50.0, "language": "english", "bucket": "training"}}, {"model": "gists.sentence", "pk": 31, "fields": {"created": "2017-03-03T19:04:02.582Z", "tree": 2, "profile": 10, "parent": 2, "tree_as_root": null, "text": "some text some text some text some text some text some text some text some text", "read_time_proportion": 1.0, "read_time_allotted": 10.0, "write_time_proportion": 0.27922, "write_time_allotted": 50.0, "language": "english", "bucket": "training"}}, {"model": "gists.sentence", "pk": 32, "fields": {"created": "2017-03-03T19:04:02.960Z", "tree": 2, "profile": 11, "parent": 2, "tree_as_root": null, "text": "some text some text some text some text some text some text some text some text", "read_time_proportion": 1.0, "read_time_allotted": 10.0, "write_time_proportion": 0.2783, "write_time_allotted": 50.0, "language": "english", "bucket": "training"}}, {"model": "gists.sentence", "pk": 33, "fields": {"created": "2017-03-03T19:04:06.062Z", "tree": 7, "profile": 2, "parent": 7, "tree_as_root": null, "text": "some text some text some text some text some text", "read_time_proportion": 1.0, "read_time_allotted": 10.0, "write_time_proportion": 0.14696, "write_time_allotted": 50.0, "language": "english", "bucket": "experiment"}}, {"model": "gists.sentence", "pk": 34, "fields": {"created": "2017-03-03T19:04:17.049Z", "tree": 6, "profile": 3, "parent": 6, "tree_as_root": null, "text": "some text some text some text some text some text some text some text", "read_time_proportion": 1.0, "read_time_allotted": 10.0, "write_time_proportion": 0.17976, "write_time_allotted": 50.0, "language": "english", "bucket": "experiment"}}, {"model": "gists.sentence", "pk": 35, "fields": {"created": "2017-03-03T19:04:22.608Z", "tree": 8, "profile": 4, "parent": 8, "tree_as_root": null, "text": "some text some text some text some text some text some text some text some text", "read_time_proportion": 1.0, "read_time_allotted": 10.0, "write_time_proportion": 0.20852, "write_time_allotted": 50.0, "language": "english", "bucket": "experiment"}}, {"model": "gists.sentence", "pk": 36, "fields": {"created": "2017-03-03T19:04:23.967Z", "tree": 12, "profile": 8, "parent": 12, "tree_as_root": null, "text": "some text some text some text some text some text some text some text some text", "read_time_proportion": 1.0, "read_time_allotted": 10.0, "write_time_proportion": 0.20828, "write_time_allotted": 50.0, "language": "english", "bucket": "experiment"}}, {"model": "gists.sentence", "pk": 37, "fields": {"created": "2017-03-03T19:04:32.519Z", "tree": 5, "profile": 6, "parent": 5, "tree_as_root": null, "text": "some text some text some text some text some text some text", "read_time_proportion": 1.0, "read_time_allotted": 10.0, "write_time_proportion": 0.18092, "write_time_allotted": 50.0, "language": "english", "bucket": "experiment"}}, {"model": "gists.sentence", "pk": 38, "fields": {"created": "2017-03-03T19:04:33.009Z", "tree": 10, "profile": 7, "parent": 10, "tree_as_root": null, "text": "some text some text some text some text some text some text some text some text", "read_time_proportion": 1.0, "read_time_allotted": 10.0, "write_time_proportion": 0.23322, "write_time_allotted": 50.0, "language": "english", "bucket": "experiment"}}, {"model": "gists.sentence", "pk": 39, "fields": {"created": "2017-03-03T19:04:33.283Z", "tree": 3, "profile": 5, "parent": 3, "tree_as_root": null, "text": "some text some text some text some text some text some text some text some text", "read_time_proportion": 1.0, "read_time_allotted": 10.0, "write_time_proportion": 0.23664, "write_time_allotted": 50.0, "language": "english", "bucket": "experiment"}}, {"model": "gists.sentence", "pk": 40, "fields": {"created": "2017-03-03T19:04:34.067Z", "tree": 9, "profile": 11, "parent": 9, "tree_as_root": null, "text": "some text some text some text some text some text", "read_time_proportion": 1.0, "read_time_allotted": 10.0, "write_time_proportion": 0.1591, "write_time_allotted": 50.0, "language": "english", "bucket": "experiment"}}, {"model": "gists.sentence", "pk": 41, "fields": {"created": "2017-03-03T19:04:36.848Z", "tree": 11, "profile": 9, "parent": 11, "tree_as_root": null, "text": "some text some text some text some text some text some text some text some text", "read_time_proportion": 1.0, "read_time_allotted": 10.0, "write_time_proportion": 0.23402, "write_time_allotted": 50.0, "language": "english", "bucket": "experiment"}}, {"model": "gists.sentence", "pk": 42, "fields": {"created": "2017-03-03T19:04:37.498Z", "tree": 4, "profile": 10, "parent": 4, "tree_as_root": null, "text": "some text some text some text some text some text some text some text some text", "read_time_proportion": 1.0, "read_time_allotted": 10.0, "write_time_proportion": 0.23104, "write_time_allotted": 50.0, "language": "english", "bucket": "experiment"}}, {"model": "gists.sentence", "pk": 43, "fields": {"created": "2017-03-03T19:04:37.604Z", "tree": 7, "profile": 3, "parent": 7, "tree_as_root": null, "text": "some text some text some text some text some text", "read_time_proportion": 1.0, "read_time_allotted": 10.0, "write_time_proportion": 0.14192, "write_time_allotted": 50.0, "language": "english", "bucket": "experiment"}}, {"model": "gists.sentence", "pk": 44, "fields": {"created": "2017-03-03T19:04:45.707Z", "tree": 6, "profile": 2, "parent": 6, "tree_as_root": null, "text": "some text some text some text some text some text", "read_time_proportion": 1.0, "read_time_allotted": 10.0, "write_time_proportion": 0.12482, "write_time_allotted": 50.0, "language": "english", "bucket": "experiment"}}, {"model": "gists.sentence", "pk": 45, "fields": {"created": "2017-03-03T19:04:45.942Z", "tree": 8, "profile": 8, "parent": 8, "tree_as_root": null, "text": "some text some text some text some text some text some text some text", "read_time_proportion": 1.0, "read_time_allotted": 10.0, "write_time_proportion": 0.17332, "write_time_allotted": 50.0, "language": "english", "bucket": "experiment"}}, {"model": "gists.sentence", "pk": 46, "fields": {"created": "2017-03-03T19:04:55.455Z", "tree": 9, "profile": 5, "parent": 9, "tree_as_root": null, "text": "some text some text some text some text some text some text some text", "read_time_proportion": 1.0, "read_time_allotted": 10.0, "write_time_proportion": 0.17382, "write_time_allotted": 50.0, "language": "english", "bucket": "experiment"}}, {"model": "gists.sentence", "pk": 47, "fields": {"created": "2017-03-03T19:05:01.119Z", "tree": 12, "profile": 4, "parent": 12, "tree_as_root": null, "text": "some text some text some text some text some text some text some text", "read_time_proportion": 1.0, "read_time_allotted": 10.0, "write_time_proportion": 0.1879, "write_time_allotted": 50.0, "language": "english", "bucket": "experiment"}}, {"model": "gists.sentence", "pk": 48, "fields": {"created": "2017-03-03T19:05:05.552Z", "tree": 5, "profile": 7, "parent": 5, "tree_as_root": null, "text": "some text some text some text some text some text", "read_time_proportion": 1.0, "read_time_allotted": 10.0, "write_time_proportion": 0.16414, "write_time_allotted": 50.0, "language": "english", "bucket": "experiment"}}, {"model": "gists.sentence", "pk": 49, "fields": {"created": "2017-03-03T19:05:05.701Z", "tree": 3, "profile": 6, "parent": 3, "tree_as_root": null, "text": "some text some text some text some text some text some text", "read_time_proportion": 1.0, "read_time_allotted": 10.0, "write_time_proportion": 0.18658, "write_time_allotted": 50.0, "language": "english", "bucket": "experiment"}}, {"model": "gists.sentence", "pk": 50, "fields": {"created": "2017-03-03T19:05:05.998Z", "tree": 10, "profile": 11, "parent": 10, "tree_as_root": null, "text": "some text some text some text some text some text", "read_time_proportion": 1.0, "read_time_allotted": 10.0, "write_time_proportion": 0.16496, "write_time_allotted": 50.0, "language": "english", "bucket": "experiment"}}, {"model": "gists.sentence", "pk": 51, "fields": {"created": "2017-03-03T19:05:07.891Z", "tree": 11, "profile": 10, "parent": 41, "tree_as_root": null, "text": "some text some text some text some text some text some text some text", "read_time_proportion": 1.0, "read_time_allotted": 16.0, "write_time_proportion": 0.1375875, "write_time_allotted": 80.0, "language": "english", "bucket": "experiment"}}, {"model": "gists.sentence", "pk": 52, "fields": {"created": "2017-03-03T19:05:11.117Z", "tree": 4, "profile": 9, "parent": 4, "tree_as_root": null, "text": "some text some text some text some text some text some text some text", "read_time_proportion": 1.0, "read_time_allotted": 10.0, "write_time_proportion": 0.21924, "write_time_allotted": 50.0, "language": "english", "bucket": "experiment"}}, {"model": "gists.sentence", "pk": 53, "fields": {"created": "2017-03-03T19:05:16.757Z", "tree": 8, "profile": 2, "parent": 35, "tree_as_root": null, "text": "some text some text some text some text some text some text some text some text", "read_time_proportion": 1.0, "read_time_allotted": 16.0, "write_time_proportion": 0.1372125, "write_time_allotted": 80.0, "language": "english", "bucket": "experiment"}}, {"model": "gists.sentence", "pk": 54, "fields": {"created": "2017-03-03T19:05:20.036Z", "tree": 7, "profile": 8, "parent": 33, "tree_as_root": null, "text": "some text some text some text some text some text some text some text some text", "read_time_proportion": 1.0, "read_time_allotted": 10.0, "write_time_proportion": 0.20558, "write_time_allotted": 50.0, "language": "english", "bucket": "experiment"}}, {"model": "gists.sentence", "pk": 55, "fields": {"created": "2017-03-03T19:05:22.238Z", "tree": 6, "profile": 5, "parent": 34, "tree_as_root": null, "text": "some text some text some text some text some text some text some text", "read_time_proportion": 1.0, "read_time_allotted": 14.0, "write_time_proportion": 0.131785714285714, "write_time_allotted": 70.0, "language": "english", "bucket": "experiment"}}, {"model": "gists.sentence", "pk": 56, "fields": {"created": "2017-03-03T19:05:30.506Z", "tree": 5, "profile": 11, "parent": 37, "tree_as_root": null, "text": "some text some text some text some text some text some text", "read_time_proportion": 1.0, "read_time_allotted": 12.0, "write_time_proportion": 0.147533333333333, "write_time_allotted": 60.0, "language": "english", "bucket": "experiment"}}, {"model": "gists.sentence", "pk": 57, "fields": {"created": "2017-03-03T19:05:32.637Z", "tree": 9, "profile": 3, "parent": 40, "tree_as_root": null, "text": "some text some text some text some text some text some text some text some text", "read_time_proportion": 1.0, "read_time_allotted": 10.0, "write_time_proportion": 0.2264, "write_time_allotted": 50.0, "language": "english", "bucket": "experiment"}}, {"model": "gists.sentence", "pk": 58, "fields": {"created": "2017-03-03T19:05:33.991Z", "tree": 12, "profile": 7, "parent": 36, "tree_as_root": null, "text": "some text some text some text some text some text some text", "read_time_proportion": 1.0, "read_time_allotted": 16.0, "write_time_proportion": 0.10655, "write_time_allotted": 80.0, "language": "english", "bucket": "experiment"}}, {"model": "gists.sentence", "pk": 59, "fields": {"created": "2017-03-03T19:05:36.456Z", "tree": 10, "profile": 6, "parent": 38, "tree_as_root": null, "text": "some text some text some text some text some text some text some text some text", "read_time_proportion": 1.0, "read_time_allotted": 16.0, "write_time_proportion": 0.136275, "write_time_allotted": 80.0, "language": "english", "bucket": "experiment"}}, {"model": "gists.sentence", "pk": 60, "fields": {"created": "2017-03-03T19:05:36.903Z", "tree": 3, "profile": 4, "parent": 39, "tree_as_root": null, "text": "some text some text some text some text some text some text some text some text", "read_time_proportion": 1.0, "read_time_allotted": 16.0, "write_time_proportion": 0.1352625, "write_time_allotted": 80.0, "language": "english", "bucket": "experiment"}}, {"model": "gists.sentence", "pk": 61, "fields": {"created": "2017-03-03T19:05:42.971Z", "tree": 8, "profile": 9, "parent": 53, "tree_as_root": null, "text": "some text some text some text some text some text some text", "read_time_proportion": 1.0, "read_time_allotted": 16.0, "write_time_proportion": 0.0937875, "write_time_allotted": 80.0, "language": "english", "bucket": "experiment"}}, {"model": "gists.sentence", "pk": 62, "fields": {"created": "2017-03-03T19:05:44.933Z", "tree": 4, "profile": 2, "parent": 42, "tree_as_root": null, "text": "some text some text some text some text some text some text some text", "read_time_proportion": 1.0, "read_time_allotted": 16.0, "write_time_proportion": 0.1095375, "write_time_allotted": 80.0, "language": "english", "bucket": "experiment"}}, {"model": "gists.sentence", "pk": 63, "fields": {"created": "2017-03-03T19:05:48.435Z", "tree": 6, "profile": 10, "parent": 55, "tree_as_root": null, "text": "some text some text some text some text some text some text", "read_time_proportion": 1.0, "read_time_allotted": 14.0, "write_time_proportion": 0.115385714285714, "write_time_allotted": 70.0, "language": "english", "bucket": "experiment"}}, {"model": "gists.sentence", "pk": 64, "fields": {"created": "2017-03-03T19:05:49.647Z", "tree": 7, "profile": 5, "parent": 54, "tree_as_root": null, "text": "some text some text some text some text some text some text", "read_time_proportion": 1.0, "read_time_allotted": 16.0, "write_time_proportion": 0.1013875, "write_time_allotted": 80.0, "language": "english", "bucket": "experiment"}}, {"model": "gists.sentence", "pk": 65, "fields": {"created": "2017-03-03T19:05:55.116Z", "tree": 11, "profile": 8, "parent": 11, "tree_as_root": null, "text": "some text some text some text some text some text some text some text some text", "read_time_proportion": 1.0, "read_time_allotted": 10.0, "write_time_proportion": 0.21446, "write_time_allotted": 50.0, "language": "english", "bucket": "experiment"}}, {"model": "gists.sentence", "pk": 66, "fields": {"created": "2017-03-03T19:05:56.026Z", "tree": 5, "profile": 3, "parent": 56, "tree_as_root": null, "text": "some text some text some text some text some text some text", "read_time_proportion": 1.0, "read_time_allotted": 12.0, "write_time_proportion": 0.13155, "write_time_allotted": 60.0, "language": "english", "bucket": "experiment"}}, {"model": "gists.sentence", "pk": 67, "fields": {"created": "2017-03-03T19:06:00.018Z", "tree": 12, "profile": 11, "parent": 58, "tree_as_root": null, "text": "some text some text some text some text some text some text some text", "read_time_proportion": 1.0, "read_time_allotted": 12.0, "write_time_proportion": 0.150016666666667, "write_time_allotted": 60.0, "language": "english", "bucket": "experiment"}}, {"model": "gists.sentence", "pk": 68, "fields": {"created": "2017-03-03T19:06:02.433Z", "tree": 9, "profile": 7, "parent": 57, "tree_as_root": null, "text": "some text some text some text some text some text some text some text", "read_time_proportion": 1.0, "read_time_allotted": 16.0, "write_time_proportion": 0.1141, "write_time_allotted": 80.0, "language": "english", "bucket": "experiment"}}, {"model": "gists.sentence", "pk": 69, "fields": {"created": "2017-03-03T19:06:05.229Z", "tree": 3, "profile": 9, "parent": 49, "tree_as_root": null, "text": "some text some text some text some text some text", "read_time_proportion": 1.0, "read_time_allotted": 12.0, "write_time_proportion": 0.111583333333333, "write_time_allotted": 60.0, "language": "english", "bucket": "experiment"}}, {"model": "gists.sentence", "pk": 70, "fields": {"created": "2017-03-03T19:06:05.427Z", "tree": 10, "profile": 4, "parent": 59, "tree_as_root": null, "text": "some text some text some text some text some text some text some text", "read_time_proportion": 1.0, "read_time_allotted": 16.0, "write_time_proportion": 0.11365, "write_time_allotted": 80.0, "language": "english", "bucket": "experiment"}}, {"model": "gists.sentence", "pk": 71, "fields": {"created": "2017-03-03T19:06:10.086Z", "tree": 4, "profile": 6, "parent": 52, "tree_as_root": null, "text": "some text some text some text some text some text", "read_time_proportion": 1.0, "read_time_allotted": 14.0, "write_time_proportion": 0.0885, "write_time_allotted": 70.0, "language": "english", "bucket": "experiment"}}, {"model": "gists.sentence", "pk": 72, "fields": {"created": "2017-03-03T19:06:13.024Z", "tree": 8, "profile": 5, "parent": 45, "tree_as_root": null, "text": "some text some text some text some text some text", "read_time_proportion": 1.0, "read_time_allotted": 14.0, "write_time_proportion": 0.0867571428571429, "write_time_allotted": 70.0, "language": "english", "bucket": "experiment"}}, {"model": "gists.sentence", "pk": 73, "fields": {"created": "2017-03-03T19:06:19.430Z", "tree": 7, "profile": 10, "parent": 43, "tree_as_root": null, "text": "some text some text some text some text some text some text", "read_time_proportion": 1.0, "read_time_allotted": 10.0, "write_time_proportion": 0.14818, "write_time_allotted": 50.0, "language": "english", "bucket": "experiment"}}, {"model": "gists.sentence", "pk": 74, "fields": {"created": "2017-03-03T19:06:26.423Z", "tree": 11, "profile": 3, "parent": 65, "tree_as_root": null, "text": "some text some text some text some text some text some text some text some text", "read_time_proportion": 1.0, "read_time_allotted": 16.0, "write_time_proportion": 0.1383375, "write_time_allotted": 80.0, "language": "english", "bucket": "experiment"}}, {"model": "gists.sentence", "pk": 75, "fields": {"created": "2017-03-03T19:06:27.338Z", "tree": 10, "profile": 9, "parent": 50, "tree_as_root": null, "text": "some text some text some text some text some text some text", "read_time_proportion": 1.0, "read_time_allotted": 10.0, "write_time_proportion": 0.17506, "write_time_allotted": 50.0, "language": "english", "bucket": "experiment"}}, {"model": "gists.sentence", "pk": 76, "fields": {"created": "2017-03-03T19:06:30.155Z", "tree": 6, "profile": 8, "parent": 44, "tree_as_root": null, "text": "some text some text some text some text some text some text some text some text", "read_time_proportion": 1.0, "read_time_allotted": 10.0, "write_time_proportion": 0.22816, "write_time_allotted": 50.0, "language": "english", "bucket": "experiment"}}, {"model": "gists.sentence", "pk": 77, "fields": {"created": "2017-03-03T19:06:30.301Z", "tree": 9, "profile": 4, "parent": 46, "tree_as_root": null, "text": "some text some text some text some text some text", "read_time_proportion": 1.0, "read_time_allotted": 14.0, "write_time_proportion": 0.106028571428571, "write_time_allotted": 70.0, "language": "english", "bucket": "experiment"}}, {"model": "gists.sentence", "pk": 78, "fields": {"created": "2017-03-03T19:06:30.547Z", "tree": 5, "profile": 2, "parent": 48, "tree_as_root": null, "text": "some text some text some text some text some text some text some text some text", "read_time_proportion": 1.0, "read_time_allotted": 10.0, "write_time_proportion": 0.23358, "write_time_allotted": 50.0, "language": "english", "bucket": "experiment"}}, {"model": "gists.sentence", "pk": 79, "fields": {"created": "2017-03-03T19:06:35.208Z", "tree": 12, "profile": 6, "parent": 47, "tree_as_root": null, "text": "some text some text some text some text some text some text", "read_time_proportion": 1.0, "read_time_allotted": 14.0, "write_time_proportion": 0.1115, "write_time_allotted": 70.0, "language": "english", "bucket": "experiment"}}, {"model": "gists.sentence", "pk": 80, "fields": {"created": "2017-03-03T19:06:35.265Z", "tree": 3, "profile": 11, "parent": 69, "tree_as_root": null, "text": "some text some text some text some text some text", "read_time_proportion": 1.0, "read_time_allotted": 10.0, "write_time_proportion": 0.12944, "write_time_allotted": 50.0, "language": "english", "bucket": "experiment"}}, {"model": "gists.sentence", "pk": 81, "fields": {"created": "2017-03-03T19:06:43.643Z", "tree": 4, "profile": 5, "parent": 71, "tree_as_root": null, "text": "some text some text some text some text some text some text", "read_time_proportion": 1.0, "read_time_allotted": 10.0, "write_time_proportion": 0.14664, "write_time_allotted": 50.0, "language": "english", "bucket": "experiment"}}, {"model": "gists.sentence", "pk": 82, "fields": {"created": "2017-03-03T19:06:45.508Z", "tree": 8, "profile": 7, "parent": 72, "tree_as_root": null, "text": "some text some text some text some text some text some text some text some text", "read_time_proportion": 1.0, "read_time_allotted": 10.0, "write_time_proportion": 0.19372, "write_time_allotted": 50.0, "language": "english", "bucket": "experiment"}}, {"model": "gists.sentence", "pk": 83, "fields": {"created": "2017-03-03T19:06:50.884Z", "tree": 10, "profile": 3, "parent": 75, "tree_as_root": null, "text": "some text some text some text some text some text some text some text", "read_time_proportion": 1.0, "read_time_allotted": 12.0, "write_time_proportion": 0.145733333333333, "write_time_allotted": 60.0, "language": "english", "bucket": "experiment"}}, {"model": "gists.sentence", "pk": 84, "fields": {"created": "2017-03-03T19:06:51.474Z", "tree": 7, "profile": 9, "parent": 73, "tree_as_root": null, "text": "some text some text some text some text some text some text some text", "read_time_proportion": 1.0, "read_time_allotted": 12.0, "write_time_proportion": 0.144733333333333, "write_time_allotted": 60.0, "language": "english", "bucket": "experiment"}}, {"model": "gists.sentence", "pk": 85, "fields": {"created": "2017-03-03T19:06:56.427Z", "tree": 6, "profile": 4, "parent": 76, "tree_as_root": null, "text": "some text some text some text some text some text", "read_time_proportion": 1.0, "read_time_allotted": 16.0, "write_time_proportion": 0.08155, "write_time_allotted": 80.0, "language": "english", "bucket": "experiment"}}, {"model": "gists.sentence", "pk": 86, "fields": {"created": "2017-03-03T19:06:56.621Z", "tree": 5, "profile": 10, "parent": 78, "tree_as_root": null, "text": "some text some text some text some text some text some text", "read_time_proportion": 1.0, "read_time_allotted": 16.0, "write_time_proportion": 0.096475, "write_time_allotted": 80.0, "language": "english", "bucket": "experiment"}}, {"model": "gists.sentence", "pk": 87, "fields": {"created": "2017-03-03T19:07:00.005Z", "tree": 11, "profile": 2, "parent": 74, "tree_as_root": null, "text": "some text some text some text some text some text some text some text some text", "read_time_proportion": 1.0, "read_time_allotted": 16.0, "write_time_proportion": 0.1248375, "write_time_allotted": 80.0, "language": "english", "bucket": "experiment"}}, {"model": "gists.sentence", "pk": 88, "fields": {"created": "2017-03-03T19:07:01.283Z", "tree": 9, "profile": 8, "parent": 77, "tree_as_root": null, "text": "some text some text some text some text some text some text", "read_time_proportion": 1.0, "read_time_allotted": 10.0, "write_time_proportion": 0.14962, "write_time_allotted": 50.0, "language": "english", "bucket": "experiment"}}, {"model": "gists.sentence", "pk": 89, "fields": {"created": "2017-03-03T19:07:09.886Z", "tree": 12, "profile": 5, "parent": 67, "tree_as_root": null, "text": "some text some text some text some text some text some text some text", "read_time_proportion": 1.0, "read_time_allotted": 14.0, "write_time_proportion": 0.125585714285714, "write_time_allotted": 70.0, "language": "english", "bucket": "experiment"}}, {"model": "gists.sentence", "pk": 90, "fields": {"created": "2017-03-03T19:07:10.670Z", "tree": 8, "profile": 6, "parent": 61, "tree_as_root": null, "text": "some text some text some text some text some text some text some text some text", "read_time_proportion": 1.0, "read_time_allotted": 12.0, "write_time_proportion": 0.168383333333333, "write_time_allotted": 60.0, "language": "english", "bucket": "experiment"}}, {"model": "gists.sentence", "pk": 91, "fields": {"created": "2017-03-03T19:07:12.910Z", "tree": 4, "profile": 11, "parent": 62, "tree_as_root": null, "text": "some text some text some text some text some text some text some text some text", "read_time_proportion": 1.0, "read_time_allotted": 14.0, "write_time_proportion": 0.145642857142857, "write_time_allotted": 70.0, "language": "english", "bucket": "experiment"}}, {"model": "gists.sentence", "pk": 92, "fields": {"created": "2017-03-03T19:07:15.073Z", "tree": 3, "profile": 7, "parent": 60, "tree_as_root": null, "text": "some text some text some text some text some text some text some text some text", "read_time_proportion": 1.0, "read_time_allotted": 16.0, "write_time_proportion": 0.12675, "write_time_allotted": 80.0, "language": "english", "bucket": "experiment"}}, {"model": "gists.sentence", "pk": 93, "fields": {"created": "2017-03-03T19:07:18.052Z", "tree": 7, "profile": 4, "parent": 64, "tree_as_root": null, "text": "some text some text some text some text some text", "read_time_proportion": 1.0, "read_time_allotted": 12.0, "write_time_proportion": 0.10285, "write_time_allotted": 60.0, "language": "english", "bucket": "experiment"}}, {"model": "gists.sentence", "pk": 94, "fields": {"created": "2017-03-03T19:07:20.087Z", "tree": 10, "profile": 10, "parent": 70, "tree_as_root": null, "text": "some text some text some text some text some text", "read_time_proportion": 1.0, "read_time_allotted": 14.0, "write_time_proportion": 0.0866285714285714, "write_time_allotted": 70.0, "language": "english", "bucket": "experiment"}}, {"model": "gists.sentence", "pk": 95, "fields": {"created": "2017-03-03T19:07:20.497Z", "tree": 5, "profile": 9, "parent": 66, "tree_as_root": null, "text": "some text some text some text some text some text some text some text", "read_time_proportion": 1.0, "read_time_allotted": 12.0, "write_time_proportion": 0.141133333333333, "write_time_allotted": 60.0, "language": "english", "bucket": "experiment"}}, {"model": "gists.sentence", "pk": 96, "fields": {"created": "2017-03-03T19:07:33.244Z", "tree": 6, "profile": 6, "parent": 63, "tree_as_root": null, "text": "some text some text some text some text some text", "read_time_proportion": 1.0, "read_time_allotted": 12.0, "write_time_proportion": 0.12, "write_time_allotted": 60.0, "language": "english", "bucket": "experiment"}}, {"model": "gists.sentence", "pk": 97, "fields": {"created": "2017-03-03T19:07:33.416Z", "tree": 9, "profile": 2, "parent": 68, "tree_as_root": null, "text": "some text some text some text some text some text some text some text some text", "read_time_proportion": 1.0, "read_time_allotted": 14.0, "write_time_proportion": 0.155785714285714, "write_time_allotted": 70.0, "language": "english", "bucket": "experiment"}}, {"model": "gists.sentence", "pk": 98, "fields": {"created": "2017-03-03T19:07:36.117Z", "tree": 11, "profile": 5, "parent": 51, "tree_as_root": null, "text": "some text some text some text some text some text some text", "read_time_proportion": 1.0, "read_time_allotted": 14.0, "write_time_proportion": 0.126971428571429, "write_time_allotted": 70.0, "language": "english", "bucket": "experiment"}}, {"model": "gists.sentence", "pk": 99, "fields": {"created": "2017-03-03T19:07:37.377Z", "tree": 12, "profile": 3, "parent": 89, "tree_as_root": null, "text": "some text some text some text some text some text some text", "read_time_proportion": 1.0, "read_time_allotted": 14.0, "write_time_proportion": 0.129485714285714, "write_time_allotted": 70.0, "language": "english", "bucket": "experiment"}}, {"model": "gists.sentence", "pk": 100, "fields": {"created": "2017-03-03T19:07:41.373Z", "tree": 4, "profile": 7, "parent": 91, "tree_as_root": null, "text": "some text some text some text some text some text", "read_time_proportion": 1.0, "read_time_allotted": 16.0, "write_time_proportion": 0.0845625, "write_time_allotted": 80.0, "language": "english", "bucket": "experiment"}}, {"model": "gists.sentence", "pk": 101, "fields": {"created": "2017-03-03T19:07:42.010Z", "tree": 8, "profile": 11, "parent": 90, "tree_as_root": null, "text": "some text some text some text some text some text some text some text", "read_time_proportion": 1.0, "read_time_allotted": 16.0, "write_time_proportion": 0.119825, "write_time_allotted": 80.0, "language": "english", "bucket": "experiment"}}, {"model": "gists.sentence", "pk": 102, "fields": {"created": "2017-03-03T19:07:42.155Z", "tree": 3, "profile": 8, "parent": 92, "tree_as_root": null, "text": "some text some text some text some text some text", "read_time_proportion": 1.0, "read_time_allotted": 16.0, "write_time_proportion": 0.080975, "write_time_allotted": 80.0, "language": "english", "bucket": "experiment"}}, {"model": "gists.sentence", "pk": 103, "fields": {"created": "2017-03-03T19:07:47.611Z", "tree": 5, "profile": 4, "parent": 95, "tree_as_root": null, "text": "some text some text some text some text some text some text", "read_time_proportion": 1.0, "read_time_allotted": 14.0, "write_time_proportion": 0.102785714285714, "write_time_allotted": 70.0, "language": "english", "bucket": "experiment"}}, {"model": "gists.sentence", "pk": 104, "fields": {"created": "2017-03-03T19:07:55.080Z", "tree": 6, "profile": 9, "parent": 85, "tree_as_root": null, "text": "some text some text some text some text some text", "read_time_proportion": 1.0, "read_time_allotted": 10.0, "write_time_proportion": 0.1255, "write_time_allotted": 50.0, "language": "english", "bucket": "experiment"}}, {"model": "gists.sentence", "pk": 105, "fields": {"created": "2017-03-03T19:07:57.523Z", "tree": 10, "profile": 2, "parent": 83, "tree_as_root": null, "text": "some text some text some text some text some text", "read_time_proportion": 1.0, "read_time_allotted": 14.0, "write_time_proportion": 0.0922857142857143, "write_time_allotted": 70.0, "language": "english", "bucket": "experiment"}}, {"model": "gists.sentence", "pk": 106, "fields": {"created": "2017-03-03T19:07:59.616Z", "tree": 9, "profile": 10, "parent": 88, "tree_as_root": null, "text": "some text some text some text some text some text some text some text", "read_time_proportion": 1.0, "read_time_allotted": 12.0, "write_time_proportion": 0.1514, "write_time_allotted": 60.0, "language": "english", "bucket": "experiment"}}, {"model": "gists.sentence", "pk": 107, "fields": {"created": "2017-03-03T19:07:59.790Z", "tree": 7, "profile": 6, "parent": 84, "tree_as_root": null, "text": "some text some text some text some text some text some text some text", "read_time_proportion": 1.0, "read_time_allotted": 14.0, "write_time_proportion": 0.128842857142857, "write_time_allotted": 70.0, "language": "english", "bucket": "experiment"}}, {"model": "gists.sentence", "pk": 108, "fields": {"created": "2017-03-03T19:08:02.199Z", "tree": 3, "profile": 3, "parent": 80, "tree_as_root": null, "text": "some text some text some text some text some text", "read_time_proportion": 1.0, "read_time_allotted": 10.0, "write_time_proportion": 0.12866, "write_time_allotted": 50.0, "language": "english", "bucket": "experiment"}}, {"model": "gists.sentence", "pk": 109, "fields": {"created": "2017-03-03T19:08:06.106Z", "tree": 4, "profile": 8, "parent": 81, "tree_as_root": null, "text": "some text some text some text some text some text some text some text", "read_time_proportion": 1.0, "read_time_allotted": 12.0, "write_time_proportion": 0.144466666666667, "write_time_allotted": 60.0, "language": "english", "bucket": "experiment"}}, {"model": "gists.sentence", "pk": 110, "fields": {"created": "2017-03-03T19:08:10.267Z", "tree": 11, "profile": 7, "parent": 87, "tree_as_root": null, "text": "some text some text some text some text some text some text some text some text", "read_time_proportion": 1.0, "read_time_allotted": 16.0, "write_time_proportion": 0.12005, "write_time_allotted": 80.0, "language": "english", "bucket": "experiment"}}, {"model": "gists.sentence", "pk": 111, "fields": {"created": "2017-03-03T19:08:16.166Z", "tree": 5, "profile": 5, "parent": 86, "tree_as_root": null, "text": "some text some text some text some text some text some text some text some text", "read_time_proportion": 1.0, "read_time_allotted": 12.0, "write_time_proportion": 0.157733333333333, "write_time_allotted": 60.0, "language": "english", "bucket": "experiment"}}, {"model": "gists.sentence", "pk": 112, "fields": {"created": "2017-03-03T19:08:17.590Z", "tree": 12, "profile": 9, "parent": 79, "tree_as_root": null, "text": "some text some text some text some text some text some text", "read_time_proportion": 1.0, "read_time_allotted": 12.0, "write_time_proportion": 0.117866666666667, "write_time_allotted": 60.0, "language": "english", "bucket": "experiment"}}, {"model": "gists.sentence", "pk": 113, "fields": {"created": "2017-03-03T19:08:25.544Z", "tree": 8, "profile": 10, "parent": 82, "tree_as_root": null, "text": "some text some text some text some text some text", "read_time_proportion": 1.0, "read_time_allotted": 16.0, "write_time_proportion": 0.0787375, "write_time_allotted": 80.0, "language": "english", "bucket": "experiment"}}, {"model": "gists.sentence", "pk": 114, "fields": {"created": "2017-03-03T19:08:26.911Z", "tree": 6, "profile": 11, "parent": 104, "tree_as_root": null, "text": "some text some text some text some text some text", "read_time_proportion": 1.0, "read_time_allotted": 10.0, "write_time_proportion": 0.12934, "write_time_allotted": 50.0, "language": "english", "bucket": "experiment"}}, {"model": "gists.sentence", "pk": 115, "fields": {"created": "2017-03-03T19:08:27.295Z", "tree": 9, "profile": 6, "parent": 106, "tree_as_root": null, "text": "some text some text some text some text some text some text some text some text", "read_time_proportion": 1.0, "read_time_allotted": 14.0, "write_time_proportion": 0.143, "write_time_allotted": 70.0, "language": "english", "bucket": "experiment"}}, {"model": "gists.sentence", "pk": 116, "fields": {"created": "2017-03-03T19:08:33.959Z", "tree": 4, "profile": 3, "parent": 109, "tree_as_root": null, "text": "some text some text some text some text some text some text some text", "read_time_proportion": 1.0, "read_time_allotted": 14.0, "write_time_proportion": 0.133842857142857, "write_time_allotted": 70.0, "language": "english", "bucket": "experiment"}}, {"model": "gists.sentence", "pk": 117, "fields": {"created": "2017-03-03T19:08:35.656Z", "tree": 3, "profile": 2, "parent": 108, "tree_as_root": null, "text": "some text some text some text some text some text some text some text", "read_time_proportion": 1.0, "read_time_allotted": 10.0, "write_time_proportion": 0.19354, "write_time_allotted": 50.0, "language": "english", "bucket": "experiment"}}, {"model": "gists.sentence", "pk": 118, "fields": {"created": "2017-03-03T19:08:38.588Z", "tree": 7, "profile": 7, "parent": 107, "tree_as_root": null, "text": "some text some text some text some text some text some text some text some text", "read_time_proportion": 1.0, "read_time_allotted": 14.0, "write_time_proportion": 0.156257142857143, "write_time_allotted": 70.0, "language": "english", "bucket": "experiment"}}, {"model": "gists.sentence", "pk": 119, "fields": {"created": "2017-03-03T19:08:39.023Z", "tree": 10, "profile": 8, "parent": 105, "tree_as_root": null, "text": "some text some text some text some text some text some text some text", "read_time_proportion": 1.0, "read_time_allotted": 10.0, "write_time_proportion": 0.19252, "write_time_allotted": 50.0, "language": "english", "bucket": "experiment"}}, {"model": "gists.sentence", "pk": 120, "fields": {"created": "2017-03-03T19:08:42.793Z", "tree": 11, "profile": 4, "parent": 110, "tree_as_root": null, "text": "some text some text some text some text some text some text some text some text", "read_time_proportion": 1.0, "read_time_allotted": 16.0, "write_time_proportion": 0.136025, "write_time_allotted": 80.0, "language": "english", "bucket": "experiment"}}, {"model": "gists.sentence", "pk": 121, "fields": {"created": "2017-03-03T19:08:47.232Z", "tree": 12, "profile": 10, "parent": 112, "tree_as_root": null, "text": "some text some text some text some text some text", "read_time_proportion": 1.0, "read_time_allotted": 12.0, "write_time_proportion": 0.1032, "write_time_allotted": 60.0, "language": "english", "bucket": "experiment"}}, {"model": "gists.sentence", "pk": 122, "fields": {"created": "2017-03-03T19:08:56.699Z", "tree": 9, "profile": 9, "parent": 97, "tree_as_root": null, "text": "some text some text some text some text some text some text some text some text", "read_time_proportion": 1.0, "read_time_allotted": 16.0, "write_time_proportion": 0.1217875, "write_time_allotted": 80.0, "language": "english", "bucket": "experiment"}}, {"model": "gists.sentence", "pk": 123, "fields": {"created": "2017-03-03T19:09:04.311Z", "tree": 11, "profile": 11, "parent": 98, "tree_as_root": null, "text": "some text some text some text some text some text", "read_time_proportion": 1.0, "read_time_allotted": 12.0, "write_time_proportion": 0.117466666666667, "write_time_allotted": 60.0, "language": "english", "bucket": "experiment"}}, {"model": "gists.sentence", "pk": 124, "fields": {"created": "2017-03-03T19:09:05.778Z", "tree": 10, "profile": 5, "parent": 94, "tree_as_root": null, "text": "some text some text some text some text some text some text some text some text", "read_time_proportion": 1.0, "read_time_allotted": 10.0, "write_time_proportion": 0.22314, "write_time_allotted": 50.0, "language": "english", "bucket": "experiment"}}, {"model": "gists.sentence", "pk": 125, "fields": {"created": "2017-03-03T19:09:07.360Z", "tree": 8, "profile": 3, "parent": 113, "tree_as_root": null, "text": "some text some text some text some text some text some text some text", "read_time_proportion": 1.0, "read_time_allotted": 10.0, "write_time_proportion": 0.197, "write_time_allotted": 50.0, "language": "english", "bucket": "experiment"}}, {"model": "gists.sentence", "pk": 126, "fields": {"created": "2017-03-03T19:09:09.086Z", "tree": 6, "profile": 7, "parent": 96, "tree_as_root": null, "text": "some text some text some text some text some text", "read_time_proportion": 1.0, "read_time_allotted": 10.0, "write_time_proportion": 0.14488, "write_time_allotted": 50.0, "language": "english", "bucket": "experiment"}}, {"model": "gists.sentence", "pk": 127, "fields": {"created": "2017-03-03T19:09:09.443Z", "tree": 5, "profile": 8, "parent": 111, "tree_as_root": null, "text": "some text some text some text some text some text some text some text some text", "read_time_proportion": 1.0, "read_time_allotted": 16.0, "write_time_proportion": 0.137175, "write_time_allotted": 80.0, "language": "english", "bucket": "experiment"}}, {"model": "gists.sentence", "pk": 128, "fields": {"created": "2017-03-03T19:09:15.034Z", "tree": 4, "profile": 4, "parent": 100, "tree_as_root": null, "text": "some text some text some text some text some text some text some text", "read_time_proportion": 1.0, "read_time_allotted": 10.0, "write_time_proportion": 0.17728, "write_time_allotted": 50.0, "language": "english", "bucket": "experiment"}}, {"model": "gists.sentence", "pk": 129, "fields": {"created": "2017-03-03T19:09:19.175Z", "tree": 3, "profile": 10, "parent": 102, "tree_as_root": null, "text": "some text some text some text some text some text some text some text", "read_time_proportion": 1.0, "read_time_allotted": 10.0, "write_time_proportion": 0.1713, "write_time_allotted": 50.0, "language": "english", "bucket": "experiment"}}, {"model": "gists.sentence", "pk": 130, "fields": {"created": "2017-03-03T19:09:23.630Z", "tree": 12, "profile": 2, "parent": 121, "tree_as_root": null, "text": "some text some text some text some text some text some text some text some text", "read_time_proportion": 1.0, "read_time_allotted": 10.0, "write_time_proportion": 0.19148, "write_time_allotted": 50.0, "language": "english", "bucket": "experiment"}}, {"model": "gists.sentence", "pk": 131, "fields": {"created": "2017-03-03T19:09:37.512Z", "tree": 7, "profile": 11, "parent": 93, "tree_as_root": null, "text": "some text some text some text some text some text some text some text some text", "read_time_proportion": 1.0, "read_time_allotted": 10.0, "write_time_proportion": 0.18984, "write_time_allotted": 50.0, "language": "english", "bucket": "experiment"}}, {"model": "gists.sentence", "pk": 132, "fields": {"created": "2017-03-03T19:09:38.038Z", "tree": 11, "profile": 6, "parent": 123, "tree_as_root": null, "text": "some text some text some text some text some text some text", "read_time_proportion": 1.0, "read_time_allotted": 10.0, "write_time_proportion": 0.14478, "write_time_allotted": 50.0, "language": "english", "bucket": "experiment"}}, {"model": "gists.tree", "pk": 1, "fields": {"created": "2017-03-03T19:02:27.206Z", "profile_lock": null, "profile_lock_heartbeat": "2000-01-01T00:00:00Z"}}, {"model": "gists.tree", "pk": 2, "fields": {"created": "2017-03-03T19:02:27.273Z", "profile_lock": null, "profile_lock_heartbeat": "2000-01-01T00:00:00Z"}}, {"model": "gists.tree", "pk": 3, "fields": {"created": "2017-03-03T19:02:27.340Z", "profile_lock": 10, "profile_lock_heartbeat": "2017-03-03T19:09:18.526Z"}}, {"model": "gists.tree", "pk": 4, "fields": {"created": "2017-03-03T19:02:27.419Z", "profile_lock": 4, "profile_lock_heartbeat": "2017-03-03T19:09:14.112Z"}}, {"model": "gists.tree", "pk": 5, "fields": {"created": "2017-03-03T19:02:27.541Z", "profile_lock": 8, "profile_lock_heartbeat": "2017-03-03T19:09:00.445Z"}}, {"model": "gists.tree", "pk": 6, "fields": {"created": "2017-03-03T19:02:27.632Z", "profile_lock": 7, "profile_lock_heartbeat": "2017-03-03T19:08:59.830Z"}}, {"model": "gists.tree", "pk": 7, "fields": {"created": "2017-03-03T19:02:27.716Z", "profile_lock": 11, "profile_lock_heartbeat": "2017-03-03T19:09:36.000Z"}}, {"model": "gists.tree", "pk": 8, "fields": {"created": "2017-03-03T19:02:27.766Z", "profile_lock": 3, "profile_lock_heartbeat": "2017-03-03T19:09:05.446Z"}}, {"model": "gists.tree", "pk": 9, "fields": {"created": "2017-03-03T19:02:27.816Z", "profile_lock": 9, "profile_lock_heartbeat": "2017-03-03T19:08:48.888Z"}}, {"model": "gists.tree", "pk": 10, "fields": {"created": "2017-03-03T19:02:27.867Z", "profile_lock": 5, "profile_lock_heartbeat": "2017-03-03T19:09:02.595Z"}}, {"model": "gists.tree", "pk": 11, "fields": {"created": "2017-03-03T19:02:27.917Z", "profile_lock": 6, "profile_lock_heartbeat": "2017-03-03T19:09:28.781Z"}}, {"model": "gists.tree", "pk": 12, "fields": {"created": "2017-03-03T19:02:27.967Z", "profile_lock": 2, "profile_lock_heartbeat": "2017-03-03T19:09:22.035Z"}}, {"model": "gists.questionnaire", "pk": 1, "fields": {"created": "2017-03-03T19:02:51.174Z", "profile": 2, "age": 20, "gender": "other", "informed": false, "informed_how": "-----", "informed_what": "-----", "education_level": "3", "education_freetext": "Some education", "job_type": "-", "job_freetext": "Some job"}}, {"model": "gists.questionnaire", "pk": 2, "fields": {"created": "2017-03-03T19:02:52.082Z", "profile": 3, "age": 20, "gender": "other", "informed": false, "informed_how": "-----", "informed_what": "-----", "education_level": "3", "education_freetext": "Some education", "job_type": "-", "job_freetext": "Some job"}}, {"model": "gists.questionnaire", "pk": 3, "fields": {"created": "2017-03-03T19:02:54.106Z", "profile": 4, "age": 20, "gender": "other", "informed": false, "informed_how": "-----", "informed_what": "-----", "education_level": "3", "education_freetext": "Some education", "job_type": "-", "job_freetext": "Some job"}}, {"model": "gists.questionnaire", "pk": 4, "fields": {"created": "2017-03-03T19:02:55.159Z", "profile": 5, "age": 20, "gender": "other", "informed": false, "informed_how": "-----", "informed_what": "-----", "education_level": "3", "education_freetext": "Some education", "job_type": "-", "job_freetext": "Some job"}}, {"model": "gists.questionnaire", "pk": 5, "fields": {"created": "2017-03-03T19:02:57.680Z", "profile": 7, "age": 20, "gender": "other", "informed": false, "informed_how": "-----", "informed_what": "-----", "education_level": "3", "education_freetext": "Some education", "job_type": "-", "job_freetext": "Some job"}}, {"model": "gists.questionnaire", "pk": 6, "fields": {"created": "2017-03-03T19:02:58.465Z", "profile": 6, "age": 20, "gender": "other", "informed": false, "informed_how": "-----", "informed_what": "-----", "education_level": "3", "education_freetext": "Some education", "job_type": "-", "job_freetext": "Some job"}}, {"model": "gists.questionnaire", "pk": 7, "fields": {"created": "2017-03-03T19:02:59.045Z", "profile": 8, "age": 20, "gender": "other", "informed": false, "informed_how": "-----", "informed_what": "-----", "education_level": "3", "education_freetext": "Some education", "job_type": "-", "job_freetext": "Some job"}}, {"model": "gists.questionnaire", "pk": 8, "fields": {"created": "2017-03-03T19:03:01.861Z", "profile": 9, "age": 20, "gender": "other", "informed": false, "informed_how": "-----", "informed_what": "-----", "education_level": "3", "education_freetext": "Some education", "job_type": "-", "job_freetext": "Some job"}}, {"model": "gists.questionnaire", "pk": 9, "fields": {"created": "2017-03-03T19:03:06.439Z", "profile": 10, "age": 20, "gender": "other", "informed": false, "informed_how": "-----", "informed_what": "-----", "education_level": "3", "education_freetext": "Some education", "job_type": "-", "job_freetext": "Some job"}}, {"model": "gists.questionnaire", "pk": 10, "fields": {"created": "2017-03-03T19:03:06.857Z", "profile": 11, "age": 20, "gender": "other", "informed": false, "informed_how": "-----", "informed_what": "-----", "education_level": "3", "education_freetext": "Some education", "job_type": "-", "job_freetext": "Some job"}}, {"model": "auth.permission", "pk": 1, "fields": {"name": "Can add log entry", "content_type": 1, "codename": "add_logentry"}}, {"model": "auth.permission", "pk": 2, "fields": {"name": "Can change log entry", "content_type": 1, "codename": "change_logentry"}}, {"model": "auth.permission", "pk": 3, "fields": {"name": "Can delete log entry", "content_type": 1, "codename": "delete_logentry"}}, {"model": "auth.permission", "pk": 4, "fields": {"name": "Can add permission", "content_type": 2, "codename": "add_permission"}}, {"model": "auth.permission", "pk": 5, "fields": {"name": "Can change permission", "content_type": 2, "codename": "change_permission"}}, {"model": "auth.permission", "pk": 6, "fields": {"name": "Can delete permission", "content_type": 2, "codename": "delete_permission"}}, {"model": "auth.permission", "pk": 7, "fields": {"name": "Can add group", "content_type": 3, "codename": "add_group"}}, {"model": "auth.permission", "pk": 8, "fields": {"name": "Can change group", "content_type": 3, "codename": "change_group"}}, {"model": "auth.permission", "pk": 9, "fields": {"name": "Can delete group", "content_type": 3, "codename": "delete_group"}}, {"model": "auth.permission", "pk": 10, "fields": {"name": "Can add user", "content_type": 4, "codename": "add_user"}}, {"model": "auth.permission", "pk": 11, "fields": {"name": "Can change user", "content_type": 4, "codename": "change_user"}}, {"model": "auth.permission", "pk": 12, "fields": {"name": "Can delete user", "content_type": 4, "codename": "delete_user"}}, {"model": "auth.permission", "pk": 13, "fields": {"name": "Can add content type", "content_type": 5, "codename": "add_contenttype"}}, {"model": "auth.permission", "pk": 14, "fields": {"name": "Can change content type", "content_type": 5, "codename": "change_contenttype"}}, {"model": "auth.permission", "pk": 15, "fields": {"name": "Can delete content type", "content_type": 5, "codename": "delete_contenttype"}}, {"model": "auth.permission", "pk": 16, "fields": {"name": "Can add session", "content_type": 6, "codename": "add_session"}}, {"model": "auth.permission", "pk": 17, "fields": {"name": "Can change session", "content_type": 6, "codename": "change_session"}}, {"model": "auth.permission", "pk": 18, "fields": {"name": "Can delete session", "content_type": 6, "codename": "delete_session"}}, {"model": "auth.permission", "pk": 19, "fields": {"name": "Can add site", "content_type": 7, "codename": "add_site"}}, {"model": "auth.permission", "pk": 20, "fields": {"name": "Can change site", "content_type": 7, "codename": "change_site"}}, {"model": "auth.permission", "pk": 21, "fields": {"name": "Can delete site", "content_type": 7, "codename": "delete_site"}}, {"model": "auth.permission", "pk": 22, "fields": {"name": "Can add token", "content_type": 8, "codename": "add_token"}}, {"model": "auth.permission", "pk": 23, "fields": {"name": "Can change token", "content_type": 8, "codename": "change_token"}}, {"model": "auth.permission", "pk": 24, "fields": {"name": "Can delete token", "content_type": 8, "codename": "delete_token"}}, {"model": "auth.permission", "pk": 25, "fields": {"name": "Can add email address", "content_type": 9, "codename": "add_emailaddress"}}, {"model": "auth.permission", "pk": 26, "fields": {"name": "Can change email address", "content_type": 9, "codename": "change_emailaddress"}}, {"model": "auth.permission", "pk": 27, "fields": {"name": "Can delete email address", "content_type": 9, "codename": "delete_emailaddress"}}, {"model": "auth.permission", "pk": 28, "fields": {"name": "Can add email confirmation", "content_type": 10, "codename": "add_emailconfirmation"}}, {"model": "auth.permission", "pk": 29, "fields": {"name": "Can change email confirmation", "content_type": 10, "codename": "change_emailconfirmation"}}, {"model": "auth.permission", "pk": 30, "fields": {"name": "Can delete email confirmation", "content_type": 10, "codename": "delete_emailconfirmation"}}, {"model": "auth.permission", "pk": 31, "fields": {"name": "Can add social application", "content_type": 11, "codename": "add_socialapp"}}, {"model": "auth.permission", "pk": 32, "fields": {"name": "Can change social application", "content_type": 11, "codename": "change_socialapp"}}, {"model": "auth.permission", "pk": 33, "fields": {"name": "Can delete social application", "content_type": 11, "codename": "delete_socialapp"}}, {"model": "auth.permission", "pk": 34, "fields": {"name": "Can add social account", "content_type": 12, "codename": "add_socialaccount"}}, {"model": "auth.permission", "pk": 35, "fields": {"name": "Can change social account", "content_type": 12, "codename": "change_socialaccount"}}, {"model": "auth.permission", "pk": 36, "fields": {"name": "Can delete social account", "content_type": 12, "codename": "delete_socialaccount"}}, {"model": "auth.permission", "pk": 37, "fields": {"name": "Can add social application token", "content_type": 13, "codename": "add_socialtoken"}}, {"model": "auth.permission", "pk": 38, "fields": {"name": "Can change social application token", "content_type": 13, "codename": "change_socialtoken"}}, {"model": "auth.permission", "pk": 39, "fields": {"name": "Can delete social application token", "content_type": 13, "codename": "delete_socialtoken"}}, {"model": "auth.permission", "pk": 40, "fields": {"name": "Can add cors model", "content_type": 14, "codename": "add_corsmodel"}}, {"model": "auth.permission", "pk": 41, "fields": {"name": "Can change cors model", "content_type": 14, "codename": "change_corsmodel"}}, {"model": "auth.permission", "pk": 42, "fields": {"name": "Can delete cors model", "content_type": 14, "codename": "delete_corsmodel"}}, {"model": "auth.permission", "pk": 43, "fields": {"name": "Can add Gists Configuration", "content_type": 15, "codename": "add_gistsconfiguration"}}, {"model": "auth.permission", "pk": 44, "fields": {"name": "Can change Gists Configuration", "content_type": 15, "codename": "change_gistsconfiguration"}}, {"model": "auth.permission", "pk": 45, "fields": {"name": "Can delete Gists Configuration", "content_type": 15, "codename": "delete_gistsconfiguration"}}, {"model": "auth.permission", "pk": 46, "fields": {"name": "Can add sentence", "content_type": 16, "codename": "add_sentence"}}, {"model": "auth.permission", "pk": 47, "fields": {"name": "Can change sentence", "content_type": 16, "codename": "change_sentence"}}, {"model": "auth.permission", "pk": 48, "fields": {"name": "Can delete sentence", "content_type": 16, "codename": "delete_sentence"}}, {"model": "auth.permission", "pk": 49, "fields": {"name": "Can add tree", "content_type": 17, "codename": "add_tree"}}, {"model": "auth.permission", "pk": 50, "fields": {"name": "Can change tree", "content_type": 17, "codename": "change_tree"}}, {"model": "auth.permission", "pk": 51, "fields": {"name": "Can delete tree", "content_type": 17, "codename": "delete_tree"}}, {"model": "auth.permission", "pk": 52, "fields": {"name": "Can add profile", "content_type": 18, "codename": "add_profile"}}, {"model": "auth.permission", "pk": 53, "fields": {"name": "Can change profile", "content_type": 18, "codename": "change_profile"}}, {"model": "auth.permission", "pk": 54, "fields": {"name": "Can delete profile", "content_type": 18, "codename": "delete_profile"}}, {"model": "auth.permission", "pk": 55, "fields": {"name": "Can add questionnaire", "content_type": 19, "codename": "add_questionnaire"}}, {"model": "auth.permission", "pk": 56, "fields": {"name": "Can change questionnaire", "content_type": 19, "codename": "change_questionnaire"}}, {"model": "auth.permission", "pk": 57, "fields": {"name": "Can delete questionnaire", "content_type": 19, "codename": "delete_questionnaire"}}, {"model": "auth.permission", "pk": 58, "fields": {"name": "Can add word span", "content_type": 20, "codename": "add_wordspan"}}, {"model": "auth.permission", "pk": 59, "fields": {"name": "Can change word span", "content_type": 20, "codename": "change_wordspan"}}, {"model": "auth.permission", "pk": 60, "fields": {"name": "Can delete word span", "content_type": 20, "codename": "delete_wordspan"}}, {"model": "auth.permission", "pk": 61, "fields": {"name": "Can add comment", "content_type": 21, "codename": "add_comment"}}, {"model": "auth.permission", "pk": 62, "fields": {"name": "Can change comment", "content_type": 21, "codename": "change_comment"}}, {"model": "auth.permission", "pk": 63, "fields": {"name": "Can delete comment", "content_type": 21, "codename": "delete_comment"}}, {"model": "auth.user", "pk": 1, "fields": {"password": "pbkdf2_sha256$24000$fGYJkZD3XEkO$xzK7ZRKZPvM/bJ7BNm0DeiHfABnbGuXNoAp7FIQqOlg=", "last_login": "2017-03-03T19:02:46.303Z", "is_superuser": true, "username": "admin", "first_name": "", "last_name": "", "email": "admin@example.com", "is_staff": true, "is_active": true, "date_joined": "2017-03-03T19:02:27.108Z", "groups": [], "user_permissions": []}}, {"model": "auth.user", "pk": 2, "fields": {"password": "pbkdf2_sha256$24000$jEc8zFRTEW4j$ULnl3+Rk0cW8V7be4cRrGXhHTMFpXw0Esc5PlJ82io8=", "last_login": "2017-03-03T19:02:35.600Z", "is_superuser": false, "username": "t6", "first_name": "", "last_name": "", "email": "t6@browser.test", "is_staff": false, "is_active": true, "date_joined": "2017-03-03T19:02:34.830Z", "groups": [], "user_permissions": []}}, {"model": "auth.user", "pk": 3, "fields": {"password": "pbkdf2_sha256$24000$n4vxgDJ465dC$g7FhFBF4TOeuGU1xSKfO1gi5rj4z0TjQd2aBa9OuQ8g=", "last_login": "2017-03-03T19:02:37.045Z", "is_superuser": false, "username": "t4", "first_name": "", "last_name": "", "email": "t4@browser.test", "is_staff": false, "is_active": true, "date_joined": "2017-03-03T19:02:36.513Z", "groups": [], "user_permissions": []}}, {"model": "auth.user", "pk": 4, "fields": {"password": "pbkdf2_sha256$24000$L9k28bdoQe6K$74dnJQByV+JvqTekxkRK/iSH1W/5pg6IAGaF4pl/8nU=", "last_login": "2017-03-03T19:02:39.058Z", "is_superuser": false, "username": "t3", "first_name": "", "last_name": "", "email": "t3@browser.test", "is_staff": false, "is_active": true, "date_joined": "2017-03-03T19:02:38.247Z", "groups": [], "user_permissions": []}}, {"model": "auth.user", "pk": 5, "fields": {"password": "pbkdf2_sha256$24000$BWRVcjeqOMww$oI1zn+C/j6hj1H8Jf/mGQ0O8x4G6AQbdY+E8Q13jMsQ=", "last_login": "2017-03-03T19:02:40.226Z", "is_superuser": false, "username": "t5", "first_name": "", "last_name": "", "email": "t5@browser.test", "is_staff": false, "is_active": true, "date_joined": "2017-03-03T19:02:39.190Z", "groups": [], "user_permissions": []}}, {"model": "auth.user", "pk": 6, "fields": {"password": "pbkdf2_sha256$24000$s85r6pqBM94I$hew/ICP2WBl4pcTEZAVOS8fWv2mNy/5hRRWVKSf1d4k=", "last_login": "2017-03-03T19:02:42.596Z", "is_superuser": false, "username": "t9", "first_name": "", "last_name": "", "email": "t9@browser.test", "is_staff": false, "is_active": true, "date_joined": "2017-03-03T19:02:42.135Z", "groups": [], "user_permissions": []}}, {"model": "auth.user", "pk": 7, "fields": {"password": "pbkdf2_sha256$24000$nG0pEm09bptq$K1IhJhZMaJbmTQjDgz5AwVJVsepieDVwOWmtG9sMvpc=", "last_login": "2017-03-03T19:02:43.083Z", "is_superuser": false, "username": "t1", "first_name": "", "last_name": "", "email": "t1@browser.test", "is_staff": false, "is_active": true, "date_joined": "2017-03-03T19:02:42.690Z", "groups": [], "user_permissions": []}}, {"model": "auth.user", "pk": 8, "fields": {"password": "pbkdf2_sha256$24000$BvemVcBsFzBo$vS4rhgbZKiyiwqUncsrOfEaXISnYYkmXAeX7gUxeif0=", "last_login": "2017-03-03T19:02:43.834Z", "is_superuser": false, "username": "t0", "first_name": "", "last_name": "", "email": "t0@browser.test", "is_staff": false, "is_active": true, "date_joined": "2017-03-03T19:02:43.411Z", "groups": [], "user_permissions": []}}, {"model": "auth.user", "pk": 9, "fields": {"password": "pbkdf2_sha256$24000$NDdgAsumWyLJ$Q3jo1ZAu7Uuf9wVmymHtLu/Norn2VBqBg/4zGg7bgcY=", "last_login": "2017-03-03T19:02:45.969Z", "is_superuser": false, "username": "t8", "first_name": "", "last_name": "", "email": "t8@browser.test", "is_staff": false, "is_active": true, "date_joined": "2017-03-03T19:02:45.320Z", "groups": [], "user_permissions": []}}, {"model": "auth.user", "pk": 10, "fields": {"password": "pbkdf2_sha256$24000$OO6WI068JRhH$SvquJqrRJfIZpHpaAVwkV5HU+EgxyrGncjsShvsBW8Q=", "last_login": "2017-03-03T19:02:48.322Z", "is_superuser": false, "username": "t2", "first_name": "", "last_name": "", "email": "t2@browser.test", "is_staff": false, "is_active": true, "date_joined": "2017-03-03T19:02:47.684Z", "groups": [], "user_permissions": []}}, {"model": "auth.user", "pk": 11, "fields": {"password": "pbkdf2_sha256$24000$TQwlGKFkJFbI$+KHnJSJuM8pDo6A16WLoE8k2PrB/dP4h69j24ioCws0=", "last_login": "2017-03-03T19:02:51.082Z", "is_superuser": false, "username": "t7", "first_name": "", "last_name": "", "email": "t7@browser.test", "is_staff": false, "is_active": true, "date_joined": "2017-03-03T19:02:50.705Z", "groups": [], "user_permissions": []}}, {"model": "gists.profile", "pk": 1, "fields": {"created": "2017-03-03T19:02:27.173Z", "user": 1, "mothertongue": "english", "trained_reformulations": false, "introduced_exp_home": false, "introduced_exp_play": false, "introduced_play_home": false, "introduced_play_play": false, "prolific_id": null}}, {"model": "gists.profile", "pk": 2, "fields": {"created": "2017-03-03T19:02:35.819Z", "user": 2, "mothertongue": "english", "trained_reformulations": true, "introduced_exp_home": true, "introduced_exp_play": true, "introduced_play_home": false, "introduced_play_play": false, "prolific_id": null}}, {"model": "gists.profile", "pk": 3, "fields": {"created": "2017-03-03T19:02:37.302Z", "user": 3, "mothertongue": "english", "trained_reformulations": true, "introduced_exp_home": true, "introduced_exp_play": true, "introduced_play_home": false, "introduced_play_play": false, "prolific_id": null}}, {"model": "gists.profile", "pk": 4, "fields": {"created": "2017-03-03T19:02:40.932Z", "user": 4, "mothertongue": "english", "trained_reformulations": true, "introduced_exp_home": true, "introduced_exp_play": true, "introduced_play_home": false, "introduced_play_play": false, "prolific_id": null}}, {"model": "gists.profile", "pk": 5, "fields": {"created": "2017-03-03T19:02:41.214Z", "user": 5, "mothertongue": "english", "trained_reformulations": true, "introduced_exp_home": true, "introduced_exp_play": true, "introduced_play_home": false, "introduced_play_play": false, "prolific_id": null}}, {"model": "gists.profile", "pk": 6, "fields": {"created": "2017-03-03T19:02:43.956Z", "user": 7, "mothertongue": "english", "trained_reformulations": true, "introduced_exp_home": true, "introduced_exp_play": true, "introduced_play_home": false, "introduced_play_play": false, "prolific_id": null}}, {"model": "gists.profile", "pk": 7, "fields": {"created": "2017-03-03T19:02:44.094Z", "user": 6, "mothertongue": "english", "trained_reformulations": true, "introduced_exp_home": true, "introduced_exp_play": true, "introduced_play_home": false, "introduced_play_play": false, "prolific_id": null}}, {"model": "gists.profile", "pk": 8, "fields": {"created": "2017-03-03T19:02:44.415Z", "user": 8, "mothertongue": "english", "trained_reformulations": true, "introduced_exp_home": true, "introduced_exp_play": true, "introduced_play_home": false, "introduced_play_play": false, "prolific_id": null}}, {"model": "gists.profile", "pk": 9, "fields": {"created": "2017-03-03T19:02:46.961Z", "user": 9, "mothertongue": "english", "trained_reformulations": true, "introduced_exp_home": true, "introduced_exp_play": true, "introduced_play_home": false, "introduced_play_play": false, "prolific_id": null}}, {"model": "gists.profile", "pk": 10, "fields": {"created": "2017-03-03T19:02:51.655Z", "user": 10, "mothertongue": "english", "trained_reformulations": true, "introduced_exp_home": true, "introduced_exp_play": true, "introduced_play_home": false, "introduced_play_play": false, "prolific_id": null}}, {"model": "gists.profile", "pk": 11, "fields": {"created": "2017-03-03T19:02:53.195Z", "user": 11, "mothertongue": "english", "trained_reformulations": true, "introduced_exp_home": true, "introduced_exp_play": true, "introduced_play_home": false, "introduced_play_play": false, "prolific_id": null}}]