BEGIN TRANSACTION;
CREATE TABLE "account_emailaddress" ("id" integer NOT NULL PRIMARY KEY AUTOINCREMENT, "verified" bool NOT NULL, "primary" bool NOT NULL, "user_id" integer NOT NULL REFERENCES "auth_user" ("id"), "email" varchar(254) NOT NULL UNIQUE);
INSERT INTO "account_emailaddress" VALUES(1,0,1,2,'t11@browser.test');
INSERT INTO "account_emailaddress" VALUES(2,0,1,3,'t9@browser.test');
INSERT INTO "account_emailaddress" VALUES(3,0,1,4,'t13@browser.test');
INSERT INTO "account_emailaddress" VALUES(4,0,1,5,'t4@browser.test');
INSERT INTO "account_emailaddress" VALUES(5,0,1,6,'t14@browser.test');
INSERT INTO "account_emailaddress" VALUES(6,0,1,7,'t0@browser.test');
INSERT INTO "account_emailaddress" VALUES(7,0,1,8,'t6@browser.test');
INSERT INTO "account_emailaddress" VALUES(8,0,1,9,'t5@browser.test');
INSERT INTO "account_emailaddress" VALUES(9,0,1,10,'t8@browser.test');
INSERT INTO "account_emailaddress" VALUES(10,0,1,11,'t2@browser.test');
INSERT INTO "account_emailaddress" VALUES(11,0,1,12,'t12@browser.test');
INSERT INTO "account_emailaddress" VALUES(12,0,1,13,'t7@browser.test');
INSERT INTO "account_emailaddress" VALUES(13,0,1,14,'t1@browser.test');
INSERT INTO "account_emailaddress" VALUES(14,0,1,15,'t3@browser.test');
INSERT INTO "account_emailaddress" VALUES(15,0,1,16,'t10@browser.test');
CREATE TABLE "account_emailconfirmation" ("id" integer NOT NULL PRIMARY KEY AUTOINCREMENT, "created" datetime NOT NULL, "sent" datetime NULL, "key" varchar(64) NOT NULL UNIQUE, "email_address_id" integer NOT NULL REFERENCES "account_emailaddress" ("id"));
INSERT INTO "account_emailconfirmation" VALUES(1,'2017-01-08 21:41:56.225211','2017-01-08 21:41:56.263249','wbuolw4nkglmml8htqsti43hqzj4gyazgygxodsg4mpob8q3ncfko67zpkglza4z',1);
INSERT INTO "account_emailconfirmation" VALUES(2,'2017-01-08 21:42:11.057612','2017-01-08 21:42:11.065699','nlkcgvgtz9ruwoyz185zhjlnuok2rkxakyikvxnjeyfq3pu71nr416roxvyrg8fc',2);
INSERT INTO "account_emailconfirmation" VALUES(3,'2017-01-08 21:42:14.656083','2017-01-08 21:42:14.659573','gkytzombas5b8fasuhm88ifbw4rsymn51qmjjeebwg4higgie1j1t5lochpvhnsu',3);
INSERT INTO "account_emailconfirmation" VALUES(4,'2017-01-08 21:42:14.775616','2017-01-08 21:42:14.781784','obd5s5fwwjp9izjmffabakt56uwychlzqhycx1bthbfdqsy7jlh9wmdjbrlnthit',4);
INSERT INTO "account_emailconfirmation" VALUES(5,'2017-01-08 21:42:52.629259','2017-01-08 21:42:52.636620','fb35bjc99izgmlez4xhppohjipttwmx3hytdvqkqmqbpaa7jikccmsuerp7hqjs1',5);
INSERT INTO "account_emailconfirmation" VALUES(6,'2017-01-08 21:42:57.857261','2017-01-08 21:42:57.866794','w7x9bknsjrhirf0yzku4yzf89wppesyv6nsjqxdsmna9o0ligqge3ccjigfp55tu',6);
INSERT INTO "account_emailconfirmation" VALUES(7,'2017-01-08 21:43:28.828776','2017-01-08 21:43:28.837063','j4bpr2ywqyzjnbhwqetqlkfrew4nscvayl3gtaxbxjxxxux291an9ofzyrsngoaz',7);
INSERT INTO "account_emailconfirmation" VALUES(8,'2017-01-08 21:43:56.129514','2017-01-08 21:43:56.136474','5alnnzmyccliaolctjr4xu1bzbbi1r6xkjmcwgrfsuvlko0aiq34nguanau8zze0',8);
INSERT INTO "account_emailconfirmation" VALUES(9,'2017-01-08 21:44:00.829868','2017-01-08 21:44:00.836210','cpktrnhroq0mthrjsifm1shuscgeafegripu8sqwfccirghmgfhv8k1nuo5zee08',9);
INSERT INTO "account_emailconfirmation" VALUES(10,'2017-01-08 21:44:45.712951','2017-01-08 21:44:45.734450','zccyo0tp9dwudvqomyumogcubwdy8jaitujfhypbtv57mzcfuztfcobpzgmesfzc',10);
INSERT INTO "account_emailconfirmation" VALUES(11,'2017-01-08 21:44:57.163468','2017-01-08 21:44:57.174287','gqh8yfkatvlevdmuawo2lmhhzsphbpyfwecxcqgc8ql7vmxt2wu26f2elmmw4gdf',11);
INSERT INTO "account_emailconfirmation" VALUES(12,'2017-01-08 21:45:08.495544','2017-01-08 21:45:08.511426','71ou4yvhjlaxwfsqo42thn97itw0koqlw1biwkhs0jx7dxnhnbvbl3sshlhqwkyf',12);
INSERT INTO "account_emailconfirmation" VALUES(13,'2017-01-08 21:45:18.534113','2017-01-08 21:45:18.547331','rdodaixjkarfjdxkihxjwhsq9kg4nvl8b6deoc0d9qkieumcjmb7trealdvqxjvv',13);
INSERT INTO "account_emailconfirmation" VALUES(14,'2017-01-08 21:45:27.327997','2017-01-08 21:45:27.350702','pohhmcnwefyekjd7puso1yqbgx6lytsoclzgx5lyuk6wmrvptawd12sskbhnmofs',14);
INSERT INTO "account_emailconfirmation" VALUES(15,'2017-01-08 21:46:12.043731','2017-01-08 21:46:12.059492','jfkegwc8da5mix3pici1hicnxiy6rmumpovr4e1mrjvzlm2k3h6cqxtvvvhiommn',15);
CREATE TABLE "auth_group" ("id" integer NOT NULL PRIMARY KEY AUTOINCREMENT, "name" varchar(80) NOT NULL UNIQUE);
CREATE TABLE "auth_group_permissions" ("id" integer NOT NULL PRIMARY KEY AUTOINCREMENT, "group_id" integer NOT NULL REFERENCES "auth_group" ("id"), "permission_id" integer NOT NULL REFERENCES "auth_permission" ("id"));
CREATE TABLE "auth_permission" ("id" integer NOT NULL PRIMARY KEY AUTOINCREMENT, "content_type_id" integer NOT NULL REFERENCES "django_content_type" ("id"), "codename" varchar(100) NOT NULL, "name" varchar(255) NOT NULL);
INSERT INTO "auth_permission" VALUES(1,1,'add_logentry','Can add log entry');
INSERT INTO "auth_permission" VALUES(2,1,'change_logentry','Can change log entry');
INSERT INTO "auth_permission" VALUES(3,1,'delete_logentry','Can delete log entry');
INSERT INTO "auth_permission" VALUES(4,2,'add_permission','Can add permission');
INSERT INTO "auth_permission" VALUES(5,2,'change_permission','Can change permission');
INSERT INTO "auth_permission" VALUES(6,2,'delete_permission','Can delete permission');
INSERT INTO "auth_permission" VALUES(7,3,'add_group','Can add group');
INSERT INTO "auth_permission" VALUES(8,3,'change_group','Can change group');
INSERT INTO "auth_permission" VALUES(9,3,'delete_group','Can delete group');
INSERT INTO "auth_permission" VALUES(10,4,'add_user','Can add user');
INSERT INTO "auth_permission" VALUES(11,4,'change_user','Can change user');
INSERT INTO "auth_permission" VALUES(12,4,'delete_user','Can delete user');
INSERT INTO "auth_permission" VALUES(13,5,'add_contenttype','Can add content type');
INSERT INTO "auth_permission" VALUES(14,5,'change_contenttype','Can change content type');
INSERT INTO "auth_permission" VALUES(15,5,'delete_contenttype','Can delete content type');
INSERT INTO "auth_permission" VALUES(16,6,'add_session','Can add session');
INSERT INTO "auth_permission" VALUES(17,6,'change_session','Can change session');
INSERT INTO "auth_permission" VALUES(18,6,'delete_session','Can delete session');
INSERT INTO "auth_permission" VALUES(19,7,'add_site','Can add site');
INSERT INTO "auth_permission" VALUES(20,7,'change_site','Can change site');
INSERT INTO "auth_permission" VALUES(21,7,'delete_site','Can delete site');
INSERT INTO "auth_permission" VALUES(22,8,'add_token','Can add token');
INSERT INTO "auth_permission" VALUES(23,8,'change_token','Can change token');
INSERT INTO "auth_permission" VALUES(24,8,'delete_token','Can delete token');
INSERT INTO "auth_permission" VALUES(25,9,'add_emailaddress','Can add email address');
INSERT INTO "auth_permission" VALUES(26,9,'change_emailaddress','Can change email address');
INSERT INTO "auth_permission" VALUES(27,9,'delete_emailaddress','Can delete email address');
INSERT INTO "auth_permission" VALUES(28,10,'add_emailconfirmation','Can add email confirmation');
INSERT INTO "auth_permission" VALUES(29,10,'change_emailconfirmation','Can change email confirmation');
INSERT INTO "auth_permission" VALUES(30,10,'delete_emailconfirmation','Can delete email confirmation');
INSERT INTO "auth_permission" VALUES(31,11,'add_socialapp','Can add social application');
INSERT INTO "auth_permission" VALUES(32,11,'change_socialapp','Can change social application');
INSERT INTO "auth_permission" VALUES(33,11,'delete_socialapp','Can delete social application');
INSERT INTO "auth_permission" VALUES(34,12,'add_socialaccount','Can add social account');
INSERT INTO "auth_permission" VALUES(35,12,'change_socialaccount','Can change social account');
INSERT INTO "auth_permission" VALUES(36,12,'delete_socialaccount','Can delete social account');
INSERT INTO "auth_permission" VALUES(37,13,'add_socialtoken','Can add social application token');
INSERT INTO "auth_permission" VALUES(38,13,'change_socialtoken','Can change social application token');
INSERT INTO "auth_permission" VALUES(39,13,'delete_socialtoken','Can delete social application token');
INSERT INTO "auth_permission" VALUES(40,14,'add_corsmodel','Can add cors model');
INSERT INTO "auth_permission" VALUES(41,14,'change_corsmodel','Can change cors model');
INSERT INTO "auth_permission" VALUES(42,14,'delete_corsmodel','Can delete cors model');
INSERT INTO "auth_permission" VALUES(43,15,'add_gistsconfiguration','Can add Gists Configuration');
INSERT INTO "auth_permission" VALUES(44,15,'change_gistsconfiguration','Can change Gists Configuration');
INSERT INTO "auth_permission" VALUES(45,15,'delete_gistsconfiguration','Can delete Gists Configuration');
INSERT INTO "auth_permission" VALUES(46,16,'add_sentence','Can add sentence');
INSERT INTO "auth_permission" VALUES(47,16,'change_sentence','Can change sentence');
INSERT INTO "auth_permission" VALUES(48,16,'delete_sentence','Can delete sentence');
INSERT INTO "auth_permission" VALUES(49,17,'add_tree','Can add tree');
INSERT INTO "auth_permission" VALUES(50,17,'change_tree','Can change tree');
INSERT INTO "auth_permission" VALUES(51,17,'delete_tree','Can delete tree');
INSERT INTO "auth_permission" VALUES(52,18,'add_profile','Can add profile');
INSERT INTO "auth_permission" VALUES(53,18,'change_profile','Can change profile');
INSERT INTO "auth_permission" VALUES(54,18,'delete_profile','Can delete profile');
INSERT INTO "auth_permission" VALUES(55,19,'add_questionnaire','Can add questionnaire');
INSERT INTO "auth_permission" VALUES(56,19,'change_questionnaire','Can change questionnaire');
INSERT INTO "auth_permission" VALUES(57,19,'delete_questionnaire','Can delete questionnaire');
INSERT INTO "auth_permission" VALUES(58,20,'add_wordspan','Can add word span');
INSERT INTO "auth_permission" VALUES(59,20,'change_wordspan','Can change word span');
INSERT INTO "auth_permission" VALUES(60,20,'delete_wordspan','Can delete word span');
INSERT INTO "auth_permission" VALUES(61,21,'add_comment','Can add comment');
INSERT INTO "auth_permission" VALUES(62,21,'change_comment','Can change comment');
INSERT INTO "auth_permission" VALUES(63,21,'delete_comment','Can delete comment');
CREATE TABLE "auth_user" ("id" integer NOT NULL PRIMARY KEY AUTOINCREMENT, "password" varchar(128) NOT NULL, "last_login" datetime NULL, "is_superuser" bool NOT NULL, "first_name" varchar(30) NOT NULL, "last_name" varchar(30) NOT NULL, "email" varchar(254) NOT NULL, "is_staff" bool NOT NULL, "is_active" bool NOT NULL, "date_joined" datetime NOT NULL, "username" varchar(30) NOT NULL UNIQUE);
INSERT INTO "auth_user" VALUES(1,'pbkdf2_sha256$24000$Jv5g0eQue3Na$JAz7h9YAs5RVSiZ1VGb2cmZr0ebKuvLlaelO7voLvuo=','2017-01-08 21:49:13.534159',1,'','','admin@example.com',1,1,'2017-01-08 21:41:39.726806','admin');
INSERT INTO "auth_user" VALUES(2,'pbkdf2_sha256$24000$poKoxKIc0BoR$Z8ywDpzCOxeyOlsn4QH84ssAdEW2uyqkTeoa3bAh9Ko=','2017-01-08 21:41:56.267335',0,'','','t11@browser.test',0,1,'2017-01-08 21:41:56.197951','t11');
INSERT INTO "auth_user" VALUES(3,'pbkdf2_sha256$24000$BpKVAL0McU2i$oCCBtWhAnnsd3bH6gQRNMlsHEIsQkuMOqU6zg2y3c40=','2017-01-08 21:42:11.073304',0,'','','t9@browser.test',0,1,'2017-01-08 21:42:10.986894','t9');
INSERT INTO "auth_user" VALUES(4,'pbkdf2_sha256$24000$7EznkfUQ7VNC$aB7Xh+l5vw2F22RN4KMmOfiqXI0E11i0WZcEn6pLueA=','2017-01-08 21:42:14.664883',0,'','','t13@browser.test',0,1,'2017-01-08 21:42:14.617496','t13');
INSERT INTO "auth_user" VALUES(5,'pbkdf2_sha256$24000$ycYgVswgE8ko$UGhA50dwRWS2iRz1CyuzYAFy5Qi/IU6/7SYXwU/z2zQ=','2017-01-08 21:42:14.785567',0,'','','t4@browser.test',0,1,'2017-01-08 21:42:14.734135','t4');
INSERT INTO "auth_user" VALUES(6,'pbkdf2_sha256$24000$sBYomDWsjN3d$iJLgcxCNMNiJ0nSvCrqGcg22pQ/3caK6N+yEU3fKybA=','2017-01-08 21:42:52.641368',0,'','','t14@browser.test',0,1,'2017-01-08 21:42:52.584018','t14');
INSERT INTO "auth_user" VALUES(7,'pbkdf2_sha256$24000$pLuPTgCifT6N$IXnaupone39FezSRo3Tl4Siv/KKweQDtSUQdQJgxZzQ=','2017-01-08 21:42:57.872994',0,'','','t0@browser.test',0,1,'2017-01-08 21:42:57.784878','t0');
INSERT INTO "auth_user" VALUES(8,'pbkdf2_sha256$24000$7M6JNbqmVzag$9GsHIpsea63s3lMccEGylmB8SE5Lq4zszUxywcf5H0o=','2017-01-08 21:43:28.844453',0,'','','t6@browser.test',0,1,'2017-01-08 21:43:28.767470','t6');
INSERT INTO "auth_user" VALUES(9,'pbkdf2_sha256$24000$ndFxz8ayncqp$8ii0VMdpjzHXoce2l9JWl1BqGdh+hnyAopwdZsVs0cw=','2017-01-08 21:43:56.143501',0,'','','t5@browser.test',0,1,'2017-01-08 21:43:56.070340','t5');
INSERT INTO "auth_user" VALUES(10,'pbkdf2_sha256$24000$ER8e4FTHX868$FFoZyGbfxZUuSvm4yIM43br5s4+c2uN7rEKFYCWG0SY=','2017-01-08 21:44:00.848105',0,'','','t8@browser.test',0,1,'2017-01-08 21:44:00.727194','t8');
INSERT INTO "auth_user" VALUES(11,'pbkdf2_sha256$24000$CFQDlExqUora$Qwdn+TMRbG9LD5ChuE84VzQ705xxZeoxh5ir2C7JOf0=','2017-01-08 21:44:45.746756',0,'','','t2@browser.test',0,1,'2017-01-08 21:44:45.551602','t2');
INSERT INTO "auth_user" VALUES(12,'pbkdf2_sha256$24000$GG0HmENou8eA$c4VFW0tDOXY3AEJFTl4e+LPvYiVY2a+j0ghRkOsBchQ=','2017-01-08 21:44:57.182553',0,'','','t12@browser.test',0,1,'2017-01-08 21:44:57.084106','t12');
INSERT INTO "auth_user" VALUES(13,'pbkdf2_sha256$24000$EAn9Rn18wmDR$Lk/Ucc92VtnSk1j9W2yQ6oHtznXOSNQIKN2hqN7dKcM=','2017-01-08 21:45:08.525380',0,'','','t7@browser.test',0,1,'2017-01-08 21:45:08.373507','t7');
INSERT INTO "auth_user" VALUES(14,'pbkdf2_sha256$24000$npWTwp5qJ57S$uP0Ak4T7tgml8JGO5JLIV5NJU1EHUoKiulLqlw0Uwrs=','2017-01-08 21:45:18.596228',0,'','','t1@browser.test',0,1,'2017-01-08 21:45:18.404067','t1');
INSERT INTO "auth_user" VALUES(15,'pbkdf2_sha256$24000$hYOQprSqe7Li$B+1PyDb+eO8lPURIAFCy+QPgKBl/8QvGpuQG6t0ySf4=','2017-01-08 21:45:27.392178',0,'','','t3@browser.test',0,1,'2017-01-08 21:45:27.182741','t3');
INSERT INTO "auth_user" VALUES(16,'pbkdf2_sha256$24000$Hp9T943bxh65$3ohUxAXo7XJ6fqDL53dIw35d77tI8QW+5Ng1Ue2465k=','2017-01-08 21:46:12.072820',0,'','','t10@browser.test',0,1,'2017-01-08 21:46:11.930063','t10');
CREATE TABLE "auth_user_groups" ("id" integer NOT NULL PRIMARY KEY AUTOINCREMENT, "user_id" integer NOT NULL REFERENCES "auth_user" ("id"), "group_id" integer NOT NULL REFERENCES "auth_group" ("id"));
CREATE TABLE "auth_user_user_permissions" ("id" integer NOT NULL PRIMARY KEY AUTOINCREMENT, "user_id" integer NOT NULL REFERENCES "auth_user" ("id"), "permission_id" integer NOT NULL REFERENCES "auth_permission" ("id"));
CREATE TABLE "authtoken_token" ("key" varchar(40) NOT NULL PRIMARY KEY, "created" datetime NOT NULL, "user_id" integer NOT NULL UNIQUE REFERENCES "auth_user" ("id"));
INSERT INTO "authtoken_token" VALUES('3ee9629561d83688eb6bed1cb78508c07c3020f0','2017-01-08 21:41:56.223240',2);
INSERT INTO "authtoken_token" VALUES('25cddc396b1ce986d9e22cd6c4ae9c0811ec9cd4','2017-01-08 21:42:11.049774',3);
INSERT INTO "authtoken_token" VALUES('4d8bd2e9bb8a5d287ea892857fe665de1febcb69','2017-01-08 21:42:14.654326',4);
INSERT INTO "authtoken_token" VALUES('431ae485dc4bdd6b006f1c12b2698ea12cde41ff','2017-01-08 21:42:14.773783',5);
INSERT INTO "authtoken_token" VALUES('93da30c60a1bdde7b8229db5c02020c873269ab6','2017-01-08 21:42:52.624059',6);
INSERT INTO "authtoken_token" VALUES('73fd3ab0b1e5f8e566d00c9dfaad63428b4033f3','2017-01-08 21:42:57.855063',7);
INSERT INTO "authtoken_token" VALUES('940550df023d9bf199754bd24c44f31a18c5622c','2017-01-08 21:43:28.822668',8);
INSERT INTO "authtoken_token" VALUES('cea5dd559e4e3d3ab3ea81f2881915a429d94a6c','2017-01-08 21:43:56.125564',9);
INSERT INTO "authtoken_token" VALUES('4e951c384b325222f9932b8e61e5f6c333e99c0f','2017-01-08 21:44:00.825721',10);
INSERT INTO "authtoken_token" VALUES('8f4b403cd5a9167d2f9cc08ff959226710f97afd','2017-01-08 21:44:45.698908',11);
INSERT INTO "authtoken_token" VALUES('f26abb2cd21f1246bce358a2850f5caaada57585','2017-01-08 21:44:57.159859',12);
INSERT INTO "authtoken_token" VALUES('ddd34182c7874463dc53b5d970e5195847d50902','2017-01-08 21:45:08.477212',13);
INSERT INTO "authtoken_token" VALUES('73dbb8e9d3f26288637c40ab1733fa32e8d8a468','2017-01-08 21:45:18.530108',14);
INSERT INTO "authtoken_token" VALUES('2a1c98837d95d770085e617b3afa9f1ee8d3853a','2017-01-08 21:45:27.314829',15);
INSERT INTO "authtoken_token" VALUES('700beb0261dc900034a36b74c721e10694aa9cc7','2017-01-08 21:46:12.031368',16);
INSERT INTO "authtoken_token" VALUES('81d0da803eda2428fb2ddaaf5dec6c9a3172a93e','2017-01-08 21:49:13.531922',1);
CREATE TABLE "corsheaders_corsmodel" ("id" integer NOT NULL PRIMARY KEY AUTOINCREMENT, "cors" varchar(255) NOT NULL);
CREATE TABLE "django_admin_log" ("id" integer NOT NULL PRIMARY KEY AUTOINCREMENT, "object_id" text NULL, "object_repr" varchar(200) NOT NULL, "action_flag" smallint unsigned NOT NULL, "change_message" text NOT NULL, "content_type_id" integer NULL REFERENCES "django_content_type" ("id"), "user_id" integer NOT NULL REFERENCES "auth_user" ("id"), "action_time" datetime NOT NULL);
CREATE TABLE "django_content_type" ("id" integer NOT NULL PRIMARY KEY AUTOINCREMENT, "app_label" varchar(100) NOT NULL, "model" varchar(100) NOT NULL);
INSERT INTO "django_content_type" VALUES(1,'admin','logentry');
INSERT INTO "django_content_type" VALUES(2,'auth','permission');
INSERT INTO "django_content_type" VALUES(3,'auth','group');
INSERT INTO "django_content_type" VALUES(4,'auth','user');
INSERT INTO "django_content_type" VALUES(5,'contenttypes','contenttype');
INSERT INTO "django_content_type" VALUES(6,'sessions','session');
INSERT INTO "django_content_type" VALUES(7,'sites','site');
INSERT INTO "django_content_type" VALUES(8,'authtoken','token');
INSERT INTO "django_content_type" VALUES(9,'account','emailaddress');
INSERT INTO "django_content_type" VALUES(10,'account','emailconfirmation');
INSERT INTO "django_content_type" VALUES(11,'socialaccount','socialapp');
INSERT INTO "django_content_type" VALUES(12,'socialaccount','socialaccount');
INSERT INTO "django_content_type" VALUES(13,'socialaccount','socialtoken');
INSERT INTO "django_content_type" VALUES(14,'corsheaders','corsmodel');
INSERT INTO "django_content_type" VALUES(15,'gists','gistsconfiguration');
INSERT INTO "django_content_type" VALUES(16,'gists','sentence');
INSERT INTO "django_content_type" VALUES(17,'gists','tree');
INSERT INTO "django_content_type" VALUES(18,'gists','profile');
INSERT INTO "django_content_type" VALUES(19,'gists','questionnaire');
INSERT INTO "django_content_type" VALUES(20,'gists','wordspan');
INSERT INTO "django_content_type" VALUES(21,'gists','comment');
CREATE TABLE "django_migrations" ("id" integer NOT NULL PRIMARY KEY AUTOINCREMENT, "app" varchar(255) NOT NULL, "name" varchar(255) NOT NULL, "applied" datetime NOT NULL);
INSERT INTO "django_migrations" VALUES(1,'contenttypes','0001_initial','2017-01-08 21:41:39.166970');
INSERT INTO "django_migrations" VALUES(2,'auth','0001_initial','2017-01-08 21:41:39.181148');
INSERT INTO "django_migrations" VALUES(3,'account','0001_initial','2017-01-08 21:41:39.196374');
INSERT INTO "django_migrations" VALUES(4,'account','0002_email_max_length','2017-01-08 21:41:39.205350');
INSERT INTO "django_migrations" VALUES(5,'admin','0001_initial','2017-01-08 21:41:39.216494');
INSERT INTO "django_migrations" VALUES(6,'admin','0002_logentry_remove_auto_add','2017-01-08 21:41:39.227324');
INSERT INTO "django_migrations" VALUES(7,'contenttypes','0002_remove_content_type_name','2017-01-08 21:41:39.254307');
INSERT INTO "django_migrations" VALUES(8,'auth','0002_alter_permission_name_max_length','2017-01-08 21:41:39.264159');
INSERT INTO "django_migrations" VALUES(9,'auth','0003_alter_user_email_max_length','2017-01-08 21:41:39.273964');
INSERT INTO "django_migrations" VALUES(10,'auth','0004_alter_user_username_opts','2017-01-08 21:41:39.285423');
INSERT INTO "django_migrations" VALUES(11,'auth','0005_alter_user_last_login_null','2017-01-08 21:41:39.294983');
INSERT INTO "django_migrations" VALUES(12,'auth','0006_require_contenttypes_0002','2017-01-08 21:41:39.295551');
INSERT INTO "django_migrations" VALUES(13,'auth','0007_alter_validators_add_error_messages','2017-01-08 21:41:39.305074');
INSERT INTO "django_migrations" VALUES(14,'authtoken','0001_initial','2017-01-08 21:41:39.314021');
INSERT INTO "django_migrations" VALUES(15,'gists','0001_initial','2017-01-08 21:41:39.432032');
INSERT INTO "django_migrations" VALUES(16,'gists','0002_comment_meta','2017-01-08 21:41:39.447371');
INSERT INTO "django_migrations" VALUES(17,'gists','0003_tree_last_served','2017-01-08 21:41:39.462813');
INSERT INTO "django_migrations" VALUES(18,'gists','0004_auto_20170108_1740','2017-01-08 21:41:39.478096');
INSERT INTO "django_migrations" VALUES(19,'sessions','0001_initial','2017-01-08 21:41:39.480855');
INSERT INTO "django_migrations" VALUES(20,'sites','0001_initial','2017-01-08 21:41:39.483436');
INSERT INTO "django_migrations" VALUES(21,'sites','0002_alter_domain_unique','2017-01-08 21:41:39.487053');
INSERT INTO "django_migrations" VALUES(22,'socialaccount','0001_initial','2017-01-08 21:41:39.565471');
INSERT INTO "django_migrations" VALUES(23,'socialaccount','0002_token_max_lengths','2017-01-08 21:41:39.640989');
CREATE TABLE "django_session" ("session_key" varchar(40) NOT NULL PRIMARY KEY, "session_data" text NOT NULL, "expire_date" datetime NOT NULL);
INSERT INTO "django_session" VALUES('9e66a5z4xh1fbfjoil2vfj5eriklioas','OTM3NmFjYmY5MGU4ZDlkNjRiZTliNmRkNDc5ZWQyMWJiZGZjMGIyMTp7ImFjY291bnRfdmVyaWZpZWRfZW1haWwiOm51bGwsImFjY291bnRfdXNlciI6IjIiLCJfYXV0aF91c2VyX2lkIjoiMiIsIl9hdXRoX3VzZXJfYmFja2VuZCI6ImFsbGF1dGguYWNjb3VudC5hdXRoX2JhY2tlbmRzLkF1dGhlbnRpY2F0aW9uQmFja2VuZCIsIl9hdXRoX3VzZXJfaGFzaCI6ImMzOGI1NDJiMDQxYzU1MTkyYjg5ZmRkNjNkODVjY2Y2Y2M5ZGQyZWYifQ==','2017-01-22 21:41:56.270104');
INSERT INTO "django_session" VALUES('ppi17yubrsjgfpw1fh2lrz90s4dyjrqc','NTg2NDlmOWE3MGY0ODczMDEyYjY4Mjc0MWRkNTlkMWY5MGQ5ZWI4ZTp7ImFjY291bnRfdmVyaWZpZWRfZW1haWwiOm51bGwsImFjY291bnRfdXNlciI6IjMiLCJfYXV0aF91c2VyX2lkIjoiMyIsIl9hdXRoX3VzZXJfYmFja2VuZCI6ImFsbGF1dGguYWNjb3VudC5hdXRoX2JhY2tlbmRzLkF1dGhlbnRpY2F0aW9uQmFja2VuZCIsIl9hdXRoX3VzZXJfaGFzaCI6ImMwM2I5NGRjMzkwYzI4OTg5NDE0MjU5MTQyNmZlYmY0ZDQ3ZWFjODIifQ==','2017-01-22 21:42:11.077915');
INSERT INTO "django_session" VALUES('ug8nkkz3w6elxfar9e1vobkg6iu1vt8r','OWExYzNiYTJmOWQ5ZTk3ZTM1OTVhZjI4YjU1ZjhlYmU0MTJhNTQ0MTp7ImFjY291bnRfdmVyaWZpZWRfZW1haWwiOm51bGwsImFjY291bnRfdXNlciI6IjQiLCJfYXV0aF91c2VyX2lkIjoiNCIsIl9hdXRoX3VzZXJfYmFja2VuZCI6ImFsbGF1dGguYWNjb3VudC5hdXRoX2JhY2tlbmRzLkF1dGhlbnRpY2F0aW9uQmFja2VuZCIsIl9hdXRoX3VzZXJfaGFzaCI6Ijg1M2U2MDkzOTU2YTVkYzgwYzczMTk5ZTYxYzQ3NTFhMzhmNTQ4MWYifQ==','2017-01-22 21:42:14.667263');
INSERT INTO "django_session" VALUES('7u87167bmmprsyd2oixasbnqeuoy9znw','NTg4NjZkZDYxZDMxNGJjMGM5MjczZGFkOWFiZDNlOTI4NDk5YmI4Nzp7ImFjY291bnRfdmVyaWZpZWRfZW1haWwiOm51bGwsImFjY291bnRfdXNlciI6IjUiLCJfYXV0aF91c2VyX2lkIjoiNSIsIl9hdXRoX3VzZXJfYmFja2VuZCI6ImFsbGF1dGguYWNjb3VudC5hdXRoX2JhY2tlbmRzLkF1dGhlbnRpY2F0aW9uQmFja2VuZCIsIl9hdXRoX3VzZXJfaGFzaCI6IjA0ODM5YWM3NDNiNmNkN2I3MWE5NWE3MWE4NzNkNDMxOTc4MjFhZWIifQ==','2017-01-22 21:42:14.787826');
INSERT INTO "django_session" VALUES('vsfmf075r7n047bamjlt33tkeksmjblw','ZjE5ZDgxYzIxYzQ3NDI5ZmU0YmVlNWQxNTZjYmI4MWM5ZTdmM2Y2MTp7ImFjY291bnRfdmVyaWZpZWRfZW1haWwiOm51bGwsImFjY291bnRfdXNlciI6IjYiLCJfYXV0aF91c2VyX2lkIjoiNiIsIl9hdXRoX3VzZXJfYmFja2VuZCI6ImFsbGF1dGguYWNjb3VudC5hdXRoX2JhY2tlbmRzLkF1dGhlbnRpY2F0aW9uQmFja2VuZCIsIl9hdXRoX3VzZXJfaGFzaCI6ImRmMDJhNDAzNmY1YWNiODMyZjUxMTcwYjg4ZmUzNjlmMTg5M2E0ZDUifQ==','2017-01-22 21:42:52.645403');
INSERT INTO "django_session" VALUES('9l86okdmujwieidokzquczxa636pldjk','NmI2NmE2NzFmZDMwMWIwMTg5ZjI5MzZhMGJjMWRjMmUwZWExYTEyYTp7ImFjY291bnRfdmVyaWZpZWRfZW1haWwiOm51bGwsImFjY291bnRfdXNlciI6IjciLCJfYXV0aF91c2VyX2lkIjoiNyIsIl9hdXRoX3VzZXJfYmFja2VuZCI6ImFsbGF1dGguYWNjb3VudC5hdXRoX2JhY2tlbmRzLkF1dGhlbnRpY2F0aW9uQmFja2VuZCIsIl9hdXRoX3VzZXJfaGFzaCI6ImM3MDYzYTExMmRkMzlhZWQxNDg3NjM3M2VkZjI0YjNhNDhmMzdkY2UifQ==','2017-01-22 21:42:57.876883');
INSERT INTO "django_session" VALUES('gmobvyw7caneje29fsq526mahwakas8j','ZGUxYzVlODY3MWQ1OTRhZjc4NDMyYzMyMmM5M2EwYmYxMmE2OGZjMzp7ImFjY291bnRfdmVyaWZpZWRfZW1haWwiOm51bGwsImFjY291bnRfdXNlciI6IjgiLCJfYXV0aF91c2VyX2lkIjoiOCIsIl9hdXRoX3VzZXJfYmFja2VuZCI6ImFsbGF1dGguYWNjb3VudC5hdXRoX2JhY2tlbmRzLkF1dGhlbnRpY2F0aW9uQmFja2VuZCIsIl9hdXRoX3VzZXJfaGFzaCI6ImMyZmRkNzI3OTYzOTlkNzA0NDhhOTI5YjE5MDFhYzRkMDllNjQ2MDEifQ==','2017-01-22 21:43:28.849844');
INSERT INTO "django_session" VALUES('cifi74rjli49bxrhd3q0fr31ct5cb0gi','Y2JlYjU5YTA4NTI2ZGU3NTc1YTVjMjAwZTgwN2ViNmI1NTVhNjczYzp7ImFjY291bnRfdmVyaWZpZWRfZW1haWwiOm51bGwsImFjY291bnRfdXNlciI6IjkiLCJfYXV0aF91c2VyX2lkIjoiOSIsIl9hdXRoX3VzZXJfYmFja2VuZCI6ImFsbGF1dGguYWNjb3VudC5hdXRoX2JhY2tlbmRzLkF1dGhlbnRpY2F0aW9uQmFja2VuZCIsIl9hdXRoX3VzZXJfaGFzaCI6ImYyYTg1ZjYyNTUwMTVlMzFiMDMxYmRmNDdjMDYzMDg3Njc2ZWY0YWIifQ==','2017-01-22 21:43:56.148128');
INSERT INTO "django_session" VALUES('kjxkpw3yv0xd6yw2oghsjhf0cjc446tv','NzQ1ZjgwYTRkZTZiODA1NGEzNTVlMDVkMGUwY2M1NDZhZWZkZDViOTp7ImFjY291bnRfdmVyaWZpZWRfZW1haWwiOm51bGwsImFjY291bnRfdXNlciI6ImEiLCJfYXV0aF91c2VyX2lkIjoiMTAiLCJfYXV0aF91c2VyX2JhY2tlbmQiOiJhbGxhdXRoLmFjY291bnQuYXV0aF9iYWNrZW5kcy5BdXRoZW50aWNhdGlvbkJhY2tlbmQiLCJfYXV0aF91c2VyX2hhc2giOiJmMjEwYzYxM2IwZGU4ZjRmZTM2MWE5ZjY3MTZlNDAyZjdmMzdlYzhiIn0=','2017-01-22 21:44:00.853925');
INSERT INTO "django_session" VALUES('5hg0t5ieb169lsogluqxtwmgdek8f4ad','M2Y4MGNiZWRiMzE0MDM5MTIxYTc4ZDU3ZWUwMGUwZTZmYmQ0NDE1MDp7ImFjY291bnRfdmVyaWZpZWRfZW1haWwiOm51bGwsImFjY291bnRfdXNlciI6ImIiLCJfYXV0aF91c2VyX2lkIjoiMTEiLCJfYXV0aF91c2VyX2JhY2tlbmQiOiJhbGxhdXRoLmFjY291bnQuYXV0aF9iYWNrZW5kcy5BdXRoZW50aWNhdGlvbkJhY2tlbmQiLCJfYXV0aF91c2VyX2hhc2giOiI5NTRhNTVkM2Y3YjI0MDViMzlhYzc5OGQwNjFhNGU1NTU2ODQzYjJkIn0=','2017-01-22 21:44:45.752388');
INSERT INTO "django_session" VALUES('o1o6z6x1k5q2gakdde4b59l20mpj8qo7','NDVjNTUyNzlkMjNlODJjMGYxZTM2MTY1ZWZmNDdkOWE0MWE2MzFkNDp7ImFjY291bnRfdmVyaWZpZWRfZW1haWwiOm51bGwsImFjY291bnRfdXNlciI6ImMiLCJfYXV0aF91c2VyX2lkIjoiMTIiLCJfYXV0aF91c2VyX2JhY2tlbmQiOiJhbGxhdXRoLmFjY291bnQuYXV0aF9iYWNrZW5kcy5BdXRoZW50aWNhdGlvbkJhY2tlbmQiLCJfYXV0aF91c2VyX2hhc2giOiJiZDY3Y2Q2NGFiY2QzYmU1YmRkYmUxZTNhYTFhNzczMmY4ZjI0OTk3In0=','2017-01-22 21:44:57.190718');
INSERT INTO "django_session" VALUES('ydyrhf4txbmf1lb5rwqxi7ki4nm8g7k8','Mjk4MzY0MTIyOGEyZTk4Y2Y3MDBkN2JmMzk5NmVmYzQwZDczNzJiODp7ImFjY291bnRfdmVyaWZpZWRfZW1haWwiOm51bGwsImFjY291bnRfdXNlciI6ImQiLCJfYXV0aF91c2VyX2lkIjoiMTMiLCJfYXV0aF91c2VyX2JhY2tlbmQiOiJhbGxhdXRoLmFjY291bnQuYXV0aF9iYWNrZW5kcy5BdXRoZW50aWNhdGlvbkJhY2tlbmQiLCJfYXV0aF91c2VyX2hhc2giOiI0YmM4YzU0YTIzOTVlYjMwOTgwYjg5OWI3YTdjMGQwNmY1YTRiMzM2In0=','2017-01-22 21:45:08.530424');
INSERT INTO "django_session" VALUES('hvewuu14brekr2vbigbrb6zcb0r43mmj','YTk1YTMzYjEyMzgxYWY2ZWU5MThhYTA2NGEwNzA5NGU5YzY4MzNjYzp7ImFjY291bnRfdmVyaWZpZWRfZW1haWwiOm51bGwsImFjY291bnRfdXNlciI6ImUiLCJfYXV0aF91c2VyX2lkIjoiMTQiLCJfYXV0aF91c2VyX2JhY2tlbmQiOiJhbGxhdXRoLmFjY291bnQuYXV0aF9iYWNrZW5kcy5BdXRoZW50aWNhdGlvbkJhY2tlbmQiLCJfYXV0aF91c2VyX2hhc2giOiJhYWU4NDJlYTNlY2IzMzZkYTA5ZjZhOGU3YzNlOGI3ZmEwODQ5NDE5In0=','2017-01-22 21:45:18.600474');
INSERT INTO "django_session" VALUES('e80ejge0exnabiv7kgxnyqo4jdm43kst','NTIyNWQzMzU0NWViZGMxNTE4YzkxZWE1ODU2Yzk4MGJiODNmNGJjNzp7ImFjY291bnRfdmVyaWZpZWRfZW1haWwiOm51bGwsImFjY291bnRfdXNlciI6ImYiLCJfYXV0aF91c2VyX2lkIjoiMTUiLCJfYXV0aF91c2VyX2JhY2tlbmQiOiJhbGxhdXRoLmFjY291bnQuYXV0aF9iYWNrZW5kcy5BdXRoZW50aWNhdGlvbkJhY2tlbmQiLCJfYXV0aF91c2VyX2hhc2giOiJkOWZjMmY3MDRiOTRhNDU5ZGY1ZmE1NTJmZmVlZDRlYjAwZDBiNWM5In0=','2017-01-22 21:45:27.406111');
INSERT INTO "django_session" VALUES('gvasimwq3wek775sg36n2wowk9yaqyzn','N2VlOTVmMzRiYmMyMWU5MzNhZWQ4NzNjZDRlMWZkMTA5ZDQwYmMyZjp7ImFjY291bnRfdmVyaWZpZWRfZW1haWwiOm51bGwsImFjY291bnRfdXNlciI6ImciLCJfYXV0aF91c2VyX2lkIjoiMTYiLCJfYXV0aF91c2VyX2JhY2tlbmQiOiJhbGxhdXRoLmFjY291bnQuYXV0aF9iYWNrZW5kcy5BdXRoZW50aWNhdGlvbkJhY2tlbmQiLCJfYXV0aF91c2VyX2hhc2giOiIwODZiMDA1MjJmZjk2NWVmYWJlNGRlNmQ4YjVlYzU4YjQ4YmQyMDhjIn0=','2017-01-22 21:46:12.077689');
INSERT INTO "django_session" VALUES('9aao6pj9oeobei3un4mgmi54g0gcf79w','NmZmNDZkMmI0Yjg2MTg3MmM1M2VhNGY5ZTRiZDlkM2IwZDQ2OTJmZTp7Il9hdXRoX3VzZXJfaWQiOiIxIiwiX2F1dGhfdXNlcl9iYWNrZW5kIjoiZGphbmdvLmNvbnRyaWIuYXV0aC5iYWNrZW5kcy5Nb2RlbEJhY2tlbmQiLCJfYXV0aF91c2VyX2hhc2giOiI2NWExMDEyYjBjMjkwNTdjYmNhZmY4NTMxM2NlYjhjMmYxZTBiNWQ1In0=','2017-01-22 21:49:13.535372');
CREATE TABLE "django_site" ("id" integer NOT NULL PRIMARY KEY AUTOINCREMENT, "name" varchar(50) NOT NULL, "domain" varchar(100) NOT NULL UNIQUE);
INSERT INTO "django_site" VALUES(1,'example.com','example.com');
CREATE TABLE "gists_comment" ("id" integer NOT NULL PRIMARY KEY AUTOINCREMENT, "created" datetime NOT NULL, "email" varchar(254) NOT NULL, "text" varchar(5000) NOT NULL, "profile_id" integer NOT NULL REFERENCES "gists_profile" ("id"), "meta" varchar(5000) NOT NULL);
CREATE TABLE "gists_gistsconfiguration" ("id" integer NOT NULL PRIMARY KEY AUTOINCREMENT, "target_branch_depth" integer unsigned NOT NULL, "target_branch_count" integer unsigned NOT NULL, "branch_probability" real NOT NULL, "read_factor" integer unsigned NOT NULL, "write_factor" integer unsigned NOT NULL, "min_tokens" integer unsigned NOT NULL, "pause_period" integer unsigned NOT NULL, "experiment_work" integer unsigned NOT NULL, "training_work" integer unsigned NOT NULL, "base_credit" integer unsigned NOT NULL);
INSERT INTO "gists_gistsconfiguration" VALUES(1,5,3,0.8,1,5,10,10,10,2,0);
CREATE TABLE "gists_profile" ("id" integer NOT NULL PRIMARY KEY AUTOINCREMENT, "created" datetime NOT NULL, "mothertongue" varchar(100) NOT NULL, "trained_reformulations" bool NOT NULL, "introduced_exp_home" bool NOT NULL, "introduced_exp_play" bool NOT NULL, "introduced_play_home" bool NOT NULL, "introduced_play_play" bool NOT NULL, "prolific_id" varchar(50) NULL, "user_id" integer NOT NULL UNIQUE REFERENCES "auth_user" ("id"));
INSERT INTO "gists_profile" VALUES(1,'2017-01-08 21:41:39.747921','english',0,0,0,0,0,NULL,1);
INSERT INTO "gists_profile" VALUES(2,'2017-01-08 21:41:56.298042','english',1,1,1,0,0,NULL,2);
INSERT INTO "gists_profile" VALUES(3,'2017-01-08 21:42:11.111047','english',1,1,1,0,0,NULL,3);
INSERT INTO "gists_profile" VALUES(4,'2017-01-08 21:42:14.705953','english',1,1,1,0,0,NULL,4);
INSERT INTO "gists_profile" VALUES(5,'2017-01-08 21:42:14.829123','english',1,1,1,0,0,NULL,5);
INSERT INTO "gists_profile" VALUES(6,'2017-01-08 21:42:52.689345','english',1,1,1,0,0,NULL,6);
INSERT INTO "gists_profile" VALUES(7,'2017-01-08 21:42:57.938955','english',1,1,1,0,0,NULL,7);
INSERT INTO "gists_profile" VALUES(8,'2017-01-08 21:43:28.886387','english',1,1,1,0,0,NULL,8);
INSERT INTO "gists_profile" VALUES(9,'2017-01-08 21:43:56.199256','english',1,1,1,0,0,NULL,9);
INSERT INTO "gists_profile" VALUES(10,'2017-01-08 21:44:00.935357','english',1,1,1,0,0,NULL,10);
INSERT INTO "gists_profile" VALUES(11,'2017-01-08 21:44:45.821509','english',1,1,1,0,0,NULL,11);
INSERT INTO "gists_profile" VALUES(12,'2017-01-08 21:44:57.250329','english',1,1,1,0,0,NULL,12);
INSERT INTO "gists_profile" VALUES(13,'2017-01-08 21:45:08.664436','english',1,1,1,0,0,NULL,13);
INSERT INTO "gists_profile" VALUES(14,'2017-01-08 21:45:18.708711','english',1,1,1,0,0,NULL,14);
INSERT INTO "gists_profile" VALUES(15,'2017-01-08 21:45:27.649298','english',1,1,1,0,0,NULL,15);
INSERT INTO "gists_profile" VALUES(16,'2017-01-08 21:46:12.171055','english',1,1,1,0,0,NULL,16);
CREATE TABLE "gists_questionnaire" ("id" integer NOT NULL PRIMARY KEY AUTOINCREMENT, "created" datetime NOT NULL, "age" smallint unsigned NOT NULL, "gender" varchar(100) NOT NULL, "informed" bool NOT NULL, "informed_how" varchar(500) NOT NULL, "informed_what" varchar(500) NOT NULL, "education_level" varchar(5) NOT NULL, "education_freetext" varchar(500) NOT NULL, "job_type" varchar(5) NOT NULL, "job_freetext" varchar(500) NOT NULL, "profile_id" integer NOT NULL UNIQUE REFERENCES "gists_profile" ("id"));
INSERT INTO "gists_questionnaire" VALUES(1,'2017-01-08 21:42:02.379552',20,'other',0,'-----','-----','3','Some education','-','Some job',2);
INSERT INTO "gists_questionnaire" VALUES(2,'2017-01-08 21:42:17.529432',20,'other',0,'-----','-----','3','Some education','-','Some job',3);
INSERT INTO "gists_questionnaire" VALUES(3,'2017-01-08 21:42:21.348108',20,'other',0,'-----','-----','3','Some education','-','Some job',4);
INSERT INTO "gists_questionnaire" VALUES(4,'2017-01-08 21:42:21.460576',20,'other',0,'-----','-----','3','Some education','-','Some job',5);
INSERT INTO "gists_questionnaire" VALUES(5,'2017-01-08 21:42:59.631403',20,'other',0,'-----','-----','3','Some education','-','Some job',6);
INSERT INTO "gists_questionnaire" VALUES(6,'2017-01-08 21:43:04.653706',20,'other',0,'-----','-----','3','Some education','-','Some job',7);
INSERT INTO "gists_questionnaire" VALUES(7,'2017-01-08 21:43:35.721784',20,'other',0,'-----','-----','3','Some education','-','Some job',8);
INSERT INTO "gists_questionnaire" VALUES(8,'2017-01-08 21:44:03.775994',20,'other',0,'-----','-----','3','Some education','-','Some job',9);
INSERT INTO "gists_questionnaire" VALUES(9,'2017-01-08 21:44:09.316660',20,'other',0,'-----','-----','3','Some education','-','Some job',10);
INSERT INTO "gists_questionnaire" VALUES(10,'2017-01-08 21:44:54.126456',20,'other',0,'-----','-----','3','Some education','-','Some job',11);
INSERT INTO "gists_questionnaire" VALUES(11,'2017-01-08 21:45:05.638918',20,'other',0,'-----','-----','3','Some education','-','Some job',12);
INSERT INTO "gists_questionnaire" VALUES(12,'2017-01-08 21:45:17.893951',20,'other',0,'-----','-----','3','Some education','-','Some job',13);
INSERT INTO "gists_questionnaire" VALUES(13,'2017-01-08 21:45:28.897362',20,'other',0,'-----','-----','3','Some education','-','Some job',14);
INSERT INTO "gists_questionnaire" VALUES(14,'2017-01-08 21:45:36.558461',20,'other',0,'-----','-----','3','Some education','-','Some job',15);
INSERT INTO "gists_questionnaire" VALUES(15,'2017-01-08 21:46:20.218345',20,'other',0,'-----','-----','3','Some education','-','Some job',16);
CREATE TABLE "gists_sentence" ("id" integer NOT NULL PRIMARY KEY AUTOINCREMENT, "created" datetime NOT NULL, "text" varchar(5000) NOT NULL, "read_time_proportion" real NOT NULL, "read_time_allotted" real NOT NULL, "write_time_proportion" real NOT NULL, "write_time_allotted" real NOT NULL, "language" varchar(100) NOT NULL, "bucket" varchar(100) NOT NULL, "parent_id" integer NULL REFERENCES "gists_sentence" ("id"), "profile_id" integer NOT NULL REFERENCES "gists_profile" ("id"), "tree_id" integer NOT NULL REFERENCES "gists_tree" ("id"), "tree_as_root_id" integer NULL UNIQUE REFERENCES "gists_tree" ("id"));
INSERT INTO "gists_sentence" VALUES(1,'2017-01-08 21:41:39.749463','training root 0',0.0,0.0,0.0,0.0,'english','training',NULL,1,1,1);
INSERT INTO "gists_sentence" VALUES(2,'2017-01-08 21:41:39.750180','training root 1',0.0,0.0,0.0,0.0,'english','training',NULL,1,2,2);
INSERT INTO "gists_sentence" VALUES(3,'2017-01-08 21:41:39.750889','experiment root 0',0.0,0.0,0.0,0.0,'english','experiment',NULL,1,3,3);
INSERT INTO "gists_sentence" VALUES(4,'2017-01-08 21:41:39.751586','experiment root 1',0.0,0.0,0.0,0.0,'english','experiment',NULL,1,4,4);
INSERT INTO "gists_sentence" VALUES(5,'2017-01-08 21:41:39.752291','experiment root 2',0.0,0.0,0.0,0.0,'english','experiment',NULL,1,5,5);
INSERT INTO "gists_sentence" VALUES(6,'2017-01-08 21:41:39.752994','experiment root 3',0.0,0.0,0.0,0.0,'english','experiment',NULL,1,6,6);
INSERT INTO "gists_sentence" VALUES(7,'2017-01-08 21:41:39.753695','experiment root 4',0.0,0.0,0.0,0.0,'english','experiment',NULL,1,7,7);
INSERT INTO "gists_sentence" VALUES(8,'2017-01-08 21:41:39.754403','experiment root 5',0.0,0.0,0.0,0.0,'english','experiment',NULL,1,8,8);
INSERT INTO "gists_sentence" VALUES(9,'2017-01-08 21:41:39.755082','experiment root 6',0.0,0.0,0.0,0.0,'english','experiment',NULL,1,9,9);
INSERT INTO "gists_sentence" VALUES(10,'2017-01-08 21:41:39.755767','experiment root 7',0.0,0.0,0.0,0.0,'english','experiment',NULL,1,10,10);
INSERT INTO "gists_sentence" VALUES(11,'2017-01-08 21:41:39.756441','experiment root 8',0.0,0.0,0.0,0.0,'english','experiment',NULL,1,11,11);
INSERT INTO "gists_sentence" VALUES(12,'2017-01-08 21:41:39.757115','experiment root 9',0.0,0.0,0.0,0.0,'english','experiment',NULL,1,12,12);
INSERT INTO "gists_sentence" VALUES(13,'2017-01-08 21:42:45.733400','t11 t11 t11 t11 t11 t11 t11 t11 t11 t11 t11 t11 t11',1.0,3.0,4.07066666666666687746e-01,15.0,'english','experiment',5,2,5,NULL);
INSERT INTO "gists_sentence" VALUES(14,'2017-01-08 21:42:57.673516','t9 t9 t9 t9 t9 t9 t9 t9 t9 t9 t9 t9 t9 t9 t9',1.0,3.0,3.69266666666666687479e-01,15.0,'english','experiment',7,3,7,NULL);
INSERT INTO "gists_sentence" VALUES(15,'2017-01-08 21:42:59.471537','t11 t11 t11 t11 t11 t11 t11 t11 t11 t11 t11 t11 t11 t11 t11',1.0,3.0,4.98466666666666669005e-01,15.0,'english','experiment',10,2,10,NULL);
INSERT INTO "gists_sentence" VALUES(16,'2017-01-08 21:42:59.838170','t4 t4 t4 t4 t4 t4 t4 t4 t4 t4 t4 t4 t4',1.0,3.0,3.28333333333333310388e-01,15.0,'english','experiment',3,5,3,NULL);
INSERT INTO "gists_sentence" VALUES(17,'2017-01-08 21:43:03.304291','t13 t13 t13 t13 t13 t13 t13 t13 t13 t13 t13 t13 t13',1.0,3.0,4.29133333333333311099e-01,15.0,'english','experiment',4,4,4,NULL);
INSERT INTO "gists_sentence" VALUES(18,'2017-01-08 21:43:09.654526','t9 t9 t9 t9 t9 t9 t9 t9 t9 t9 t9 t9 t9 t9 t9',1.0,3.0,3.76733333333333308967e-01,15.0,'english','experiment',12,3,12,NULL);
INSERT INTO "gists_sentence" VALUES(19,'2017-01-08 21:43:11.358952','t4 t4 t4 t4 t4 t4 t4 t4 t4 t4 t4 t4 t4 t4',1.0,3.0,3.48133333333333350179e-01,15.0,'english','experiment',7,5,7,NULL);
INSERT INTO "gists_sentence" VALUES(20,'2017-01-08 21:43:13.190623','t11 t11 t11 t11 t11 t11 t11 t11 t11 t11 t11 t11 t11 t11 t11',1.0,3.0,4.91866666666666674245e-01,15.0,'english','experiment',6,2,6,NULL);
INSERT INTO "gists_sentence" VALUES(21,'2017-01-08 21:43:16.405183','t13 t13 t13 t13 t13 t13 t13 t13 t13 t13 t13 t13 t13 t13',1.0,3.0,4.54266666666666651952e-01,15.0,'english','experiment',11,4,11,NULL);
INSERT INTO "gists_sentence" VALUES(22,'2017-01-08 21:43:21.182470','t9 t9 t9 t9 t9 t9 t9 t9 t9 t9 t9 t9 t9 t9',1.0,3.0,3.42533333333333356307e-01,15.0,'english','experiment',5,3,5,NULL);
INSERT INTO "gists_sentence" VALUES(23,'2017-01-08 21:43:22.747470','t4 t4 t4 t4 t4 t4 t4 t4 t4 t4 t4 t4 t4 t4',1.0,3.0,0.3372,15.0,'english','experiment',12,5,12,NULL);
INSERT INTO "gists_sentence" VALUES(24,'2017-01-08 21:43:26.254040','t11 t11 t11 t11 t11 t11 t11 t11 t11 t11 t11 t11 t11 t11',1.0,3.0,4.54866666666666641383e-01,15.0,'english','experiment',3,2,3,NULL);
INSERT INTO "gists_sentence" VALUES(25,'2017-01-08 21:43:32.837792','t4 t4 t4 t4 t4 t4 t4 t4 t4 t4',1.0,3.0,2.5426666666666664085e-01,15.0,'english','experiment',9,5,9,NULL);
INSERT INTO "gists_sentence" VALUES(26,'2017-01-08 21:43:38.575871','t11 t11 t11 t11 t11 t11 t11 t11 t11 t11 t11 t11',1.0,3.0,4.01733333333333331172e-01,15.0,'english','experiment',12,2,12,NULL);
INSERT INTO "gists_sentence" VALUES(27,'2017-01-08 21:43:38.712089','t13 t13 t13 t13 t13 t13 t13 t13 t13 t13',1.0,14.0,7.11571428571428632459e-02,70.0,'english','experiment',19,4,7,NULL);
INSERT INTO "gists_sentence" VALUES(28,'2017-01-08 21:43:41.747636','t0 t0 t0 t0 t0 t0 t0 t0 t0 t0',1.0,3.0,2.56866666666666687568e-01,15.0,'english','experiment',4,7,4,NULL);
INSERT INTO "gists_sentence" VALUES(29,'2017-01-08 21:43:41.931283','t14 t14 t14 t14 t14 t14 t14 t14 t14 t14 t14',1.0,3.0,3.69533333333333324777e-01,15.0,'english','experiment',3,6,3,NULL);
INSERT INTO "gists_sentence" VALUES(30,'2017-01-08 21:43:43.004379','t4 t4 t4 t4 t4 t4 t4 t4 t4 t4',1.0,3.0,0.2546,15.0,'english','experiment',6,5,6,NULL);
INSERT INTO "gists_sentence" VALUES(31,'2017-01-08 21:43:43.951440','t9 t9 t9 t9 t9 t9 t9 t9 t9 t9 t9 t9',1.0,15.0,0.06032,75.0,'english','experiment',15,3,10,NULL);
INSERT INTO "gists_sentence" VALUES(32,'2017-01-08 21:43:53.197181','t4 t4 t4 t4 t4 t4 t4 t4 t4 t4',1.0,3.0,0.2664,15.0,'english','experiment',10,5,10,NULL);
INSERT INTO "gists_sentence" VALUES(33,'2017-01-08 21:43:54.020843','t0 t0 t0 t0 t0 t0 t0 t0 t0 t0 t0 t0 t0 t0 t0',1.0,3.0,3.89333333333333309056e-01,15.0,'english','experiment',9,7,9,NULL);
INSERT INTO "gists_sentence" VALUES(34,'2017-01-08 21:43:55.887747','t9 t9 t9 t9 t9 t9 t9 t9 t9 t9 t9 t9 t9 t9',1.0,3.0,3.79866666666666685792e-01,15.0,'english','experiment',6,3,6,NULL);
INSERT INTO "gists_sentence" VALUES(35,'2017-01-08 21:43:58.284292','t11 t11 t11 t11 t11 t11 t11 t11 t11 t11 t11 t11',1.0,10.0,0.12644,50.0,'english','experiment',27,2,7,NULL);
INSERT INTO "gists_sentence" VALUES(36,'2017-01-08 21:44:05.447508','t0 t0 t0 t0 t0 t0 t0 t0 t0 t0 t0',1.0,3.0,3.17133333333333322645e-01,15.0,'english','experiment',10,7,10,NULL);
INSERT INTO "gists_sentence" VALUES(37,'2017-01-08 21:44:05.643935','t13 t13 t13 t13 t13 t13 t13 t13 t13 t13 t13 t13 t13 t13 t13',1.0,15.0,1.10946666666666665657e-01,75.0,'english','experiment',18,4,12,NULL);
INSERT INTO "gists_sentence" VALUES(38,'2017-01-08 21:44:07.341311','t14 t14 t14 t14 t14 t14 t14 t14 t14 t14 t14 t14 t14 t14',1.0,14.0,1.13071428571428572729e-01,70.0,'english','experiment',21,6,11,NULL);
INSERT INTO "gists_sentence" VALUES(39,'2017-01-08 21:44:10.735286','t11 t11 t11 t11 t11 t11 t11 t11 t11 t11 t11',1.0,3.0,4.01466666666666693874e-01,15.0,'english','experiment',4,2,4,NULL);
INSERT INTO "gists_sentence" VALUES(40,'2017-01-08 21:44:13.513052','t4 t4 t4 t4 t4 t4 t4 t4 t4 t4',1.0,13.0,6.17384615384615406674e-02,65.0,'english','experiment',13,5,5,NULL);
INSERT INTO "gists_sentence" VALUES(41,'2017-01-08 21:44:13.620284','t9 t9 t9 t9 t9 t9 t9 t9 t9 t9 t9',1.0,10.0,0.08882,50.0,'english','experiment',25,3,9,NULL);
INSERT INTO "gists_sentence" VALUES(42,'2017-01-08 21:44:21.383277','t14 t14 t14 t14 t14 t14 t14 t14 t14 t14 t14 t14 t14 t14 t14',1.0,3.0,5.14933333333333353998e-01,15.0,'english','experiment',8,6,8,NULL);
INSERT INTO "gists_sentence" VALUES(43,'2017-01-08 21:44:23.258600','t11 t11 t11 t11 t11 t11 t11 t11 t11 t11 t11 t11',1.0,3.0,4.14666666666666683394e-01,15.0,'english','experiment',11,2,11,NULL);
INSERT INTO "gists_sentence" VALUES(44,'2017-01-08 21:44:27.244366','t13 t13 t13 t13 t13 t13 t13 t13 t13 t13 t13 t13 t13 t13 t13',1.0,10.0,0.15736,50.0,'english','experiment',30,4,6,NULL);
INSERT INTO "gists_sentence" VALUES(45,'2017-01-08 21:44:27.406002','t6 t6 t6 t6 t6 t6 t6 t6 t6 t6',1.0,14.0,5.82428571428571448254e-02,70.0,'english','experiment',24,8,3,NULL);
INSERT INTO "gists_sentence" VALUES(46,'2017-01-08 21:44:28.309327','t0 t0 t0 t0 t0 t0 t0 t0 t0 t0 t0 t0 t0',1.0,14.0,0.0751,70.0,'english','experiment',23,7,12,NULL);
INSERT INTO "gists_sentence" VALUES(47,'2017-01-08 21:44:32.169970','t9 t9 t9 t9 t9 t9 t9 t9 t9 t9 t9 t9 t9',1.0,10.0,0.10258,50.0,'english','experiment',28,3,4,NULL);
INSERT INTO "gists_sentence" VALUES(48,'2017-01-08 21:44:32.817517','t4 t4 t4 t4 t4 t4 t4 t4 t4 t4 t4 t4 t4 t4 t4',1.0,10.0,0.11576,50.0,'english','experiment',28,5,4,NULL);
INSERT INTO "gists_sentence" VALUES(49,'2017-01-08 21:44:35.844724','t11 t11 t11 t11 t11 t11 t11 t11 t11 t11 t11 t11',1.0,3.0,4.13266666666666671048e-01,15.0,'english','experiment',8,2,8,NULL);
INSERT INTO "gists_sentence" VALUES(50,'2017-01-08 21:44:41.617252','t14 t14 t14 t14 t14 t14 t14 t14 t14 t14 t14 t14 t14',1.0,10.0,0.1363,50.0,'english','experiment',32,6,10,NULL);
INSERT INTO "gists_sentence" VALUES(51,'2017-01-08 21:44:43.517034','t4 t4 t4 t4 t4 t4 t4 t4 t4 t4',1.0,3.0,2.89533333333333309234e-01,15.0,'english','experiment',11,5,11,NULL);
INSERT INTO "gists_sentence" VALUES(52,'2017-01-08 21:44:43.921760','t9 t9 t9 t9 t9 t9 t9 t9 t9 t9 t9 t9 t9',1.0,3.0,0.3644,15.0,'english','experiment',8,3,8,NULL);
INSERT INTO "gists_sentence" VALUES(53,'2017-01-08 21:44:47.551669','t13 t13 t13 t13 t13 t13 t13 t13 t13 t13 t13 t13',1.0,10.0,0.13342,50.0,'english','experiment',45,4,3,NULL);
INSERT INTO "gists_sentence" VALUES(54,'2017-01-08 21:44:47.797687','t11 t11 t11 t11 t11 t11 t11 t11 t11 t11',1.0,3.0,0.3776,15.0,'english','experiment',9,2,9,NULL);
INSERT INTO "gists_sentence" VALUES(55,'2017-01-08 21:44:49.418798','t6 t6 t6 t6 t6 t6 t6 t6 t6 t6 t6 t6 t6 t6 t6',1.0,12.0,0.1086,60.0,'english','experiment',43,8,11,NULL);
INSERT INTO "gists_sentence" VALUES(56,'2017-01-08 21:44:52.333659','t0 t0 t0 t0 t0 t0 t0 t0 t0 t0 t0 t0 t0',1.0,15.0,0.07428,75.0,'english','experiment',44,7,6,NULL);
INSERT INTO "gists_sentence" VALUES(57,'2017-01-08 21:44:54.066968','t14 t14 t14 t14 t14 t14 t14 t14 t14 t14',1.0,3.0,3.84666666666666656748e-01,15.0,'english','experiment',7,6,7,NULL);
INSERT INTO "gists_sentence" VALUES(58,'2017-01-08 21:44:54.867916','t5 t5 t5 t5 t5 t5 t5 t5 t5 t5 t5 t5 t5 t5',1.0,11.0,1.10472727272727277991e-01,55.0,'english','experiment',41,9,9,NULL);
INSERT INTO "gists_sentence" VALUES(59,'2017-01-08 21:44:59.944831','t8 t8 t8 t8 t8 t8 t8 t8 t8 t8 t8 t8 t8',1.0,13.0,8.33692307692307649213e-02,65.0,'english','experiment',46,10,12,NULL);
INSERT INTO "gists_sentence" VALUES(60,'2017-01-08 21:45:03.416542','t0 t0 t0 t0 t0 t0 t0 t0 t0 t0',1.0,3.0,3.06466666666666665008e-01,15.0,'english','experiment',5,7,5,NULL);
INSERT INTO "gists_sentence" VALUES(61,'2017-01-08 21:45:04.046077','t9 t9 t9 t9 t9 t9 t9 t9 t9 t9',1.0,12.0,7.79166666666666618557e-02,60.0,'english','experiment',43,3,11,NULL);
INSERT INTO "gists_sentence" VALUES(62,'2017-01-08 21:45:04.494667','t4 t4 t4 t4 t4 t4 t4 t4 t4 t4 t4 t4',1.0,12.0,9.30166666666666641649e-02,60.0,'english','experiment',49,5,8,NULL);
INSERT INTO "gists_sentence" VALUES(63,'2017-01-08 21:45:09.794301','t13 t13 t13 t13 t13 t13 t13 t13 t13 t13',1.0,13.0,0.0867076923076923,65.0,'english','experiment',50,4,10,NULL);
INSERT INTO "gists_sentence" VALUES(64,'2017-01-08 21:45:12.597694','t6 t6 t6 t6 t6 t6 t6 t6 t6 t6 t6 t6 t6 t6',1.0,13.0,9.71846153846153831823e-02,65.0,'english','experiment',47,8,4,NULL);
INSERT INTO "gists_sentence" VALUES(65,'2017-01-08 21:45:13.947544','t5 t5 t5 t5 t5 t5 t5 t5 t5 t5 t5 t5',1.0,10.0,0.11346,50.0,'english','experiment',51,9,11,NULL);
INSERT INTO "gists_sentence" VALUES(66,'2017-01-08 21:45:15.737451','t14 t14 t14 t14 t14 t14 t14 t14 t14 t14 t14 t14 t14',1.0,10.0,0.16302,50.0,'english','experiment',54,6,9,NULL);
INSERT INTO "gists_sentence" VALUES(67,'2017-01-08 21:45:20.699465','t8 t8 t8 t8 t8 t8 t8 t8 t8 t8 t8 t8 t8',1.0,11.0,1.1207272727272726831e-01,55.0,'english','experiment',29,10,3,NULL);
INSERT INTO "gists_sentence" VALUES(68,'2017-01-08 21:45:23.959308','t0 t0 t0 t0 t0 t0 t0 t0 t0 t0 t0 t0 t0 t0',1.0,10.0,0.13954,50.0,'english','experiment',51,7,11,NULL);
INSERT INTO "gists_sentence" VALUES(69,'2017-01-08 21:45:25.207869','t9 t9 t9 t9 t9 t9 t9 t9 t9 t9 t9 t9',1.0,11.0,1.23563636363636361603e-01,55.0,'english','experiment',29,3,3,NULL);
INSERT INTO "gists_sentence" VALUES(70,'2017-01-08 21:45:31.490659','t13 t13 t13 t13 t13 t13 t13 t13 t13 t13 t13 t13',1.0,10.0,0.15596,50.0,'english','experiment',60,4,5,NULL);
INSERT INTO "gists_sentence" VALUES(71,'2017-01-08 21:45:34.097617','t6 t6 t6 t6 t6 t6 t6 t6 t6 t6 t6 t6 t6 t6',1.0,11.0,1.15290909090909096668e-01,55.0,'english','experiment',36,8,10,NULL);
INSERT INTO "gists_sentence" VALUES(72,'2017-01-08 21:45:39.027451','t5 t5 t5 t5 t5 t5 t5 t5 t5 t5 t5 t5 t5 t5 t5',1.0,14.0,1.03114285714285713879e-01,70.0,'english','experiment',34,9,6,NULL);
INSERT INTO "gists_sentence" VALUES(73,'2017-01-08 21:45:39.476101','t14 t14 t14 t14 t14 t14 t14 t14 t14 t14 t14 t14 t14',1.0,12.0,0.1372,60.0,'english','experiment',26,6,12,NULL);
INSERT INTO "gists_sentence" VALUES(74,'2017-01-08 21:45:42.745225','t8 t8 t8 t8 t8 t8 t8 t8 t8 t8 t8 t8 t8 t8 t8',1.0,11.0,1.26709090909090910104e-01,55.0,'english','experiment',39,10,4,NULL);
INSERT INTO "gists_sentence" VALUES(75,'2017-01-08 21:45:45.690596','t0 t0 t0 t0 t0 t0 t0 t0 t0 t0 t0',1.0,13.0,7.02461538461538470556e-02,65.0,'english','experiment',52,7,8,NULL);
INSERT INTO "gists_sentence" VALUES(76,'2017-01-08 21:45:50.825227','t2 t2 t2 t2 t2 t2 t2 t2 t2 t2 t2 t2 t2 t2 t2',1.0,12.0,1.02166666666666669516e-01,60.0,'english','experiment',65,11,11,NULL);
INSERT INTO "gists_sentence" VALUES(77,'2017-01-08 21:45:54.348131','t6 t6 t6 t6 t6 t6 t6 t6 t6 t6 t6 t6 t6 t6 t6',1.0,10.0,0.12552,50.0,'english','experiment',57,8,7,NULL);
INSERT INTO "gists_sentence" VALUES(78,'2017-01-08 21:45:54.658439','t13 t13 t13 t13 t13 t13 t13 t13 t13 t13 t13 t13',1.0,13.0,1.01153846153846149746e-01,65.0,'english','experiment',66,4,9,NULL);
INSERT INTO "gists_sentence" VALUES(79,'2017-01-08 21:46:00.194620','t5 t5 t5 t5 t5 t5 t5 t5 t5 t5 t5 t5 t5 t5',1.0,12.0,0.093,60.0,'english','experiment',70,9,5,NULL);
INSERT INTO "gists_sentence" VALUES(80,'2017-01-08 21:46:04.924161','t12 t12 t12 t12 t12 t12 t12 t12 t12 t12',1.0,14.0,7.84571428571428503007e-02,70.0,'english','experiment',71,12,10,NULL);
INSERT INTO "gists_sentence" VALUES(81,'2017-01-08 21:46:04.972854','t14 t14 t14 t14 t14 t14 t14 t14 t14 t14 t14 t14 t14',1.0,15.0,9.48533333333333311676e-02,75.0,'english','experiment',72,6,6,NULL);
INSERT INTO "gists_sentence" VALUES(82,'2017-01-08 21:46:05.493994','t8 t8 t8 t8 t8 t8 t8 t8 t8 t8',1.0,15.0,5.73466666666666638474e-02,75.0,'english','experiment',72,10,6,NULL);
INSERT INTO "gists_sentence" VALUES(83,'2017-01-08 21:46:07.175675','t0 t0 t0 t0 t0 t0 t0 t0 t0 t0 t0 t0',1.0,13.0,7.89538461538461522337e-02,65.0,'english','experiment',16,7,3,NULL);
INSERT INTO "gists_sentence" VALUES(84,'2017-01-08 21:46:13.116038','t7 t7 t7 t7 t7 t7 t7 t7 t7 t7 t7 t7',1.0,13.0,7.31846153846153896216e-02,65.0,'english','experiment',17,13,4,NULL);
INSERT INTO "gists_sentence" VALUES(85,'2017-01-08 21:46:15.528261','t2 t2 t2 t2 t2 t2 t2 t2 t2 t2 t2 t2 t2 t2 t2',1.0,15.0,0.08188,75.0,'english','experiment',42,11,8,NULL);
INSERT INTO "gists_sentence" VALUES(86,'2017-01-08 21:46:16.498955','t6 t6 t6 t6 t6 t6 t6 t6 t6 t6 t6',1.0,14.0,6.70142857142857206742e-02,70.0,'english','experiment',58,8,9,NULL);
INSERT INTO "gists_sentence" VALUES(87,'2017-01-08 21:46:18.973417','t13 t13 t13 t13 t13 t13 t13 t13 t13 t13',1.0,15.0,0.07808,75.0,'english','experiment',42,4,8,NULL);
INSERT INTO "gists_sentence" VALUES(88,'2017-01-08 21:46:23.226203','t1 t1 t1 t1 t1 t1 t1 t1 t1 t1 t1',1.0,15.0,6.58933333333333315362e-02,75.0,'english','experiment',37,14,12,NULL);
INSERT INTO "gists_sentence" VALUES(89,'2017-01-08 21:46:25.029082','t14 t14 t14 t14 t14 t14 t14 t14 t14 t14',1.0,10.0,0.1214,50.0,'english','experiment',40,6,5,NULL);
INSERT INTO "gists_sentence" VALUES(90,'2017-01-08 21:46:25.206306','t5 t5 t5 t5 t5 t5 t5 t5 t5 t5 t5 t5 t5 t5',1.0,15.0,8.44666666666666621221e-02,75.0,'english','experiment',14,9,7,NULL);
INSERT INTO "gists_sentence" VALUES(91,'2017-01-08 21:46:25.759884','t8 t8 t8 t8 t8 t8 t8 t8 t8 t8',1.0,12.0,7.68833333333333313053e-02,60.0,'english','experiment',31,10,10,NULL);
INSERT INTO "gists_sentence" VALUES(92,'2017-01-08 21:46:29.424668','t3 t3 t3 t3 t3 t3 t3 t3 t3 t3 t3 t3 t3',1.0,12.0,1.07133333333333330417e-01,60.0,'english','experiment',83,15,3,NULL);
INSERT INTO "gists_sentence" VALUES(93,'2017-01-08 21:46:29.539479','t12 t12 t12 t12 t12 t12 t12 t12 t12 t12 t12',1.0,14.0,9.65714285714285719519e-02,70.0,'english','experiment',38,12,11,NULL);
INSERT INTO "gists_sentence" VALUES(94,'2017-01-08 21:46:31.527334','t0 t0 t0 t0 t0 t0 t0 t0 t0 t0 t0 t0 t0',1.0,15.0,7.97733333333333349823e-02,75.0,'english','experiment',14,7,7,NULL);
INSERT INTO "gists_sentence" VALUES(95,'2017-01-08 21:46:36.396083','t2 t2 t2 t2 t2 t2 t2 t2 t2 t2 t2 t2 t2',1.0,12.0,0.08925,60.0,'english','experiment',84,11,4,NULL);
INSERT INTO "gists_sentence" VALUES(96,'2017-01-08 21:46:36.440769','t7 t7 t7 t7 t7 t7 t7 t7 t7 t7 t7',1.0,15.0,6.09733333333333307746e-02,75.0,'english','experiment',20,13,6,NULL);
INSERT INTO "gists_sentence" VALUES(97,'2017-01-08 21:46:40.743479','t6 t6 t6 t6 t6 t6 t6 t6 t6 t6 t6 t6 t6 t6',1.0,15.0,7.78266666666666689922e-02,75.0,'english','experiment',85,8,8,NULL);
INSERT INTO "gists_sentence" VALUES(98,'2017-01-08 21:46:43.654968','t5 t5 t5 t5 t5 t5 t5 t5 t5 t5 t5 t5',1.0,10.0,0.09672,50.0,'english','experiment',91,9,10,NULL);
INSERT INTO "gists_sentence" VALUES(99,'2017-01-08 21:46:46.973544','t1 t1 t1 t1 t1 t1 t1 t1 t1 t1 t1',1.0,15.0,6.19066666666666653995e-02,75.0,'english','experiment',85,14,8,NULL);
INSERT INTO "gists_sentence" VALUES(100,'2017-01-08 21:46:48.880466','t14 t14 t14 t14 t14 t14 t14 t14 t14 t14 t14 t14 t14 t14 t14',1.0,12.0,1.37216666666666653462e-01,60.0,'english','experiment',84,6,4,NULL);
INSERT INTO "gists_sentence" VALUES(101,'2017-01-08 21:46:49.298150','t3 t3 t3 t3 t3 t3 t3 t3 t3 t3 t3 t3',1.0,11.0,0.0938,55.0,'english','experiment',88,15,12,NULL);
INSERT INTO "gists_sentence" VALUES(102,'2017-01-08 21:46:49.492905','t8 t8 t8 t8 t8 t8 t8 t8 t8 t8 t8 t8 t8 t8',1.0,14.0,8.50142857142857089058e-02,70.0,'english','experiment',90,10,7,NULL);
INSERT INTO "gists_sentence" VALUES(103,'2017-01-08 21:46:52.363741','t12 t12 t12 t12 t12 t12 t12 t12 t12 t12 t12 t12 t12 t12 t12',1.0,11.0,1.48218181818181804487e-01,55.0,'english','experiment',86,12,9,NULL);
INSERT INTO "gists_sentence" VALUES(104,'2017-01-08 21:46:54.833077','t7 t7 t7 t7 t7 t7 t7 t7 t7 t7',1.0,11.0,0.0686,55.0,'english','experiment',93,13,11,NULL);
INSERT INTO "gists_sentence" VALUES(105,'2017-01-08 21:46:58.780071','t2 t2 t2 t2 t2 t2 t2 t2 t2 t2 t2 t2 t2',1.0,14.0,6.74857142857142877634e-02,70.0,'english','experiment',90,11,7,NULL);
INSERT INTO "gists_sentence" VALUES(106,'2017-01-08 21:47:01.813475','t6 t6 t6 t6 t6 t6 t6 t6 t6 t6',1.0,14.0,5.28857142857142858982e-02,70.0,'english','experiment',22,8,5,NULL);
INSERT INTO "gists_sentence" VALUES(107,'2017-01-08 21:47:04.937202','t5 t5 t5 t5 t5 t5 t5 t5 t5 t5',1.0,14.0,5.35714285714285684547e-02,70.0,'english','experiment',64,9,4,NULL);
INSERT INTO "gists_sentence" VALUES(108,'2017-01-08 21:47:06.413344','t1 t1 t1 t1 t1 t1 t1 t1 t1 t1',1.0,12.0,6.28833333333333327486e-02,60.0,'english','experiment',53,14,3,NULL);
INSERT INTO "gists_sentence" VALUES(109,'2017-01-08 21:47:09.190397','t3 t3 t3 t3 t3 t3 t3 t3 t3 t3 t3 t3',1.0,12.0,7.44833333333333319492e-02,60.0,'english','experiment',35,15,7,NULL);
INSERT INTO "gists_sentence" VALUES(110,'2017-01-08 21:47:10.446294','t8 t8 t8 t8 t8 t8 t8 t8 t8 t8 t8 t8 t8 t8 t8',1.0,12.0,9.35833333333333378112e-02,60.0,'english','experiment',62,10,8,NULL);
INSERT INTO "gists_sentence" VALUES(111,'2017-01-08 21:47:14.624904','t12 t12 t12 t12 t12 t12 t12 t12 t12 t12',1.0,14.0,0.0706,70.0,'english','experiment',64,12,4,NULL);
INSERT INTO "gists_sentence" VALUES(112,'2017-01-08 21:47:16.395383','t7 t7 t7 t7 t7 t7 t7 t7 t7 t7 t7 t7 t7 t7',1.0,13.0,8.11538461538461597388e-02,65.0,'english','experiment',59,13,12,NULL);
INSERT INTO "gists_sentence" VALUES(113,'2017-01-08 21:47:17.161855','t10 t10 t10 t10 t10 t10 t10 t10 t10 t10 t10',1.0,15.0,7.3253333333333336963e-02,75.0,'english','experiment',33,16,9,NULL);
INSERT INTO "gists_sentence" VALUES(114,'2017-01-08 21:47:19.722051','t2 t2 t2 t2 t2 t2 t2 t2 t2 t2 t2 t2',1.0,13.0,7.03230769230769187094e-02,65.0,'english','experiment',56,11,6,NULL);
INSERT INTO "gists_sentence" VALUES(115,'2017-01-08 21:47:22.221078','t6 t6 t6 t6 t6 t6 t6 t6 t6 t6 t6',1.0,13.0,6.28769230769230802469e-02,65.0,'english','experiment',59,8,12,NULL);
INSERT INTO "gists_sentence" VALUES(116,'2017-01-08 21:47:26.523060','t5 t5 t5 t5 t5 t5 t5 t5 t5 t5 t5 t5 t5 t5',1.0,13.0,8.08615384615384569233e-02,65.0,'english','experiment',59,9,12,NULL);
INSERT INTO "gists_sentence" VALUES(117,'2017-01-08 21:47:27.139456','t3 t3 t3 t3 t3 t3 t3 t3 t3 t3 t3 t3',1.0,10.0,0.09176,50.0,'english','experiment',106,15,5,NULL);
INSERT INTO "gists_sentence" VALUES(118,'2017-01-08 21:47:27.973145','t8 t8 t8 t8 t8 t8 t8 t8 t8 t8 t8',1.0,10.0,0.0844,50.0,'english','experiment',106,10,5,NULL);
INSERT INTO "gists_sentence" VALUES(119,'2017-01-08 21:47:30.003200','t1 t1 t1 t1 t1 t1 t1 t1 t1 t1 t1 t1 t1 t1',1.0,15.0,7.03066666666666700846e-02,75.0,'english','experiment',55,14,11,NULL);
INSERT INTO "gists_sentence" VALUES(120,'2017-01-08 21:47:35.174200','t7 t7 t7 t7 t7 t7 t7 t7 t7 t7 t7 t7 t7 t7 t7',1.0,10.0,0.10998,50.0,'english','experiment',63,13,10,NULL);
INSERT INTO "gists_sentence" VALUES(121,'2017-01-08 21:47:35.341399','t12 t12 t12 t12 t12 t12 t12 t12 t12 t12 t12 t12 t12 t12 t12',1.0,10.0,0.14618,50.0,'english','experiment',108,12,3,NULL);
INSERT INTO "gists_sentence" VALUES(122,'2017-01-08 21:47:37.878853','t2 t2 t2 t2 t2 t2 t2 t2 t2 t2',1.0,11.0,0.0696909090909091,55.0,'english','experiment',113,11,9,NULL);
INSERT INTO "gists_sentence" VALUES(123,'2017-01-08 21:47:41.134861','t10 t10 t10 t10 t10 t10 t10 t10 t10 t10 t10',1.0,15.0,7.47333333333333321712e-02,75.0,'english','experiment',110,16,8,NULL);
INSERT INTO "gists_sentence" VALUES(124,'2017-01-08 21:47:43.059243','t6 t6 t6 t6 t6 t6 t6 t6 t6 t6 t6 t6 t6 t6',1.0,12.0,9.17333333333333333925e-02,60.0,'english','experiment',114,8,6,NULL);
INSERT INTO "gists_sentence" VALUES(125,'2017-01-08 21:47:45.276047','t5 t5 t5 t5 t5 t5 t5 t5 t5 t5 t5 t5 t5 t5',1.0,10.0,0.10922,50.0,'english','experiment',108,9,3,NULL);
INSERT INTO "gists_sentence" VALUES(126,'2017-01-08 21:47:46.221886','t8 t8 t8 t8 t8 t8 t8 t8 t8 t8',1.0,11.0,7.1945454545454548545e-02,55.0,'english','experiment',113,10,9,NULL);
INSERT INTO "gists_sentence" VALUES(127,'2017-01-08 21:47:46.387255','t3 t3 t3 t3 t3 t3 t3 t3 t3 t3 t3 t3 t3 t3 t3',1.0,10.0,0.11856,50.0,'english','experiment',107,15,4,NULL);
INSERT INTO "gists_sentence" VALUES(128,'2017-01-08 21:47:49.010926','t1 t1 t1 t1 t1 t1 t1 t1 t1 t1',1.0,12.0,6.17833333333333359349e-02,60.0,'english','experiment',109,14,7,NULL);
INSERT INTO "gists_sentence" VALUES(129,'2017-01-08 21:47:57.635972','t7 t7 t7 t7 t7 t7 t7 t7 t7 t7 t7 t7 t7 t7',1.0,14.0,7.30142857142857121255e-02,70.0,'english','experiment',79,13,5,NULL);
INSERT INTO "gists_sentence" VALUES(130,'2017-01-08 21:47:58.687541','t2 t2 t2 t2 t2 t2 t2 t2 t2 t2 t2 t2',1.0,13.0,0.0687076923076923,65.0,'english','experiment',67,11,3,NULL);
INSERT INTO "gists_sentence" VALUES(131,'2017-01-08 21:47:59.012248','t12 t12 t12 t12 t12 t12 t12 t12 t12 t12 t12 t12 t12 t12 t12',1.0,13.0,1.12338461538461539812e-01,65.0,'english','experiment',73,12,12,NULL);
INSERT INTO "gists_sentence" VALUES(132,'2017-01-08 21:48:03.660379','t5 t5 t5 t5 t5 t5 t5 t5 t5 t5 t5',1.0,11.0,7.40363636363636362647e-02,55.0,'english','experiment',75,9,8,NULL);
INSERT INTO "gists_sentence" VALUES(133,'2017-01-08 21:48:06.088249','t3 t3 t3 t3 t3 t3 t3 t3 t3 t3 t3 t3',1.0,12.0,7.39166666666666721807e-02,60.0,'english','experiment',78,15,9,NULL);
INSERT INTO "gists_sentence" VALUES(134,'2017-01-08 21:48:07.077892','t10 t10 t10 t10 t10 t10 t10 t10 t10 t10 t10 t10 t10 t10 t10',1.0,15.0,0.09768,75.0,'english','experiment',76,16,11,NULL);
INSERT INTO "gists_sentence" VALUES(135,'2017-01-08 21:48:07.471833','t1 t1 t1 t1 t1 t1 t1 t1 t1 t1 t1 t1 t1 t1',1.0,10.0,0.1036,50.0,'english','experiment',80,14,10,NULL);
INSERT INTO "gists_sentence" VALUES(136,'2017-01-08 21:48:08.238599','t8 t8 t8 t8 t8 t8 t8 t8 t8 t8',1.0,15.0,5.00266666666666637297e-02,75.0,'english','experiment',76,10,11,NULL);
INSERT INTO "gists_sentence" VALUES(137,'2017-01-08 21:48:17.564854','t7 t7 t7 t7 t7 t7 t7 t7 t7 t7 t7 t7 t7',1.0,12.0,0.077,60.0,'english','experiment',130,13,3,NULL);
INSERT INTO "gists_sentence" VALUES(138,'2017-01-08 21:48:19.909869','t2 t2 t2 t2 t2 t2 t2 t2 t2 t2 t2',1.0,14.0,5.64428571428571418389e-02,70.0,'english','experiment',129,11,5,NULL);
INSERT INTO "gists_sentence" VALUES(139,'2017-01-08 21:48:22.963523','t12 t12 t12 t12 t12 t12 t12 t12 t12 t12 t12 t12',1.0,15.0,7.5133333333333329751e-02,75.0,'english','experiment',77,12,7,NULL);
INSERT INTO "gists_sentence" VALUES(140,'2017-01-08 21:48:28.043988','t10 t10 t10 t10 t10 t10 t10 t10 t10 t10',1.0,13.0,7.27692307692307666089e-02,65.0,'english','experiment',81,16,6,NULL);
INSERT INTO "gists_sentence" VALUES(141,'2017-01-08 21:48:29.020151','t3 t3 t3 t3 t3 t3 t3 t3 t3 t3 t3 t3 t3',1.0,15.0,6.21066666666666641893e-02,75.0,'english','experiment',134,15,11,NULL);
INSERT INTO "gists_sentence" VALUES(142,'2017-01-08 21:48:31.016969','t1 t1 t1 t1 t1 t1 t1 t1 t1 t1 t1 t1 t1 t1 t1',1.0,15.0,7.09333333333333343473e-02,75.0,'english','experiment',74,14,4,NULL);
INSERT INTO "gists_sentence" VALUES(143,'2017-01-08 21:48:38.138460','t7 t7 t7 t7 t7 t7 t7 t7 t7 t7 t7 t7 t7 t7 t7',1.0,12.0,0.08905,60.0,'english','experiment',133,13,9,NULL);
INSERT INTO "gists_sentence" VALUES(144,'2017-01-08 21:48:41.059467','t2 t2 t2 t2 t2 t2 t2 t2 t2 t2 t2',1.0,14.0,5.61428571428571401846e-02,70.0,'english','experiment',135,11,10,NULL);
INSERT INTO "gists_sentence" VALUES(145,'2017-01-08 21:48:44.341076','t12 t12 t12 t12 t12 t12 t12 t12 t12 t12 t12 t12 t12 t12 t12',1.0,11.0,1.29254545454545455296e-01,55.0,'english','experiment',132,12,8,NULL);
INSERT INTO "gists_sentence" VALUES(146,'2017-01-08 21:48:48.399824','t3 t3 t3 t3 t3 t3 t3 t3 t3 t3 t3 t3 t3 t3',1.0,11.0,9.35818181818181826781e-02,55.0,'english','experiment',96,15,6,NULL);
INSERT INTO "gists_sentence" VALUES(147,'2017-01-08 21:48:49.106750','t10 t10 t10 t10 t10 t10 t10 t10 t10 t10 t10 t10',1.0,12.0,9.71833333333333299064e-02,60.0,'english','experiment',101,16,12,NULL);
INSERT INTO "gists_sentence" VALUES(148,'2017-01-08 21:48:49.289678','t1 t1 t1 t1 t1 t1 t1 t1 t1 t1 t1 t1 t1 t1',1.0,10.0,0.10116,50.0,'english','experiment',89,14,5,NULL);
INSERT INTO "gists_sentence" VALUES(149,'2017-01-08 21:49:00.374527','t7 t7 t7 t7 t7 t7 t7 t7 t7 t7 t7 t7 t7 t7',1.0,14.0,7.13428571428571384194e-02,70.0,'english','experiment',102,13,7,NULL);
INSERT INTO "gists_sentence" VALUES(150,'2017-01-08 21:49:00.917682','t2 t2 t2 t2 t2 t2 t2 t2 t2 t2 t2 t2 t2',1.0,12.0,7.70166666666666638318e-02,60.0,'english','experiment',101,11,12,NULL);
INSERT INTO "gists_sentence" VALUES(151,'2017-01-08 21:49:04.917619','t12 t12 t12 t12 t12 t12 t12 t12 t12 t12 t12 t12 t12',1.0,11.0,1.15072727272727270975e-01,55.0,'english','experiment',96,12,6,NULL);
INSERT INTO "gists_sentence" VALUES(152,'2017-01-08 21:49:08.808999','t3 t3 t3 t3 t3 t3 t3 t3 t3 t3 t3 t3 t3 t3',1.0,12.0,8.72333333333333293957e-02,60.0,'english','experiment',98,15,10,NULL);
INSERT INTO "gists_sentence" VALUES(153,'2017-01-08 21:49:10.654816','t1 t1 t1 t1 t1 t1 t1 t1 t1 t1 t1',1.0,14.0,5.93857142857142847325e-02,70.0,'english','experiment',146,14,6,NULL);
INSERT INTO "gists_sentence" VALUES(154,'2017-01-08 21:49:11.282912','t10 t10 t10 t10 t10 t10 t10 t10 t10 t10',1.0,14.0,7.07857142857142851433e-02,70.0,'english','experiment',148,16,5,NULL);
INSERT INTO "gists_sentence" VALUES(155,'2017-01-08 21:49:21.199794','t7 t7 t7 t7 t7 t7 t7 t7 t7 t7',1.0,14.0,5.17285714285714293136e-02,70.0,'english','experiment',97,13,8,NULL);
INSERT INTO "gists_sentence" VALUES(156,'2017-01-08 21:49:29.006433','t12 t12 t12 t12 t12 t12 t12 t12 t12 t12 t12 t12 t12 t12',1.0,14.0,9.72428571428571447698e-02,70.0,'english','experiment',148,12,5,NULL);
INSERT INTO "gists_sentence" VALUES(157,'2017-01-08 21:49:29.144104','t1 t1 t1 t1 t1 t1 t1 t1 t1 t1 t1 t1 t1 t1',1.0,10.0,0.10522,50.0,'english','experiment',122,14,9,NULL);
INSERT INTO "gists_sentence" VALUES(158,'2017-01-08 21:49:30.556715','t3 t3 t3 t3 t3 t3 t3 t3 t3 t3 t3 t3',1.0,14.0,6.46857142857142908276e-02,70.0,'english','experiment',97,15,8,NULL);
INSERT INTO "gists_sentence" VALUES(159,'2017-01-08 21:49:35.554166','t10 t10 t10 t10 t10 t10 t10 t10 t10 t10 t10 t10 t10',1.0,15.0,0.08084,75.0,'english','experiment',120,16,10,NULL);
INSERT INTO "gists_sentence" VALUES(160,'2017-01-08 21:49:57.620376','t10 t10 t10 t10 t10 t10 t10 t10 t10 t10 t10 t10 t10 t10 t10',1.0,12.0,1.14766666666666669605e-01,60.0,'english','experiment',139,16,7,NULL);
INSERT INTO "gists_sentence" VALUES(161,'2017-01-08 21:50:20.394677','t10 t10 t10 t10 t10 t10 t10 t10 t10 t10',1.0,15.0,6.10133333333333360837e-02,75.0,'english','experiment',142,16,4,NULL);
INSERT INTO "gists_sentence" VALUES(162,'2017-01-08 21:50:42.979769','t10 t10 t10 t10 t10 t10 t10 t10 t10 t10 t10 t10 t10 t10',1.0,13.0,9.86307692307692301936e-02,65.0,'english','experiment',92,16,3,NULL);
CREATE TABLE "gists_tree" ("id" integer NOT NULL PRIMARY KEY AUTOINCREMENT, "created" datetime NOT NULL, "last_served" datetime NOT NULL);
INSERT INTO "gists_tree" VALUES(1,'2017-01-08 21:41:39.748286','2000-01-01 00:00:00');
INSERT INTO "gists_tree" VALUES(2,'2017-01-08 21:41:39.749828','2000-01-01 00:00:00');
INSERT INTO "gists_tree" VALUES(3,'2017-01-08 21:41:39.750518','2017-01-08 21:50:21.484575');
INSERT INTO "gists_tree" VALUES(4,'2017-01-08 21:41:39.751228','2017-01-08 21:49:58.730847');
INSERT INTO "gists_tree" VALUES(5,'2017-01-08 21:41:39.751937','2017-01-08 21:49:06.074231');
INSERT INTO "gists_tree" VALUES(6,'2017-01-08 21:41:39.752637','2017-01-08 21:48:50.401101');
INSERT INTO "gists_tree" VALUES(7,'2017-01-08 21:41:39.753346','2017-01-08 21:49:36.656286');
INSERT INTO "gists_tree" VALUES(8,'2017-01-08 21:41:39.754058','2017-01-08 21:49:09.923102');
INSERT INTO "gists_tree" VALUES(9,'2017-01-08 21:41:39.754739','2017-01-08 21:49:11.755419');
INSERT INTO "gists_tree" VALUES(10,'2017-01-08 21:41:39.755415','2017-01-08 21:49:12.406535');
INSERT INTO "gists_tree" VALUES(11,'2017-01-08 21:41:39.756099','2017-01-08 21:48:07.267552');
INSERT INTO "gists_tree" VALUES(12,'2017-01-08 21:41:39.756773','2017-01-08 21:48:42.187593');
CREATE TABLE "gists_wordspan" ("id" integer NOT NULL PRIMARY KEY AUTOINCREMENT, "created" datetime NOT NULL, "span" smallint unsigned NOT NULL, "score" smallint unsigned NOT NULL, "profile_id" integer NOT NULL UNIQUE REFERENCES "gists_profile" ("id"));
CREATE TABLE "socialaccount_socialaccount" ("id" integer NOT NULL PRIMARY KEY AUTOINCREMENT, "provider" varchar(30) NOT NULL, "last_login" datetime NOT NULL, "date_joined" datetime NOT NULL, "extra_data" text NOT NULL, "user_id" integer NOT NULL REFERENCES "auth_user" ("id"), "uid" varchar(191) NOT NULL);
CREATE TABLE "socialaccount_socialapp" ("id" integer NOT NULL PRIMARY KEY AUTOINCREMENT, "provider" varchar(30) NOT NULL, "name" varchar(40) NOT NULL, "client_id" varchar(191) NOT NULL, "key" varchar(191) NOT NULL, "secret" varchar(191) NOT NULL);
CREATE TABLE "socialaccount_socialapp_sites" ("id" integer NOT NULL PRIMARY KEY AUTOINCREMENT, "socialapp_id" integer NOT NULL REFERENCES "socialaccount_socialapp" ("id"), "site_id" integer NOT NULL REFERENCES "django_site" ("id"));
CREATE TABLE "socialaccount_socialtoken" ("id" integer NOT NULL PRIMARY KEY AUTOINCREMENT, "token" text NOT NULL, "token_secret" text NOT NULL, "expires_at" datetime NULL, "account_id" integer NOT NULL REFERENCES "socialaccount_socialaccount" ("id"), "app_id" integer NOT NULL REFERENCES "socialaccount_socialapp" ("id"));
DELETE FROM "sqlite_sequence";
INSERT INTO "sqlite_sequence" VALUES('django_migrations',23);
INSERT INTO "sqlite_sequence" VALUES('account_emailaddress',15);
INSERT INTO "sqlite_sequence" VALUES('django_admin_log',0);
INSERT INTO "sqlite_sequence" VALUES('django_content_type',21);
INSERT INTO "sqlite_sequence" VALUES('auth_permission',63);
INSERT INTO "sqlite_sequence" VALUES('auth_user',16);
INSERT INTO "sqlite_sequence" VALUES('gists_sentence',162);
INSERT INTO "sqlite_sequence" VALUES('gists_comment',0);
INSERT INTO "sqlite_sequence" VALUES('gists_tree',12);
INSERT INTO "sqlite_sequence" VALUES('django_site',1);
INSERT INTO "sqlite_sequence" VALUES('socialaccount_socialtoken',0);
INSERT INTO "sqlite_sequence" VALUES('socialaccount_socialaccount',0);
INSERT INTO "sqlite_sequence" VALUES('socialaccount_socialapp',0);
INSERT INTO "sqlite_sequence" VALUES('gists_gistsconfiguration',1);
INSERT INTO "sqlite_sequence" VALUES('gists_profile',16);
INSERT INTO "sqlite_sequence" VALUES('account_emailconfirmation',15);
INSERT INTO "sqlite_sequence" VALUES('gists_questionnaire',15);
CREATE UNIQUE INDEX "auth_group_permissions_group_id_0cd325b0_uniq" ON "auth_group_permissions" ("group_id", "permission_id");
CREATE INDEX "auth_group_permissions_0e939a4f" ON "auth_group_permissions" ("group_id");
CREATE INDEX "auth_group_permissions_8373b171" ON "auth_group_permissions" ("permission_id");
CREATE UNIQUE INDEX "auth_user_groups_user_id_94350c0c_uniq" ON "auth_user_groups" ("user_id", "group_id");
CREATE INDEX "auth_user_groups_e8701ad4" ON "auth_user_groups" ("user_id");
CREATE INDEX "auth_user_groups_0e939a4f" ON "auth_user_groups" ("group_id");
CREATE UNIQUE INDEX "auth_user_user_permissions_user_id_14a6b632_uniq" ON "auth_user_user_permissions" ("user_id", "permission_id");
CREATE INDEX "auth_user_user_permissions_e8701ad4" ON "auth_user_user_permissions" ("user_id");
CREATE INDEX "auth_user_user_permissions_8373b171" ON "auth_user_user_permissions" ("permission_id");
CREATE INDEX "account_emailconfirmation_6f1edeac" ON "account_emailconfirmation" ("email_address_id");
CREATE INDEX "account_emailaddress_e8701ad4" ON "account_emailaddress" ("user_id");
CREATE INDEX "django_admin_log_417f1b1c" ON "django_admin_log" ("content_type_id");
CREATE INDEX "django_admin_log_e8701ad4" ON "django_admin_log" ("user_id");
CREATE UNIQUE INDEX "django_content_type_app_label_76bd3d3b_uniq" ON "django_content_type" ("app_label", "model");
CREATE UNIQUE INDEX "auth_permission_content_type_id_01ab375a_uniq" ON "auth_permission" ("content_type_id", "codename");
CREATE INDEX "auth_permission_417f1b1c" ON "auth_permission" ("content_type_id");
CREATE INDEX "gists_sentence_6be37982" ON "gists_sentence" ("parent_id");
CREATE INDEX "gists_sentence_83a0eb3f" ON "gists_sentence" ("profile_id");
CREATE INDEX "gists_sentence_656442a0" ON "gists_sentence" ("tree_id");
CREATE INDEX "gists_comment_83a0eb3f" ON "gists_comment" ("profile_id");
CREATE INDEX "django_session_de54fa62" ON "django_session" ("expire_date");
CREATE UNIQUE INDEX "socialaccount_socialapp_sites_socialapp_id_71a9a768_uniq" ON "socialaccount_socialapp_sites" ("socialapp_id", "site_id");
CREATE INDEX "socialaccount_socialapp_sites_fe95b0a0" ON "socialaccount_socialapp_sites" ("socialapp_id");
CREATE INDEX "socialaccount_socialapp_sites_9365d6e7" ON "socialaccount_socialapp_sites" ("site_id");
CREATE UNIQUE INDEX "socialaccount_socialtoken_app_id_fca4e0ac_uniq" ON "socialaccount_socialtoken" ("app_id", "account_id");
CREATE INDEX "socialaccount_socialtoken_8a089c2a" ON "socialaccount_socialtoken" ("account_id");
CREATE INDEX "socialaccount_socialtoken_f382adfe" ON "socialaccount_socialtoken" ("app_id");
CREATE UNIQUE INDEX "socialaccount_socialaccount_provider_fc810c6e_uniq" ON "socialaccount_socialaccount" ("provider", "uid");
CREATE INDEX "socialaccount_socialaccount_e8701ad4" ON "socialaccount_socialaccount" ("user_id");
COMMIT;
