BEGIN TRANSACTION;
CREATE TABLE "account_emailaddress" ("id" integer NOT NULL PRIMARY KEY AUTOINCREMENT, "verified" bool NOT NULL, "primary" bool NOT NULL, "user_id" integer NOT NULL REFERENCES "auth_user" ("id"), "email" varchar(254) NOT NULL UNIQUE);
INSERT INTO "account_emailaddress" VALUES(1,0,1,2,'t13@browser.test');
INSERT INTO "account_emailaddress" VALUES(2,0,1,3,'t7@browser.test');
INSERT INTO "account_emailaddress" VALUES(3,0,1,4,'t5@browser.test');
INSERT INTO "account_emailaddress" VALUES(4,0,1,5,'t4@browser.test');
INSERT INTO "account_emailaddress" VALUES(5,0,1,6,'t6@browser.test');
INSERT INTO "account_emailaddress" VALUES(6,0,1,7,'t12@browser.test');
INSERT INTO "account_emailaddress" VALUES(7,0,1,8,'t8@browser.test');
INSERT INTO "account_emailaddress" VALUES(8,0,1,9,'t1@browser.test');
INSERT INTO "account_emailaddress" VALUES(9,0,1,10,'t11@browser.test');
INSERT INTO "account_emailaddress" VALUES(10,0,1,11,'t0@browser.test');
INSERT INTO "account_emailaddress" VALUES(11,0,1,12,'t14@browser.test');
INSERT INTO "account_emailaddress" VALUES(12,0,1,13,'t3@browser.test');
INSERT INTO "account_emailaddress" VALUES(13,0,1,14,'t2@browser.test');
INSERT INTO "account_emailaddress" VALUES(14,0,1,15,'t10@browser.test');
INSERT INTO "account_emailaddress" VALUES(15,0,1,16,'t9@browser.test');
CREATE TABLE "account_emailconfirmation" ("id" integer NOT NULL PRIMARY KEY AUTOINCREMENT, "created" datetime NOT NULL, "sent" datetime NULL, "key" varchar(64) NOT NULL UNIQUE, "email_address_id" integer NOT NULL REFERENCES "account_emailaddress" ("id"));
INSERT INTO "account_emailconfirmation" VALUES(1,'2017-01-08 15:06:31.013140','2017-01-08 15:06:31.257655','tlceoe0wilxjct5hkakkolkcpegjhkanqahgbk4wqqnu0rtesnlj79amftjki3kq',1);
INSERT INTO "account_emailconfirmation" VALUES(2,'2017-01-08 15:06:33.593474','2017-01-08 15:06:33.642660','552f0nq3rcgi8udinucaaf2ydsod4ymjjbc11evyj38sm2ikapsgmu18kjkwwre7',2);
INSERT INTO "account_emailconfirmation" VALUES(3,'2017-01-08 15:06:34.360895','2017-01-08 15:06:34.378598','imtdeq8lsyvwhbsiio4xciznk9dwiv4yvkettnnabufsu16igx8ofxk2inenaghz',3);
INSERT INTO "account_emailconfirmation" VALUES(4,'2017-01-08 15:06:34.565155','2017-01-08 15:06:34.573696','awbxkcxe0qkvyhutqitefz9hoxcgay4hx52cmj08qd1ih677gddynfumstx1zbgt',4);
INSERT INTO "account_emailconfirmation" VALUES(5,'2017-01-08 15:06:35.094656','2017-01-08 15:06:35.103831','mgo5tco155qnjtzjieckrsswqw1ub7ypqoryh7t8e4zmpzhv9bscef1vlbt38qrx',5);
INSERT INTO "account_emailconfirmation" VALUES(6,'2017-01-08 15:06:37.713432','2017-01-08 15:06:37.744960','vt23cz2yn2bhkj1dtumqt0rfs5nnnahbihwwcbdpihky3aonbnyoawwtnwjutjpy',6);
INSERT INTO "account_emailconfirmation" VALUES(7,'2017-01-08 15:06:38.093529','2017-01-08 15:06:38.117182','84d0enxh6usyxuoaklp2ghps6d9rwgmoyce66t6c2gqr7huabzuegmsvz1kwhrzl',7);
INSERT INTO "account_emailconfirmation" VALUES(8,'2017-01-08 15:06:40.344997','2017-01-08 15:06:40.391741','pfyns6koshyh8shrr6tpyifcr2f7f763srfudebtaf1bjz2cb8g0xxgaap2chsxr',8);
INSERT INTO "account_emailconfirmation" VALUES(9,'2017-01-08 15:06:40.951634','2017-01-08 15:06:41.033952','x91vv9qshy0tkztdg8fsc5kwwpntr7roiwzcfpmfad8ir5gg7kqmucklfztol0of',9);
INSERT INTO "account_emailconfirmation" VALUES(10,'2017-01-08 15:06:43.035628','2017-01-08 15:06:43.072090','ardgndkcavtvbu4vcncdrjdwzgxesdfszpvmenwnkfzs67jotm7jwinhs9fo8ipm',10);
INSERT INTO "account_emailconfirmation" VALUES(11,'2017-01-08 15:06:48.216842','2017-01-08 15:06:48.250965','onfloqbsgp2zwygcvodafwrdtoe2zp7oufdmralvcwlqohyjwpemmqy2ehiksvzm',11);
INSERT INTO "account_emailconfirmation" VALUES(12,'2017-01-08 15:06:50.360194','2017-01-08 15:06:50.434646','c8yyfvdqg6ggmuem2dwqjxnw6rylxzuopdvzxhv1mphv2whihntewj0akl1tgmvo',12);
INSERT INTO "account_emailconfirmation" VALUES(13,'2017-01-08 15:06:50.807353','2017-01-08 15:06:50.815419','6zxmmw1bwnyuoajtacssglauy8vvyxhyz5tzdomon0ngmzjq7mftaxssyezpuyfy',13);
INSERT INTO "account_emailconfirmation" VALUES(14,'2017-01-08 15:06:51.728147','2017-01-08 15:06:51.761634','a8yijusd4rvwr1inuagart5tyhirkc2x099aofe5ix3clmsue3uhcrsiznpagtrn',14);
INSERT INTO "account_emailconfirmation" VALUES(15,'2017-01-08 15:06:52.791954','2017-01-08 15:06:52.822984','xmfe2bvewwwxpji1yrmqpppzqiau7yc6d6ma7s4wdkq2olirvqc3govvz1k9nrzd',15);
CREATE TABLE "auth_group" ("id" integer NOT NULL PRIMARY KEY AUTOINCREMENT, "name" varchar(80) NOT NULL UNIQUE);
CREATE TABLE "auth_group_permissions" ("id" integer NOT NULL PRIMARY KEY AUTOINCREMENT, "group_id" integer NOT NULL REFERENCES "auth_group" ("id"), "permission_id" integer NOT NULL REFERENCES "auth_permission" ("id"));
CREATE TABLE "auth_permission" ("id" integer NOT NULL PRIMARY KEY AUTOINCREMENT, "content_type_id" integer NOT NULL REFERENCES "django_content_type" ("id"), "codename" varchar(100) NOT NULL, "name" varchar(255) NOT NULL);
INSERT INTO "auth_permission" VALUES(1,1,'add_logentry','Can add log entry');
INSERT INTO "auth_permission" VALUES(2,1,'change_logentry','Can change log entry');
INSERT INTO "auth_permission" VALUES(3,1,'delete_logentry','Can delete log entry');
INSERT INTO "auth_permission" VALUES(4,2,'add_permission','Can add permission');
INSERT INTO "auth_permission" VALUES(5,2,'change_permission','Can change permission');
INSERT INTO "auth_permission" VALUES(6,2,'delete_permission','Can delete permission');
INSERT INTO "auth_permission" VALUES(7,3,'add_group','Can add group');
INSERT INTO "auth_permission" VALUES(8,3,'change_group','Can change group');
INSERT INTO "auth_permission" VALUES(9,3,'delete_group','Can delete group');
INSERT INTO "auth_permission" VALUES(10,4,'add_user','Can add user');
INSERT INTO "auth_permission" VALUES(11,4,'change_user','Can change user');
INSERT INTO "auth_permission" VALUES(12,4,'delete_user','Can delete user');
INSERT INTO "auth_permission" VALUES(13,5,'add_contenttype','Can add content type');
INSERT INTO "auth_permission" VALUES(14,5,'change_contenttype','Can change content type');
INSERT INTO "auth_permission" VALUES(15,5,'delete_contenttype','Can delete content type');
INSERT INTO "auth_permission" VALUES(16,6,'add_session','Can add session');
INSERT INTO "auth_permission" VALUES(17,6,'change_session','Can change session');
INSERT INTO "auth_permission" VALUES(18,6,'delete_session','Can delete session');
INSERT INTO "auth_permission" VALUES(19,7,'add_site','Can add site');
INSERT INTO "auth_permission" VALUES(20,7,'change_site','Can change site');
INSERT INTO "auth_permission" VALUES(21,7,'delete_site','Can delete site');
INSERT INTO "auth_permission" VALUES(22,8,'add_token','Can add token');
INSERT INTO "auth_permission" VALUES(23,8,'change_token','Can change token');
INSERT INTO "auth_permission" VALUES(24,8,'delete_token','Can delete token');
INSERT INTO "auth_permission" VALUES(25,9,'add_emailaddress','Can add email address');
INSERT INTO "auth_permission" VALUES(26,9,'change_emailaddress','Can change email address');
INSERT INTO "auth_permission" VALUES(27,9,'delete_emailaddress','Can delete email address');
INSERT INTO "auth_permission" VALUES(28,10,'add_emailconfirmation','Can add email confirmation');
INSERT INTO "auth_permission" VALUES(29,10,'change_emailconfirmation','Can change email confirmation');
INSERT INTO "auth_permission" VALUES(30,10,'delete_emailconfirmation','Can delete email confirmation');
INSERT INTO "auth_permission" VALUES(31,11,'add_socialapp','Can add social application');
INSERT INTO "auth_permission" VALUES(32,11,'change_socialapp','Can change social application');
INSERT INTO "auth_permission" VALUES(33,11,'delete_socialapp','Can delete social application');
INSERT INTO "auth_permission" VALUES(34,12,'add_socialaccount','Can add social account');
INSERT INTO "auth_permission" VALUES(35,12,'change_socialaccount','Can change social account');
INSERT INTO "auth_permission" VALUES(36,12,'delete_socialaccount','Can delete social account');
INSERT INTO "auth_permission" VALUES(37,13,'add_socialtoken','Can add social application token');
INSERT INTO "auth_permission" VALUES(38,13,'change_socialtoken','Can change social application token');
INSERT INTO "auth_permission" VALUES(39,13,'delete_socialtoken','Can delete social application token');
INSERT INTO "auth_permission" VALUES(40,14,'add_corsmodel','Can add cors model');
INSERT INTO "auth_permission" VALUES(41,14,'change_corsmodel','Can change cors model');
INSERT INTO "auth_permission" VALUES(42,14,'delete_corsmodel','Can delete cors model');
INSERT INTO "auth_permission" VALUES(43,15,'add_gistsconfiguration','Can add Gists Configuration');
INSERT INTO "auth_permission" VALUES(44,15,'change_gistsconfiguration','Can change Gists Configuration');
INSERT INTO "auth_permission" VALUES(45,15,'delete_gistsconfiguration','Can delete Gists Configuration');
INSERT INTO "auth_permission" VALUES(46,16,'add_sentence','Can add sentence');
INSERT INTO "auth_permission" VALUES(47,16,'change_sentence','Can change sentence');
INSERT INTO "auth_permission" VALUES(48,16,'delete_sentence','Can delete sentence');
INSERT INTO "auth_permission" VALUES(49,17,'add_tree','Can add tree');
INSERT INTO "auth_permission" VALUES(50,17,'change_tree','Can change tree');
INSERT INTO "auth_permission" VALUES(51,17,'delete_tree','Can delete tree');
INSERT INTO "auth_permission" VALUES(52,18,'add_profile','Can add profile');
INSERT INTO "auth_permission" VALUES(53,18,'change_profile','Can change profile');
INSERT INTO "auth_permission" VALUES(54,18,'delete_profile','Can delete profile');
INSERT INTO "auth_permission" VALUES(55,19,'add_questionnaire','Can add questionnaire');
INSERT INTO "auth_permission" VALUES(56,19,'change_questionnaire','Can change questionnaire');
INSERT INTO "auth_permission" VALUES(57,19,'delete_questionnaire','Can delete questionnaire');
INSERT INTO "auth_permission" VALUES(58,20,'add_wordspan','Can add word span');
INSERT INTO "auth_permission" VALUES(59,20,'change_wordspan','Can change word span');
INSERT INTO "auth_permission" VALUES(60,20,'delete_wordspan','Can delete word span');
INSERT INTO "auth_permission" VALUES(61,21,'add_comment','Can add comment');
INSERT INTO "auth_permission" VALUES(62,21,'change_comment','Can change comment');
INSERT INTO "auth_permission" VALUES(63,21,'delete_comment','Can delete comment');
CREATE TABLE "auth_user" ("id" integer NOT NULL PRIMARY KEY AUTOINCREMENT, "password" varchar(128) NOT NULL, "last_login" datetime NULL, "is_superuser" bool NOT NULL, "first_name" varchar(30) NOT NULL, "last_name" varchar(30) NOT NULL, "email" varchar(254) NOT NULL, "is_staff" bool NOT NULL, "is_active" bool NOT NULL, "date_joined" datetime NOT NULL, "username" varchar(30) NOT NULL UNIQUE);
INSERT INTO "auth_user" VALUES(1,'pbkdf2_sha256$24000$YBNGSoKHqchD$S1it9ruum7MwDZRZlZwc8Mo2fbvbXZkd8byqc6xwIHY=',NULL,1,'','','admin@example.com',1,1,'2017-01-08 15:06:23.719729','admin');
INSERT INTO "auth_user" VALUES(2,'pbkdf2_sha256$24000$mEvkXGJuqE9E$nv1/Y9CCYrr2czq5OW2dt0Xi5N2rkGDJxDzgM0F4duw=','2017-01-08 15:06:31.269309',0,'','','t13@browser.test',0,1,'2017-01-08 15:06:30.881850','t13');
INSERT INTO "auth_user" VALUES(3,'pbkdf2_sha256$24000$ryV7bOySJloM$cAofBkcwwVKFkwmqxTx790tHxbhifuWXjySqnxp74NE=','2017-01-08 15:06:33.660224',0,'','','t7@browser.test',0,1,'2017-01-08 15:06:33.420933','t7');
INSERT INTO "auth_user" VALUES(4,'pbkdf2_sha256$24000$WjOa5X86cJtP$3jybfKb83KlbCSjR77YyHFhSmEO4Ge+mTi6Lf0EOup8=','2017-01-08 15:06:34.392340',0,'','','t5@browser.test',0,1,'2017-01-08 15:06:34.198582','t5');
INSERT INTO "auth_user" VALUES(5,'pbkdf2_sha256$24000$Dq1wY4tJMgci$N98XEzwZYhy02EY+5z/3m2qfnq3I3SwKSs1INR/BUF8=','2017-01-08 15:06:34.618691',0,'','','t4@browser.test',0,1,'2017-01-08 15:06:34.483067','t4');
INSERT INTO "auth_user" VALUES(6,'pbkdf2_sha256$24000$rLlBrDsQNkLa$l7zQgLocvVYIRGbppkDfR6KZcg7rTLyFq8XIldsR4/w=','2017-01-08 15:06:35.111226',0,'','','t6@browser.test',0,1,'2017-01-08 15:06:34.979680','t6');
INSERT INTO "auth_user" VALUES(7,'pbkdf2_sha256$24000$ftwcFqaKuiBM$vaRa7VXTV9oK1lYmo1NA/rjr8A6c8bGhiJ0gNad0ikk=','2017-01-08 15:06:37.815806',0,'','','t12@browser.test',0,1,'2017-01-08 15:06:37.453183','t12');
INSERT INTO "auth_user" VALUES(8,'pbkdf2_sha256$24000$Y5ofNXwkiqTn$k2ALEZlLabF/Xj6EnAWQR30HRD1f7PAqFU8+HktK5L0=','2017-01-08 15:06:38.158293',0,'','','t8@browser.test',0,1,'2017-01-08 15:06:37.928562','t8');
INSERT INTO "auth_user" VALUES(9,'pbkdf2_sha256$24000$ccfsve40S5vR$pCbgnlfKqVPkJtIIQd4eVBMw+R9k7ovw+ExoI4mcc9g=','2017-01-08 15:06:40.469761',0,'','','t1@browser.test',0,1,'2017-01-08 15:06:39.934929','t1');
INSERT INTO "auth_user" VALUES(10,'pbkdf2_sha256$24000$qAMRFX8HhCEA$Mr374Y4dG9vSnkc4Jn+agfM/H+Vq1sYnSFKPEc34rWE=','2017-01-08 15:06:41.095598',0,'','','t11@browser.test',0,1,'2017-01-08 15:06:40.589872','t11');
INSERT INTO "auth_user" VALUES(11,'pbkdf2_sha256$24000$7z5eAVAUFH0T$/BmeMzhqBczrEXziUE/GQtQ4qMBpeGqt2wPZObu5Lq0=','2017-01-08 15:06:43.134491',0,'','','t0@browser.test',0,1,'2017-01-08 15:06:42.687401','t0');
INSERT INTO "auth_user" VALUES(12,'pbkdf2_sha256$24000$FGzyaqy4LTDC$T5Z2HZZbgVFp9QRho/5aAIPd+EFAMx1Ag+654vLgx7s=','2017-01-08 15:06:48.317850',0,'','','t14@browser.test',0,1,'2017-01-08 15:06:47.763457','t14');
INSERT INTO "auth_user" VALUES(13,'pbkdf2_sha256$24000$sVgDDG5H4dz9$ZxMd+P0mngcAcbN56OlmzrFJWsfI00tGl4yDzm6/Abg=','2017-01-08 15:06:50.472324',0,'','','t3@browser.test',0,1,'2017-01-08 15:06:50.022583','t3');
INSERT INTO "auth_user" VALUES(14,'pbkdf2_sha256$24000$JuomDYrlq1pv$lAHj5WvF162FmXja7PP8Tw6SuESP+KXcsEX4Ls9OOaA=','2017-01-08 15:06:50.823649',0,'','','t2@browser.test',0,1,'2017-01-08 15:06:50.572016','t2');
INSERT INTO "auth_user" VALUES(15,'pbkdf2_sha256$24000$Idwqx3NjGx6L$Y0wE/uRKyfkAmqKtULMNxJZZ4WYLU2pSk2G+ounVCLE=','2017-01-08 15:06:51.807708',0,'','','t10@browser.test',0,1,'2017-01-08 15:06:51.526150','t10');
INSERT INTO "auth_user" VALUES(16,'pbkdf2_sha256$24000$tvzke9AqeivW$h0lUpBdIK39KifNC6eIzv8arSbE/omw3IdaxF2imqfs=','2017-01-08 15:06:52.852851',0,'','','t9@browser.test',0,1,'2017-01-08 15:06:52.515401','t9');
CREATE TABLE "auth_user_groups" ("id" integer NOT NULL PRIMARY KEY AUTOINCREMENT, "user_id" integer NOT NULL REFERENCES "auth_user" ("id"), "group_id" integer NOT NULL REFERENCES "auth_group" ("id"));
CREATE TABLE "auth_user_user_permissions" ("id" integer NOT NULL PRIMARY KEY AUTOINCREMENT, "user_id" integer NOT NULL REFERENCES "auth_user" ("id"), "permission_id" integer NOT NULL REFERENCES "auth_permission" ("id"));
CREATE TABLE "authtoken_token" ("key" varchar(40) NOT NULL PRIMARY KEY, "created" datetime NOT NULL, "user_id" integer NOT NULL UNIQUE REFERENCES "auth_user" ("id"));
INSERT INTO "authtoken_token" VALUES('e71b8709a684d94ed073ce4172e510ef51a5b0bc','2017-01-08 15:06:31.004692',2);
INSERT INTO "authtoken_token" VALUES('c1b112006b997396bb5038b0984cd9e897d83427','2017-01-08 15:06:33.589580',3);
INSERT INTO "authtoken_token" VALUES('6dec330716a1aaf2c3f2d5b4e635391bb901205d','2017-01-08 15:06:34.353605',4);
INSERT INTO "authtoken_token" VALUES('6ec68692fcb67a12d3c8e384d7d57052178c8934','2017-01-08 15:06:34.561395',5);
INSERT INTO "authtoken_token" VALUES('608213c97bf826a02951b3ca89ee5eab9362312c','2017-01-08 15:06:35.089942',6);
INSERT INTO "authtoken_token" VALUES('54e72324c7fc5bf4ce0e11311730454f246cbd3f','2017-01-08 15:06:37.697969',7);
INSERT INTO "authtoken_token" VALUES('765fca7db12f08a9b26d72bf9d34eb3630951a39','2017-01-08 15:06:38.089577',8);
INSERT INTO "authtoken_token" VALUES('e587dd3517398eb08af4afe560039d3964a8766e','2017-01-08 15:06:40.287905',9);
INSERT INTO "authtoken_token" VALUES('fee5bccc92b968932696039991b0a9335ecdcd07','2017-01-08 15:06:40.935647',10);
INSERT INTO "authtoken_token" VALUES('a41ef4df1f2c4dca652fcf7f541529b9023421ab','2017-01-08 15:06:43.013352',11);
INSERT INTO "authtoken_token" VALUES('aef954a0863131a2647680e73570b4ab7ba6f8cf','2017-01-08 15:06:48.135536',12);
INSERT INTO "authtoken_token" VALUES('17ea630ea0489b134e62daa0639040da20b59b91','2017-01-08 15:06:50.344139',13);
INSERT INTO "authtoken_token" VALUES('f5d8010b21d2c70c83d80f89d129dd6fc2ea7a90','2017-01-08 15:06:50.803575',14);
INSERT INTO "authtoken_token" VALUES('8ceda0976504829057ee68d2f45bcd01ccd0bcde','2017-01-08 15:06:51.706740',15);
INSERT INTO "authtoken_token" VALUES('f1c7317168f0b1bc29d9ccd56e8739dce8af9fdf','2017-01-08 15:06:52.777500',16);
CREATE TABLE "corsheaders_corsmodel" ("id" integer NOT NULL PRIMARY KEY AUTOINCREMENT, "cors" varchar(255) NOT NULL);
CREATE TABLE "django_admin_log" ("id" integer NOT NULL PRIMARY KEY AUTOINCREMENT, "object_id" text NULL, "object_repr" varchar(200) NOT NULL, "action_flag" smallint unsigned NOT NULL, "change_message" text NOT NULL, "content_type_id" integer NULL REFERENCES "django_content_type" ("id"), "user_id" integer NOT NULL REFERENCES "auth_user" ("id"), "action_time" datetime NOT NULL);
CREATE TABLE "django_content_type" ("id" integer NOT NULL PRIMARY KEY AUTOINCREMENT, "app_label" varchar(100) NOT NULL, "model" varchar(100) NOT NULL);
INSERT INTO "django_content_type" VALUES(1,'admin','logentry');
INSERT INTO "django_content_type" VALUES(2,'auth','permission');
INSERT INTO "django_content_type" VALUES(3,'auth','group');
INSERT INTO "django_content_type" VALUES(4,'auth','user');
INSERT INTO "django_content_type" VALUES(5,'contenttypes','contenttype');
INSERT INTO "django_content_type" VALUES(6,'sessions','session');
INSERT INTO "django_content_type" VALUES(7,'sites','site');
INSERT INTO "django_content_type" VALUES(8,'authtoken','token');
INSERT INTO "django_content_type" VALUES(9,'account','emailaddress');
INSERT INTO "django_content_type" VALUES(10,'account','emailconfirmation');
INSERT INTO "django_content_type" VALUES(11,'socialaccount','socialapp');
INSERT INTO "django_content_type" VALUES(12,'socialaccount','socialaccount');
INSERT INTO "django_content_type" VALUES(13,'socialaccount','socialtoken');
INSERT INTO "django_content_type" VALUES(14,'corsheaders','corsmodel');
INSERT INTO "django_content_type" VALUES(15,'gists','gistsconfiguration');
INSERT INTO "django_content_type" VALUES(16,'gists','sentence');
INSERT INTO "django_content_type" VALUES(17,'gists','tree');
INSERT INTO "django_content_type" VALUES(18,'gists','profile');
INSERT INTO "django_content_type" VALUES(19,'gists','questionnaire');
INSERT INTO "django_content_type" VALUES(20,'gists','wordspan');
INSERT INTO "django_content_type" VALUES(21,'gists','comment');
CREATE TABLE "django_migrations" ("id" integer NOT NULL PRIMARY KEY AUTOINCREMENT, "app" varchar(255) NOT NULL, "name" varchar(255) NOT NULL, "applied" datetime NOT NULL);
INSERT INTO "django_migrations" VALUES(1,'contenttypes','0001_initial','2017-01-08 15:06:23.151727');
INSERT INTO "django_migrations" VALUES(2,'auth','0001_initial','2017-01-08 15:06:23.191078');
INSERT INTO "django_migrations" VALUES(3,'account','0001_initial','2017-01-08 15:06:23.205973');
INSERT INTO "django_migrations" VALUES(4,'account','0002_email_max_length','2017-01-08 15:06:23.214612');
INSERT INTO "django_migrations" VALUES(5,'admin','0001_initial','2017-01-08 15:06:23.223512');
INSERT INTO "django_migrations" VALUES(6,'admin','0002_logentry_remove_auto_add','2017-01-08 15:06:23.233364');
INSERT INTO "django_migrations" VALUES(7,'contenttypes','0002_remove_content_type_name','2017-01-08 15:06:23.262382');
INSERT INTO "django_migrations" VALUES(8,'auth','0002_alter_permission_name_max_length','2017-01-08 15:06:23.272249');
INSERT INTO "django_migrations" VALUES(9,'auth','0003_alter_user_email_max_length','2017-01-08 15:06:23.281890');
INSERT INTO "django_migrations" VALUES(10,'auth','0004_alter_user_username_opts','2017-01-08 15:06:23.291466');
INSERT INTO "django_migrations" VALUES(11,'auth','0005_alter_user_last_login_null','2017-01-08 15:06:23.300956');
INSERT INTO "django_migrations" VALUES(12,'auth','0006_require_contenttypes_0002','2017-01-08 15:06:23.301499');
INSERT INTO "django_migrations" VALUES(13,'auth','0007_alter_validators_add_error_messages','2017-01-08 15:06:23.313003');
INSERT INTO "django_migrations" VALUES(14,'authtoken','0001_initial','2017-01-08 15:06:23.322137');
INSERT INTO "django_migrations" VALUES(15,'gists','0001_initial','2017-01-08 15:06:23.428805');
INSERT INTO "django_migrations" VALUES(16,'gists','0002_comment_meta','2017-01-08 15:06:23.446438');
INSERT INTO "django_migrations" VALUES(17,'gists','0003_tree_last_served','2017-01-08 15:06:23.461676');
INSERT INTO "django_migrations" VALUES(18,'sessions','0001_initial','2017-01-08 15:06:23.464295');
INSERT INTO "django_migrations" VALUES(19,'sites','0001_initial','2017-01-08 15:06:23.466662');
INSERT INTO "django_migrations" VALUES(20,'sites','0002_alter_domain_unique','2017-01-08 15:06:23.470338');
INSERT INTO "django_migrations" VALUES(21,'socialaccount','0001_initial','2017-01-08 15:06:23.545974');
INSERT INTO "django_migrations" VALUES(22,'socialaccount','0002_token_max_lengths','2017-01-08 15:06:23.620581');
CREATE TABLE "django_session" ("session_key" varchar(40) NOT NULL PRIMARY KEY, "session_data" text NOT NULL, "expire_date" datetime NOT NULL);
INSERT INTO "django_session" VALUES('2tvg9frdwisrh1bf19ucuuhqjpr23boj','NTBjOWQ1ZWE1NzRhZDNiM2FjZmJlMWEyYThkY2EzYzBmYjhjZTM0ZTp7ImFjY291bnRfdmVyaWZpZWRfZW1haWwiOm51bGwsImFjY291bnRfdXNlciI6IjIiLCJfYXV0aF91c2VyX2lkIjoiMiIsIl9hdXRoX3VzZXJfYmFja2VuZCI6ImFsbGF1dGguYWNjb3VudC5hdXRoX2JhY2tlbmRzLkF1dGhlbnRpY2F0aW9uQmFja2VuZCIsIl9hdXRoX3VzZXJfaGFzaCI6ImIwZjVhMWRhZDY5OGZkMGQ0ZGMyYzQ2NGViZDFmMzE5ZDcwOTJiZDEifQ==','2017-01-22 15:06:31.278157');
INSERT INTO "django_session" VALUES('yx15f97tne9bxwepsmd83av228jxp8k9','NGU4NjVlMjhjYTg1NjNiNDAyY2MxMDE2NDM5YjQ0OTlkMjk0MjU0Zjp7ImFjY291bnRfdmVyaWZpZWRfZW1haWwiOm51bGwsImFjY291bnRfdXNlciI6IjMiLCJfYXV0aF91c2VyX2lkIjoiMyIsIl9hdXRoX3VzZXJfYmFja2VuZCI6ImFsbGF1dGguYWNjb3VudC5hdXRoX2JhY2tlbmRzLkF1dGhlbnRpY2F0aW9uQmFja2VuZCIsIl9hdXRoX3VzZXJfaGFzaCI6IjI0NGJhZTA4OWI3ZDgxMzQyMzAwODhlZmZjZDMwMjU3NjQwZDIwMjMifQ==','2017-01-22 15:06:33.685115');
INSERT INTO "django_session" VALUES('7aouvy6pa8vjkj31qaxe2iw523l6rtbz','MDk5ZTAwN2Y3ZTNlMzI1NDJmZmU2YzVmODY4OTBjYWZiYjVlZTE4ZTp7ImFjY291bnRfdmVyaWZpZWRfZW1haWwiOm51bGwsImFjY291bnRfdXNlciI6IjQiLCJfYXV0aF91c2VyX2lkIjoiNCIsIl9hdXRoX3VzZXJfYmFja2VuZCI6ImFsbGF1dGguYWNjb3VudC5hdXRoX2JhY2tlbmRzLkF1dGhlbnRpY2F0aW9uQmFja2VuZCIsIl9hdXRoX3VzZXJfaGFzaCI6ImZmYjk4YjJmZGVmMTc3MGIwZmVmMzg5NGEzMGM1MmVmMWU1NjNiMzcifQ==','2017-01-22 15:06:34.400874');
INSERT INTO "django_session" VALUES('kcvagj3w9qcc80r9pf6ydtgvwhzz19ot','N2JhMzA4YmNiMjU3ZjI2MTAyZmM2NmM3NzNiMWQ4ODE1MTIyM2ZkODp7ImFjY291bnRfdmVyaWZpZWRfZW1haWwiOm51bGwsImFjY291bnRfdXNlciI6IjUiLCJfYXV0aF91c2VyX2lkIjoiNSIsIl9hdXRoX3VzZXJfYmFja2VuZCI6ImFsbGF1dGguYWNjb3VudC5hdXRoX2JhY2tlbmRzLkF1dGhlbnRpY2F0aW9uQmFja2VuZCIsIl9hdXRoX3VzZXJfaGFzaCI6IjhlMzczNmFlYjlkNDAwYjNkNzYzOGQ1ZjBlNzA3ODdiOWEzZGJmOTcifQ==','2017-01-22 15:06:34.623330');
INSERT INTO "django_session" VALUES('61knl6i8b4qudnvll5avry4ix4xl3onw','NDhiNmFhODI5MmVhZThjYTc2NzhmMGZmMTNjMWM5NDhhY2IwZTE5ZTp7ImFjY291bnRfdmVyaWZpZWRfZW1haWwiOm51bGwsImFjY291bnRfdXNlciI6IjYiLCJfYXV0aF91c2VyX2lkIjoiNiIsIl9hdXRoX3VzZXJfYmFja2VuZCI6ImFsbGF1dGguYWNjb3VudC5hdXRoX2JhY2tlbmRzLkF1dGhlbnRpY2F0aW9uQmFja2VuZCIsIl9hdXRoX3VzZXJfaGFzaCI6IjBjNGQwZmI0YjVkZmY2NDkyZDU3MWVmY2M1ODdjN2I1M2Q4MjFjMzMifQ==','2017-01-22 15:06:35.115412');
INSERT INTO "django_session" VALUES('icaq7p355deoswn6tpzphci0bn8oi1g4','OTU0NjdhOTUxMmM1ODA3YWFmYTVhOWNiMmI3Y2JjNzhlNmY4NzEwZDp7ImFjY291bnRfdmVyaWZpZWRfZW1haWwiOm51bGwsImFjY291bnRfdXNlciI6IjciLCJfYXV0aF91c2VyX2lkIjoiNyIsIl9hdXRoX3VzZXJfYmFja2VuZCI6ImFsbGF1dGguYWNjb3VudC5hdXRoX2JhY2tlbmRzLkF1dGhlbnRpY2F0aW9uQmFja2VuZCIsIl9hdXRoX3VzZXJfaGFzaCI6ImVhNWZmZTkxNjFhYzNkNTU2ZDAzZjljY2FkZDA2ODA5Y2Q4MWU0ZGQifQ==','2017-01-22 15:06:37.835670');
INSERT INTO "django_session" VALUES('wvul9kkn63gzdr67y2xr2epzzgbsj8ls','OGQ3MjViYWJjYjhlMDBiYTRkMzA4ZmVhYzAwMTc1MTQzMWYzMWM2NDp7ImFjY291bnRfdmVyaWZpZWRfZW1haWwiOm51bGwsImFjY291bnRfdXNlciI6IjgiLCJfYXV0aF91c2VyX2lkIjoiOCIsIl9hdXRoX3VzZXJfYmFja2VuZCI6ImFsbGF1dGguYWNjb3VudC5hdXRoX2JhY2tlbmRzLkF1dGhlbnRpY2F0aW9uQmFja2VuZCIsIl9hdXRoX3VzZXJfaGFzaCI6ImNmOWRmOGNmYTg1NTJjYTJlMWRmZTc0MjcyYTg4ZjNhN2UwOGM2YjkifQ==','2017-01-22 15:06:38.163123');
INSERT INTO "django_session" VALUES('elbf8peq1qq6tnjd4k3ryk3mi20m2xaf','Njk0ZGExNWFkOTkzM2ViNjg1YTVlNzgyZmIwMDQ5MWM5NmQ5YmVkYzp7ImFjY291bnRfdmVyaWZpZWRfZW1haWwiOm51bGwsImFjY291bnRfdXNlciI6IjkiLCJfYXV0aF91c2VyX2lkIjoiOSIsIl9hdXRoX3VzZXJfYmFja2VuZCI6ImFsbGF1dGguYWNjb3VudC5hdXRoX2JhY2tlbmRzLkF1dGhlbnRpY2F0aW9uQmFja2VuZCIsIl9hdXRoX3VzZXJfaGFzaCI6IjE2YmI4MzgwYTA0MDIzYWQ5ODVmNzEzNDE2OGRkMTE0ZTI4YzlkZTUifQ==','2017-01-22 15:06:40.518860');
INSERT INTO "django_session" VALUES('c8cvo7hr7n0xlf0dxzs757j4rpaut37p','ZWY0ZmRmNTRhNTg3ZjllNDAyNmNkOTIxY2QxOGFjMDkzZDMxZjMwMzp7ImFjY291bnRfdmVyaWZpZWRfZW1haWwiOm51bGwsImFjY291bnRfdXNlciI6ImEiLCJfYXV0aF91c2VyX2lkIjoiMTAiLCJfYXV0aF91c2VyX2JhY2tlbmQiOiJhbGxhdXRoLmFjY291bnQuYXV0aF9iYWNrZW5kcy5BdXRoZW50aWNhdGlvbkJhY2tlbmQiLCJfYXV0aF91c2VyX2hhc2giOiJkZWJmNzVlOTAzZDAwYjUzNzBiYzBjZTQ3NzRkNjAwMTA1ZTg4YzE1In0=','2017-01-22 15:06:41.117960');
INSERT INTO "django_session" VALUES('fz76wzzhoxxqu7eh67lnbigmpk63h3q3','Mzk1YWUwZDZiMzc1ZGJmMzI3YzAwYTNhYmRjYTA5ZjBiODhhZGM3ZTp7ImFjY291bnRfdmVyaWZpZWRfZW1haWwiOm51bGwsImFjY291bnRfdXNlciI6ImIiLCJfYXV0aF91c2VyX2lkIjoiMTEiLCJfYXV0aF91c2VyX2JhY2tlbmQiOiJhbGxhdXRoLmFjY291bnQuYXV0aF9iYWNrZW5kcy5BdXRoZW50aWNhdGlvbkJhY2tlbmQiLCJfYXV0aF91c2VyX2hhc2giOiIwZDExNWY0NjA0ODkwMjkyNDNhYjQ0YTcxNDdhNTI2YWU4YTAyYTQ1In0=','2017-01-22 15:06:43.156250');
INSERT INTO "django_session" VALUES('65816p6qb03lglvm9gzqqpn5jpby341h','NjYzZDMzNTgxODI4MDA0MjA2OGVlMTJlZWY1MTNlZjExMGM3ZDdjMDp7ImFjY291bnRfdmVyaWZpZWRfZW1haWwiOm51bGwsImFjY291bnRfdXNlciI6ImMiLCJfYXV0aF91c2VyX2lkIjoiMTIiLCJfYXV0aF91c2VyX2JhY2tlbmQiOiJhbGxhdXRoLmFjY291bnQuYXV0aF9iYWNrZW5kcy5BdXRoZW50aWNhdGlvbkJhY2tlbmQiLCJfYXV0aF91c2VyX2hhc2giOiJkODI4MmM0NWEwYmE3NTM5NDU4MjgxMjc2NDNjNzViN2Q3NjNmNzI3In0=','2017-01-22 15:06:48.339082');
INSERT INTO "django_session" VALUES('eryc95nb2smpnqmzdbfvbshu49664s05','MTg0MDZkOGRmMzExZWVjZWY4OTliNmIzY2MwODk5OWMyMTc0MGVkYzp7ImFjY291bnRfdmVyaWZpZWRfZW1haWwiOm51bGwsImFjY291bnRfdXNlciI6ImQiLCJfYXV0aF91c2VyX2lkIjoiMTMiLCJfYXV0aF91c2VyX2JhY2tlbmQiOiJhbGxhdXRoLmFjY291bnQuYXV0aF9iYWNrZW5kcy5BdXRoZW50aWNhdGlvbkJhY2tlbmQiLCJfYXV0aF91c2VyX2hhc2giOiJiNzA3NWQzZGU5MmQ5Yjc1ODI4OTQxOTA5M2RjM2U2ZjJiNDgyNDQ4In0=','2017-01-22 15:06:50.512739');
INSERT INTO "django_session" VALUES('nxqfyiigqiys3qz4st356cis4vgzi5cr','OTIwOGUxNmZmZTQ0ZGMzMGI1ZWMyZmFmMzRmZDE4NGU1YWViYzY0ODp7ImFjY291bnRfdmVyaWZpZWRfZW1haWwiOm51bGwsImFjY291bnRfdXNlciI6ImUiLCJfYXV0aF91c2VyX2lkIjoiMTQiLCJfYXV0aF91c2VyX2JhY2tlbmQiOiJhbGxhdXRoLmFjY291bnQuYXV0aF9iYWNrZW5kcy5BdXRoZW50aWNhdGlvbkJhY2tlbmQiLCJfYXV0aF91c2VyX2hhc2giOiI2NmFjNjVhOWQxYzVkZGQxM2E2MzY4MjYwMGYwYThiNTVhYWYyMjgwIn0=','2017-01-22 15:06:50.828419');
INSERT INTO "django_session" VALUES('pexo0vfwfxy438lidff96eijnswegmu9','YjAwNTEzM2MxNmZhOWVlMWJlMjFlNDVjOGNiZmE3MWU2MDMxYjg2Yjp7ImFjY291bnRfdmVyaWZpZWRfZW1haWwiOm51bGwsImFjY291bnRfdXNlciI6ImYiLCJfYXV0aF91c2VyX2lkIjoiMTUiLCJfYXV0aF91c2VyX2JhY2tlbmQiOiJhbGxhdXRoLmFjY291bnQuYXV0aF9iYWNrZW5kcy5BdXRoZW50aWNhdGlvbkJhY2tlbmQiLCJfYXV0aF91c2VyX2hhc2giOiI4NDUzZmE1OTc5YzAwNjY2M2IyMmI2MWYyZjljODAzMDg0NWNmMWYxIn0=','2017-01-22 15:06:51.828366');
INSERT INTO "django_session" VALUES('qxnmtr5129xbpx3bvcib94lacrw2560z','NmExNjE2YWFkNDgyODQyYTA2OTlhZTlmMzQzOTEyZDg1ODIzZWM3ODp7ImFjY291bnRfdmVyaWZpZWRfZW1haWwiOm51bGwsImFjY291bnRfdXNlciI6ImciLCJfYXV0aF91c2VyX2lkIjoiMTYiLCJfYXV0aF91c2VyX2JhY2tlbmQiOiJhbGxhdXRoLmFjY291bnQuYXV0aF9iYWNrZW5kcy5BdXRoZW50aWNhdGlvbkJhY2tlbmQiLCJfYXV0aF91c2VyX2hhc2giOiJjMzRhOTIyOGFlM2I0YzVlMzIzOGY2YzJkNmY0NmNiYTU1YWJlOGY2In0=','2017-01-22 15:06:52.899424');
CREATE TABLE "django_site" ("id" integer NOT NULL PRIMARY KEY AUTOINCREMENT, "name" varchar(50) NOT NULL, "domain" varchar(100) NOT NULL UNIQUE);
INSERT INTO "django_site" VALUES(1,'example.com','example.com');
CREATE TABLE "gists_comment" ("id" integer NOT NULL PRIMARY KEY AUTOINCREMENT, "created" datetime NOT NULL, "email" varchar(254) NOT NULL, "text" varchar(5000) NOT NULL, "profile_id" integer NOT NULL REFERENCES "gists_profile" ("id"), "meta" varchar(5000) NOT NULL);
CREATE TABLE "gists_gistsconfiguration" ("id" integer NOT NULL PRIMARY KEY AUTOINCREMENT, "target_branch_depth" integer unsigned NOT NULL, "target_branch_count" integer unsigned NOT NULL, "branch_probability" real NOT NULL, "read_factor" integer unsigned NOT NULL, "write_factor" integer unsigned NOT NULL, "min_tokens" integer unsigned NOT NULL, "pause_period" integer unsigned NOT NULL, "experiment_work" integer unsigned NOT NULL, "training_work" integer unsigned NOT NULL, "base_credit" integer unsigned NOT NULL);
INSERT INTO "gists_gistsconfiguration" VALUES(1,5,3,0.2,1,5,10,10,10,2,0);
CREATE TABLE "gists_profile" ("id" integer NOT NULL PRIMARY KEY AUTOINCREMENT, "created" datetime NOT NULL, "mothertongue" varchar(100) NOT NULL, "trained_reformulations" bool NOT NULL, "introduced_exp_home" bool NOT NULL, "introduced_exp_play" bool NOT NULL, "introduced_play_home" bool NOT NULL, "introduced_play_play" bool NOT NULL, "prolific_id" varchar(50) NULL, "user_id" integer NOT NULL UNIQUE REFERENCES "auth_user" ("id"));
INSERT INTO "gists_profile" VALUES(1,'2017-01-08 15:06:23.740624','english',0,0,0,0,0,NULL,1);
INSERT INTO "gists_profile" VALUES(2,'2017-01-08 15:06:31.402964','english',1,1,1,0,0,NULL,2);
INSERT INTO "gists_profile" VALUES(3,'2017-01-08 15:06:33.789890','english',1,1,1,0,0,NULL,3);
INSERT INTO "gists_profile" VALUES(4,'2017-01-08 15:06:34.658212','english',1,1,1,0,0,NULL,4);
INSERT INTO "gists_profile" VALUES(5,'2017-01-08 15:06:35.168202','english',1,1,1,0,0,NULL,5);
INSERT INTO "gists_profile" VALUES(6,'2017-01-08 15:06:35.312652','english',1,1,1,0,0,NULL,6);
INSERT INTO "gists_profile" VALUES(7,'2017-01-08 15:06:38.255629','english',1,1,1,0,0,NULL,7);
INSERT INTO "gists_profile" VALUES(8,'2017-01-08 15:06:41.187758','english',1,1,1,0,0,NULL,8);
INSERT INTO "gists_profile" VALUES(9,'2017-01-08 15:06:41.892567','english',1,1,1,0,0,NULL,9);
INSERT INTO "gists_profile" VALUES(10,'2017-01-08 15:06:42.302147','english',1,1,1,0,0,NULL,10);
INSERT INTO "gists_profile" VALUES(11,'2017-01-08 15:06:43.422182','english',1,1,1,0,0,NULL,11);
INSERT INTO "gists_profile" VALUES(12,'2017-01-08 15:06:49.012876','english',1,1,1,0,0,NULL,12);
INSERT INTO "gists_profile" VALUES(13,'2017-01-08 15:06:53.045238','english',1,1,1,0,0,NULL,13);
INSERT INTO "gists_profile" VALUES(14,'2017-01-08 15:06:53.350751','english',1,1,1,0,0,NULL,14);
INSERT INTO "gists_profile" VALUES(15,'2017-01-08 15:06:54.342631','english',1,1,1,0,0,NULL,15);
INSERT INTO "gists_profile" VALUES(16,'2017-01-08 15:06:54.753172','english',1,1,1,0,0,NULL,16);
CREATE TABLE "gists_questionnaire" ("id" integer NOT NULL PRIMARY KEY AUTOINCREMENT, "created" datetime NOT NULL, "age" smallint unsigned NOT NULL, "gender" varchar(100) NOT NULL, "informed" bool NOT NULL, "informed_how" varchar(500) NOT NULL, "informed_what" varchar(500) NOT NULL, "education_level" varchar(5) NOT NULL, "education_freetext" varchar(500) NOT NULL, "job_type" varchar(5) NOT NULL, "job_freetext" varchar(500) NOT NULL, "profile_id" integer NOT NULL UNIQUE REFERENCES "gists_profile" ("id"));
INSERT INTO "gists_questionnaire" VALUES(1,'2017-01-08 15:06:45.187052',20,'other',0,'-----','-----','3','Some education','-','Some job',2);
INSERT INTO "gists_questionnaire" VALUES(2,'2017-01-08 15:06:49.424860',20,'other',0,'-----','-----','3','Some education','-','Some job',3);
INSERT INTO "gists_questionnaire" VALUES(3,'2017-01-08 15:06:50.967411',20,'other',0,'-----','-----','3','Some education','-','Some job',5);
INSERT INTO "gists_questionnaire" VALUES(4,'2017-01-08 15:06:51.233869',20,'other',0,'-----','-----','3','Some education','-','Some job',6);
INSERT INTO "gists_questionnaire" VALUES(5,'2017-01-08 15:06:51.489487',20,'other',0,'-----','-----','3','Some education','-','Some job',4);
INSERT INTO "gists_questionnaire" VALUES(6,'2017-01-08 15:06:55.272782',20,'other',0,'-----','-----','3','Some education','-','Some job',7);
INSERT INTO "gists_questionnaire" VALUES(7,'2017-01-08 15:06:57.709449',20,'other',0,'-----','-----','3','Some education','-','Some job',8);
INSERT INTO "gists_questionnaire" VALUES(8,'2017-01-08 15:06:59.520922',20,'other',0,'-----','-----','3','Some education','-','Some job',10);
INSERT INTO "gists_questionnaire" VALUES(9,'2017-01-08 15:06:59.549120',20,'other',0,'-----','-----','3','Some education','-','Some job',9);
INSERT INTO "gists_questionnaire" VALUES(10,'2017-01-08 15:07:01.820820',20,'other',0,'-----','-----','3','Some education','-','Some job',11);
INSERT INTO "gists_questionnaire" VALUES(11,'2017-01-08 15:07:06.192516',20,'other',0,'-----','-----','3','Some education','-','Some job',12);
INSERT INTO "gists_questionnaire" VALUES(12,'2017-01-08 15:07:10.608386',20,'other',0,'-----','-----','3','Some education','-','Some job',14);
INSERT INTO "gists_questionnaire" VALUES(13,'2017-01-08 15:07:11.925656',20,'other',0,'-----','-----','3','Some education','-','Some job',13);
INSERT INTO "gists_questionnaire" VALUES(14,'2017-01-08 15:07:12.047453',20,'other',0,'-----','-----','3','Some education','-','Some job',15);
INSERT INTO "gists_questionnaire" VALUES(15,'2017-01-08 15:07:12.485739',20,'other',0,'-----','-----','3','Some education','-','Some job',16);
CREATE TABLE "gists_sentence" ("id" integer NOT NULL PRIMARY KEY AUTOINCREMENT, "created" datetime NOT NULL, "text" varchar(5000) NOT NULL, "read_time_proportion" real NOT NULL, "read_time_allotted" real NOT NULL, "write_time_proportion" real NOT NULL, "write_time_allotted" real NOT NULL, "language" varchar(100) NOT NULL, "bucket" varchar(100) NOT NULL, "parent_id" integer NULL REFERENCES "gists_sentence" ("id"), "profile_id" integer NOT NULL REFERENCES "gists_profile" ("id"), "tree_id" integer NOT NULL REFERENCES "gists_tree" ("id"), "tree_as_root_id" integer NULL UNIQUE REFERENCES "gists_tree" ("id"));
INSERT INTO "gists_sentence" VALUES(1,'2017-01-08 15:06:23.741334','training root 0',0.0,0.0,0.0,0.0,'english','training',NULL,1,1,1);
INSERT INTO "gists_sentence" VALUES(2,'2017-01-08 15:06:23.741988','training root 1',0.0,0.0,0.0,0.0,'english','training',NULL,1,2,2);
INSERT INTO "gists_sentence" VALUES(3,'2017-01-08 15:06:23.742626','experiment root 0',0.0,0.0,0.0,0.0,'english','experiment',NULL,1,3,3);
INSERT INTO "gists_sentence" VALUES(4,'2017-01-08 15:06:23.743261','experiment root 1',0.0,0.0,0.0,0.0,'english','experiment',NULL,1,4,4);
INSERT INTO "gists_sentence" VALUES(5,'2017-01-08 15:06:23.743911','experiment root 2',0.0,0.0,0.0,0.0,'english','experiment',NULL,1,5,5);
INSERT INTO "gists_sentence" VALUES(6,'2017-01-08 15:06:23.744546','experiment root 3',0.0,0.0,0.0,0.0,'english','experiment',NULL,1,6,6);
INSERT INTO "gists_sentence" VALUES(7,'2017-01-08 15:06:23.745181','experiment root 4',0.0,0.0,0.0,0.0,'english','experiment',NULL,1,7,7);
INSERT INTO "gists_sentence" VALUES(8,'2017-01-08 15:06:23.745825','experiment root 5',0.0,0.0,0.0,0.0,'english','experiment',NULL,1,8,8);
INSERT INTO "gists_sentence" VALUES(9,'2017-01-08 15:06:23.746455','experiment root 6',0.0,0.0,0.0,0.0,'english','experiment',NULL,1,9,9);
INSERT INTO "gists_sentence" VALUES(10,'2017-01-08 15:06:23.747087','experiment root 7',0.0,0.0,0.0,0.0,'english','experiment',NULL,1,10,10);
INSERT INTO "gists_sentence" VALUES(11,'2017-01-08 15:06:23.747720','experiment root 8',0.0,0.0,0.0,0.0,'english','experiment',NULL,1,11,11);
INSERT INTO "gists_sentence" VALUES(12,'2017-01-08 15:06:23.748617','experiment root 9',0.0,0.0,0.0,0.0,'english','experiment',NULL,1,12,12);
INSERT INTO "gists_sentence" VALUES(13,'2017-01-08 15:07:51.706370','t7 t7 t7 t7 t7 t7 t7 t7 t7 t7',1.0,3.0,0.5626,15.0,'english','experiment',6,3,6,NULL);
INSERT INTO "gists_sentence" VALUES(14,'2017-01-08 15:07:52.642262','t4 t4 t4 t4 t4 t4 t4 t4 t4 t4',1.0,3.0,0.5858,15.0,'english','experiment',5,5,5,NULL);
INSERT INTO "gists_sentence" VALUES(15,'2017-01-08 15:07:54.064480','t5 t5 t5 t5 t5 t5 t5 t5 t5 t5',1.0,3.0,6.0213333333333329822e-01,15.0,'english','experiment',3,4,3,NULL);
INSERT INTO "gists_sentence" VALUES(16,'2017-01-08 15:07:56.029301','t6 t6 t6 t6 t6 t6 t6 t6 t6 t6',1.0,3.0,6.22133333333333315984e-01,15.0,'english','experiment',7,6,7,NULL);
INSERT INTO "gists_sentence" VALUES(17,'2017-01-08 15:07:57.630939','t13 t13 t13 t13 t13 t13 t13 t13 t13 t13',1.0,3.0,7.80733333333333279213e-01,15.0,'english','experiment',10,2,10,NULL);
INSERT INTO "gists_sentence" VALUES(18,'2017-01-08 15:07:59.016410','t8 t8 t8 t8 t8 t8 t8 t8 t8 t8',1.0,3.0,5.55333333333333345471e-01,15.0,'english','experiment',4,8,4,NULL);
INSERT INTO "gists_sentence" VALUES(19,'2017-01-08 15:07:59.992126','t1 t1 t1 t1 t1 t1 t1 t1 t1 t1',1.0,3.0,0.4848,15.0,'english','experiment',11,9,11,NULL);
INSERT INTO "gists_sentence" VALUES(20,'2017-01-08 15:08:00.353112','t0 t0 t0 t0 t0 t0 t0 t0 t0 t0',1.0,3.0,0.4706,15.0,'english','experiment',3,11,3,NULL);
INSERT INTO "gists_sentence" VALUES(21,'2017-01-08 15:08:00.868211','t12 t12 t12 t12 t12 t12 t12 t12 t12 t12',1.0,3.0,6.01133333333333297332e-01,15.0,'english','experiment',8,7,8,NULL);
INSERT INTO "gists_sentence" VALUES(22,'2017-01-08 15:08:04.570825','t11 t11 t11 t11 t11 t11 t11 t11 t11 t11',1.0,3.0,4.60466666666666690765e-01,15.0,'english','experiment',9,10,9,NULL);
INSERT INTO "gists_sentence" VALUES(23,'2017-01-08 15:08:05.676022','t7 t7 t7 t7 t7 t7 t7 t7 t7 t7',1.0,3.0,0.3734,15.0,'english','experiment',12,3,12,NULL);
INSERT INTO "gists_sentence" VALUES(24,'2017-01-08 15:08:08.941788','t4 t4 t4 t4 t4 t4 t4 t4 t4 t4',1.0,3.0,0.4442,15.0,'english','experiment',10,5,10,NULL);
INSERT INTO "gists_sentence" VALUES(25,'2017-01-08 15:08:12.216546','t6 t6 t6 t6 t6 t6 t6 t6 t6 t6',1.0,3.0,0.493,15.0,'english','experiment',11,6,11,NULL);
INSERT INTO "gists_sentence" VALUES(26,'2017-01-08 15:08:12.659470','t2 t2 t2 t2 t2 t2 t2 t2 t2 t2',1.0,3.0,4.96466666666666667229e-01,15.0,'english','experiment',8,14,8,NULL);
INSERT INTO "gists_sentence" VALUES(27,'2017-01-08 15:08:12.942416','t8 t8 t8 t8 t8 t8 t8 t8 t8 t8',1.0,3.0,4.36666666666666647422e-01,15.0,'english','experiment',12,8,12,NULL);
INSERT INTO "gists_sentence" VALUES(28,'2017-01-08 15:08:15.269144','t14 t14 t14 t14 t14 t14 t14 t14 t14 t14',1.0,3.0,0.5912,15.0,'english','experiment',4,12,4,NULL);
INSERT INTO "gists_sentence" VALUES(29,'2017-01-08 15:08:16.284383','t13 t13 t13 t13 t13 t13 t13 t13 t13 t13',1.0,3.0,0.6524,15.0,'english','experiment',9,2,9,NULL);
INSERT INTO "gists_sentence" VALUES(30,'2017-01-08 15:08:18.142635','t5 t5 t5 t5 t5 t5 t5 t5 t5 t5',1.0,10.0,0.14052,50.0,'english','experiment',14,4,5,NULL);
INSERT INTO "gists_sentence" VALUES(31,'2017-01-08 15:08:20.392803','t3 t3 t3 t3 t3 t3 t3 t3 t3 t3',1.0,10.0,0.15914,50.0,'english','experiment',13,13,6,NULL);
INSERT INTO "gists_sentence" VALUES(32,'2017-01-08 15:08:21.083274','t9 t9 t9 t9 t9 t9 t9 t9 t9 t9',1.0,10.0,0.14888,50.0,'english','experiment',14,16,5,NULL);
INSERT INTO "gists_sentence" VALUES(33,'2017-01-08 15:08:22.059135','t0 t0 t0 t0 t0 t0 t0 t0 t0 t0',1.0,10.0,0.14704,50.0,'english','experiment',18,11,4,NULL);
INSERT INTO "gists_sentence" VALUES(34,'2017-01-08 15:08:22.121740','t1 t1 t1 t1 t1 t1 t1 t1 t1 t1',1.0,10.0,0.15206,50.0,'english','experiment',16,9,7,NULL);
INSERT INTO "gists_sentence" VALUES(35,'2017-01-08 15:08:24.088908','t12 t12 t12 t12 t12 t12 t12 t12 t12 t12',1.0,10.0,0.18412,50.0,'english','experiment',19,7,11,NULL);
INSERT INTO "gists_sentence" VALUES(36,'2017-01-08 15:08:24.668576','t10 t10 t10 t10 t10 t10 t10 t10 t10 t10',1.0,10.0,0.19326,50.0,'english','experiment',17,15,10,NULL);
INSERT INTO "gists_sentence" VALUES(37,'2017-01-08 15:08:26.658350','t7 t7 t7 t7 t7 t7 t7 t7 t7 t7',1.0,10.0,0.13908,50.0,'english','experiment',22,3,9,NULL);
INSERT INTO "gists_sentence" VALUES(38,'2017-01-08 15:08:27.342134','t6 t6 t6 t6 t6 t6 t6 t6 t6 t6',1.0,3.0,4.31133333333333312875e-01,15.0,'english','experiment',5,6,5,NULL);
INSERT INTO "gists_sentence" VALUES(39,'2017-01-08 15:08:27.706479','t11 t11 t11 t11 t11 t11 t11 t11 t11 t11',1.0,10.0,0.18356,50.0,'english','experiment',13,10,6,NULL);
INSERT INTO "gists_sentence" VALUES(40,'2017-01-08 15:08:28.719775','t4 t4 t4 t4 t4 t4 t4 t4 t4 t4',1.0,10.0,0.11366,50.0,'english','experiment',16,5,7,NULL);
INSERT INTO "gists_sentence" VALUES(41,'2017-01-08 15:08:34.935583','t2 t2 t2 t2 t2 t2 t2 t2 t2 t2',1.0,10.0,0.1331,50.0,'english','experiment',23,14,12,NULL);
INSERT INTO "gists_sentence" VALUES(42,'2017-01-08 15:08:36.206482','t8 t8 t8 t8 t8 t8 t8 t8 t8 t8',1.0,10.0,0.14424,50.0,'english','experiment',26,8,8,NULL);
INSERT INTO "gists_sentence" VALUES(43,'2017-01-08 15:08:37.156480','t0 t0 t0 t0 t0 t0 t0 t0 t0 t0',1.0,3.0,4.91666666666666640761e-01,15.0,'english','experiment',9,11,9,NULL);
INSERT INTO "gists_sentence" VALUES(44,'2017-01-08 15:08:37.304897','t1 t1 t1 t1 t1 t1 t1 t1 t1 t1',1.0,3.0,0.4874,15.0,'english','experiment',12,9,12,NULL);
INSERT INTO "gists_sentence" VALUES(45,'2017-01-08 15:08:39.996405','t5 t5 t5 t5 t5 t5 t5 t5 t5 t5',1.0,10.0,0.15076,50.0,'english','experiment',24,4,10,NULL);
INSERT INTO "gists_sentence" VALUES(46,'2017-01-08 15:08:40.574669','t14 t14 t14 t14 t14 t14 t14 t14 t14 t14',1.0,10.0,0.19108,50.0,'english','experiment',15,12,3,NULL);
INSERT INTO "gists_sentence" VALUES(47,'2017-01-08 15:08:41.090427','t13 t13 t13 t13 t13 t13 t13 t13 t13 t13',1.0,10.0,0.195,50.0,'english','experiment',18,2,4,NULL);
INSERT INTO "gists_sentence" VALUES(48,'2017-01-08 15:08:43.388089','t9 t9 t9 t9 t9 t9 t9 t9 t9 t9',1.0,10.0,0.14932,50.0,'english','experiment',34,16,7,NULL);
INSERT INTO "gists_sentence" VALUES(49,'2017-01-08 15:08:43.783707','t3 t3 t3 t3 t3 t3 t3 t3 t3 t3',1.0,10.0,0.15998,50.0,'english','experiment',30,13,5,NULL);
INSERT INTO "gists_sentence" VALUES(50,'2017-01-08 15:08:47.554339','t12 t12 t12 t12 t12 t12 t12 t12 t12 t12',1.0,10.0,0.18874,50.0,'english','experiment',24,7,10,NULL);
INSERT INTO "gists_sentence" VALUES(51,'2017-01-08 15:08:48.116219','t10 t10 t10 t10 t10 t10 t10 t10 t10 t10',1.0,10.0,0.19616,50.0,'english','experiment',20,15,3,NULL);
INSERT INTO "gists_sentence" VALUES(52,'2017-01-08 15:08:48.207893','t7 t7 t7 t7 t7 t7 t7 t7 t7 t7',1.0,10.0,0.15632,50.0,'english','experiment',26,3,8,NULL);
INSERT INTO "gists_sentence" VALUES(53,'2017-01-08 15:08:48.740189','t6 t6 t6 t6 t6 t6 t6 t6 t6 t6',1.0,10.0,0.14394,50.0,'english','experiment',29,6,9,NULL);
INSERT INTO "gists_sentence" VALUES(54,'2017-01-08 15:08:49.770630','t4 t4 t4 t4 t4 t4 t4 t4 t4 t4',1.0,10.0,0.13544,50.0,'english','experiment',33,5,4,NULL);
INSERT INTO "gists_sentence" VALUES(55,'2017-01-08 15:08:50.933619','t8 t8 t8 t8 t8 t8 t8 t8 t8 t8',1.0,3.0,0.4744,15.0,'english','experiment',11,8,11,NULL);
INSERT INTO "gists_sentence" VALUES(56,'2017-01-08 15:08:51.240267','t11 t11 t11 t11 t11 t11 t11 t11 t11 t11',1.0,10.0,0.1884,50.0,'english','experiment',34,10,7,NULL);
INSERT INTO "gists_sentence" VALUES(57,'2017-01-08 15:08:55.140286','t2 t2 t2 t2 t2 t2 t2 t2 t2 t2',1.0,10.0,0.11856,50.0,'english','experiment',31,14,6,NULL);
INSERT INTO "gists_sentence" VALUES(58,'2017-01-08 15:08:58.082331','t3 t3 t3 t3 t3 t3 t3 t3 t3 t3',1.0,3.0,0.4306,15.0,'english','experiment',11,13,11,NULL);
INSERT INTO "gists_sentence" VALUES(59,'2017-01-08 15:08:58.507283','t0 t0 t0 t0 t0 t0 t0 t0 t0 t0',1.0,10.0,0.12972,50.0,'english','experiment',41,11,12,NULL);
INSERT INTO "gists_sentence" VALUES(60,'2017-01-08 15:08:58.554300','t1 t1 t1 t1 t1 t1 t1 t1 t1 t1',1.0,10.0,0.13096,50.0,'english','experiment',30,9,5,NULL);
INSERT INTO "gists_sentence" VALUES(61,'2017-01-08 15:09:02.149680','t5 t5 t5 t5 t5 t5 t5 t5 t5 t5',1.0,10.0,0.13228,50.0,'english','experiment',42,4,8,NULL);
INSERT INTO "gists_sentence" VALUES(62,'2017-01-08 15:09:03.425570','t6 t6 t6 t6 t6 t6 t6 t6 t6 t6',1.0,3.0,4.82933333333333325576e-01,15.0,'english','experiment',10,6,10,NULL);
INSERT INTO "gists_sentence" VALUES(63,'2017-01-08 15:09:05.820013','t14 t14 t14 t14 t14 t14 t14 t14 t14 t14',1.0,10.0,0.18794,50.0,'english','experiment',37,12,9,NULL);
INSERT INTO "gists_sentence" VALUES(64,'2017-01-08 15:09:05.971241','t9 t9 t9 t9 t9 t9 t9 t9 t9 t9',1.0,10.0,0.14454,50.0,'english','experiment',46,16,3,NULL);
INSERT INTO "gists_sentence" VALUES(65,'2017-01-08 15:09:07.052933','t13 t13 t13 t13 t13 t13 t13 t13 t13 t13',1.0,10.0,0.19416,50.0,'english','experiment',31,2,6,NULL);
INSERT INTO "gists_sentence" VALUES(66,'2017-01-08 15:09:10.533628','t7 t7 t7 t7 t7 t7 t7 t7 t7 t7',1.0,10.0,0.15432,50.0,'english','experiment',48,3,7,NULL);
INSERT INTO "gists_sentence" VALUES(67,'2017-01-08 15:09:10.704710','t4 t4 t4 t4 t4 t4 t4 t4 t4 t4',1.0,10.0,0.14362,50.0,'english','experiment',21,5,8,NULL);
INSERT INTO "gists_sentence" VALUES(68,'2017-01-08 15:09:10.964872','t2 t2 t2 t2 t2 t2 t2 t2 t2 t2',1.0,3.0,5.37066666666666692186e-01,15.0,'english','experiment',5,14,5,NULL);
INSERT INTO "gists_sentence" VALUES(69,'2017-01-08 15:09:11.474930','t8 t8 t8 t8 t8 t8 t8 t8 t8 t8',1.0,10.0,0.13822,50.0,'english','experiment',37,8,9,NULL);
INSERT INTO "gists_sentence" VALUES(70,'2017-01-08 15:09:12.238667','t12 t12 t12 t12 t12 t12 t12 t12 t12 t12',1.0,10.0,0.1945,50.0,'english','experiment',41,7,12,NULL);
INSERT INTO "gists_sentence" VALUES(71,'2017-01-08 15:09:12.604924','t10 t10 t10 t10 t10 t10 t10 t10 t10 t10',1.0,10.0,0.18994,50.0,'english','experiment',49,15,5,NULL);
INSERT INTO "gists_sentence" VALUES(72,'2017-01-08 15:09:14.306876','t11 t11 t11 t11 t11 t11 t11 t11 t11 t11',1.0,10.0,0.18336,50.0,'english','experiment',35,10,11,NULL);
INSERT INTO "gists_sentence" VALUES(73,'2017-01-08 15:09:18.565116','t3 t3 t3 t3 t3 t3 t3 t3 t3 t3',1.0,10.0,0.10766,50.0,'english','experiment',59,13,12,NULL);
INSERT INTO "gists_sentence" VALUES(74,'2017-01-08 15:09:18.885327','t0 t0 t0 t0 t0 t0 t0 t0 t0 t0',1.0,10.0,0.11094,50.0,'english','experiment',57,11,6,NULL);
INSERT INTO "gists_sentence" VALUES(75,'2017-01-08 15:09:18.949806','t1 t1 t1 t1 t1 t1 t1 t1 t1 t1',1.0,10.0,0.1094,50.0,'english','experiment',54,9,4,NULL);
INSERT INTO "gists_sentence" VALUES(76,'2017-01-08 15:09:22.687981','t5 t5 t5 t5 t5 t5 t5 t5 t5 t5',1.0,10.0,0.112,50.0,'english','experiment',48,4,7,NULL);
INSERT INTO "gists_sentence" VALUES(77,'2017-01-08 15:09:23.653998','t4 t4 t4 t4 t4 t4 t4 t4 t4 t4',1.0,3.0,0.3756,15.0,'english','experiment',6,5,6,NULL);
INSERT INTO "gists_sentence" VALUES(78,'2017-01-08 15:09:24.846936','t6 t6 t6 t6 t6 t6 t6 t6 t6 t6',1.0,10.0,0.11328,50.0,'english','experiment',21,6,8,NULL);
INSERT INTO "gists_sentence" VALUES(79,'2017-01-08 15:09:29.457978','t9 t9 t9 t9 t9 t9 t9 t9 t9 t9',1.0,10.0,0.14544,50.0,'english','experiment',63,16,9,NULL);
INSERT INTO "gists_sentence" VALUES(80,'2017-01-08 15:09:31.904781','t14 t14 t14 t14 t14 t14 t14 t14 t14 t14',1.0,10.0,0.19368,50.0,'english','experiment',25,12,11,NULL);
INSERT INTO "gists_sentence" VALUES(81,'2017-01-08 15:09:32.531206','t13 t13 t13 t13 t13 t13 t13 t13 t13 t13',1.0,10.0,0.20338,50.0,'english','experiment',51,2,3,NULL);
INSERT INTO "gists_sentence" VALUES(82,'2017-01-08 15:09:33.633494','t8 t8 t8 t8 t8 t8 t8 t8 t8 t8',1.0,10.0,0.15872,50.0,'english','experiment',66,8,7,NULL);
INSERT INTO "gists_sentence" VALUES(83,'2017-01-08 15:09:34.273663','t2 t2 t2 t2 t2 t2 t2 t2 t2 t2',1.0,10.0,0.17068,50.0,'english','experiment',25,14,11,NULL);
INSERT INTO "gists_sentence" VALUES(84,'2017-01-08 15:09:34.372092','t7 t7 t7 t7 t7 t7 t7 t7 t7 t7',1.0,10.0,0.17692,50.0,'english','experiment',36,3,10,NULL);
INSERT INTO "gists_sentence" VALUES(85,'2017-01-08 15:09:36.518375','t12 t12 t12 t12 t12 t12 t12 t12 t12 t12',1.0,10.0,0.2017,50.0,'english','experiment',63,7,9,NULL);
INSERT INTO "gists_sentence" VALUES(86,'2017-01-08 15:09:36.587674','t10 t10 t10 t10 t10 t10 t10 t10 t10 t10',1.0,10.0,0.19678,50.0,'english','experiment',67,15,8,NULL);
INSERT INTO "gists_sentence" VALUES(87,'2017-01-08 15:09:37.518919','t5 t5 t5 t5 t5 t5 t5 t5 t5 t5',1.0,3.0,5.0366666666666670693e-01,15.0,'english','experiment',4,4,4,NULL);
INSERT INTO "gists_sentence" VALUES(88,'2017-01-08 15:09:38.182547','t11 t11 t11 t11 t11 t11 t11 t11 t11 t11',1.0,10.0,0.19796,50.0,'english','experiment',59,10,12,NULL);
INSERT INTO "gists_sentence" VALUES(89,'2017-01-08 15:09:39.723406','t0 t0 t0 t0 t0 t0 t0 t0 t0 t0',1.0,10.0,0.1301,50.0,'english','experiment',71,11,5,NULL);
INSERT INTO "gists_sentence" VALUES(90,'2017-01-08 15:09:40.118623','t1 t1 t1 t1 t1 t1 t1 t1 t1 t1',1.0,10.0,0.13768,50.0,'english','experiment',64,9,3,NULL);
INSERT INTO "gists_sentence" VALUES(91,'2017-01-08 15:09:40.169570','t3 t3 t3 t3 t3 t3 t3 t3 t3 t3',1.0,10.0,0.14202,50.0,'english','experiment',36,13,10,NULL);
INSERT INTO "gists_sentence" VALUES(92,'2017-01-08 15:09:43.184592','t4 t4 t4 t4 t4 t4 t4 t4 t4 t4',1.0,10.0,0.10402,50.0,'english','experiment',25,5,11,NULL);
INSERT INTO "gists_sentence" VALUES(93,'2017-01-08 15:09:43.901730','t6 t6 t6 t6 t6 t6 t6 t6 t6 t6',1.0,10.0,0.09822,50.0,'english','experiment',73,6,12,NULL);
INSERT INTO "gists_sentence" VALUES(94,'2017-01-08 15:09:49.003876','t9 t9 t9 t9 t9 t9 t9 t9 t9 t9',1.0,10.0,0.10114,50.0,'english','experiment',45,16,10,NULL);
INSERT INTO "gists_sentence" VALUES(95,'2017-01-08 15:09:51.930088','t0 t0 t0 t0 t0 t0 t0 t0 t0 t0',1.0,3.0,3.96533333333333348758e-01,15.0,'english','experiment',8,11,8,NULL);
INSERT INTO "gists_sentence" VALUES(96,'2017-01-08 15:09:52.335483','t12 t12 t12 t12 t12 t12 t12 t12 t12 t12',1.0,3.0,0.54,15.0,'english','experiment',7,7,7,NULL);
INSERT INTO "gists_sentence" VALUES(97,'2017-01-08 15:09:58.150198','t7 t7 t7 t7 t7 t7 t7 t7 t7 t7',1.0,10.0,0.16326,50.0,'english','experiment',75,3,4,NULL);
INSERT INTO "gists_sentence" VALUES(98,'2017-01-08 15:09:58.785483','t8 t8 t8 t8 t8 t8 t8 t8 t8 t8',1.0,10.0,0.18164,50.0,'english','experiment',74,8,6,NULL);
INSERT INTO "gists_sentence" VALUES(99,'2017-01-08 15:09:58.848485','t14 t14 t14 t14 t14 t14 t14 t14 t14 t14',1.0,10.0,0.2066,50.0,'english','experiment',67,12,8,NULL);
INSERT INTO "gists_sentence" VALUES(100,'2017-01-08 15:09:58.886056','t2 t2 t2 t2 t2 t2 t2 t2 t2 t2',1.0,10.0,0.17618,50.0,'english','experiment',53,14,9,NULL);
INSERT INTO "gists_sentence" VALUES(101,'2017-01-08 15:09:59.803908','t13 t13 t13 t13 t13 t13 t13 t13 t13 t13',1.0,10.0,0.20666,50.0,'english','experiment',38,2,5,NULL);
INSERT INTO "gists_sentence" VALUES(102,'2017-01-08 15:10:01.666832','t5 t5 t5 t5 t5 t5 t5 t5 t5 t5',1.0,10.0,0.17566,50.0,'english','experiment',55,4,11,NULL);
INSERT INTO "gists_sentence" VALUES(103,'2017-01-08 15:10:01.851831','t1 t1 t1 t1 t1 t1 t1 t1 t1 t1',1.0,10.0,0.15476,50.0,'english','experiment',74,9,6,NULL);
INSERT INTO "gists_sentence" VALUES(104,'2017-01-08 15:10:02.054277','t10 t10 t10 t10 t10 t10 t10 t10 t10 t10',1.0,10.0,0.2117,50.0,'english','experiment',27,15,12,NULL);
INSERT INTO "gists_sentence" VALUES(105,'2017-01-08 15:10:02.446994','t3 t3 t3 t3 t3 t3 t3 t3 t3 t3',1.0,10.0,0.162,50.0,'english','experiment',53,13,9,NULL);
INSERT INTO "gists_sentence" VALUES(106,'2017-01-08 15:10:02.785804','t11 t11 t11 t11 t11 t11 t11 t11 t11 t11',1.0,10.0,0.2009,50.0,'english','experiment',64,10,3,NULL);
INSERT INTO "gists_sentence" VALUES(107,'2017-01-08 15:10:03.867410','t4 t4 t4 t4 t4 t4 t4 t4 t4 t4',1.0,10.0,0.13772,50.0,'english','experiment',27,5,12,NULL);
INSERT INTO "gists_sentence" VALUES(108,'2017-01-08 15:10:04.185061','t6 t6 t6 t6 t6 t6 t6 t6 t6 t6',1.0,10.0,0.12866,50.0,'english','experiment',28,6,4,NULL);
INSERT INTO "gists_sentence" VALUES(109,'2017-01-08 15:10:07.986010','t9 t9 t9 t9 t9 t9 t9 t9 t9 t9',1.0,10.0,0.09636,50.0,'english','experiment',55,16,11,NULL);
INSERT INTO "gists_sentence" VALUES(110,'2017-01-08 15:10:11.834433','t0 t0 t0 t0 t0 t0 t0 t0 t0 t0',1.0,10.0,0.10158,50.0,'english','experiment',94,11,10,NULL);
INSERT INTO "gists_sentence" VALUES(111,'2017-01-08 15:10:13.202204','t2 t2 t2 t2 t2 t2 t2 t2 t2 t2',1.0,3.0,3.58066666666666644225e-01,15.0,'english','experiment',3,14,3,NULL);
INSERT INTO "gists_sentence" VALUES(112,'2017-01-08 15:10:13.961877','t12 t12 t12 t12 t12 t12 t12 t12 t12 t12',1.0,10.0,0.141,50.0,'english','experiment',38,7,5,NULL);
INSERT INTO "gists_sentence" VALUES(113,'2017-01-08 15:10:15.067707','t3 t3 t3 t3 t3 t3 t3 t3 t3 t3',1.0,3.0,3.61533333333333317671e-01,15.0,'english','experiment',3,13,3,NULL);
INSERT INTO "gists_sentence" VALUES(114,'2017-01-08 15:10:22.164670','t7 t7 t7 t7 t7 t7 t7 t7 t7 t7',1.0,10.0,0.16046,50.0,'english','experiment',81,3,3,NULL);
INSERT INTO "gists_sentence" VALUES(115,'2017-01-08 15:10:22.336592','t8 t8 t8 t8 t8 t8 t8 t8 t8 t8',1.0,10.0,0.15766,50.0,'english','experiment',94,8,10,NULL);
INSERT INTO "gists_sentence" VALUES(116,'2017-01-08 15:10:25.000033','t14 t14 t14 t14 t14 t14 t14 t14 t14 t14',1.0,10.0,0.20444,50.0,'english','experiment',96,12,7,NULL);
INSERT INTO "gists_sentence" VALUES(117,'2017-01-08 15:10:25.103557','t1 t1 t1 t1 t1 t1 t1 t1 t1 t1',1.0,10.0,0.1724,50.0,'english','experiment',61,9,8,NULL);
INSERT INTO "gists_sentence" VALUES(118,'2017-01-08 15:10:25.828249','t5 t5 t5 t5 t5 t5 t5 t5 t5 t5',1.0,10.0,0.18012,50.0,'english','experiment',77,4,6,NULL);
INSERT INTO "gists_sentence" VALUES(119,'2017-01-08 15:10:25.947946','t13 t13 t13 t13 t13 t13 t13 t13 t13 t13',1.0,10.0,0.20394,50.0,'english','experiment',27,2,12,NULL);
INSERT INTO "gists_sentence" VALUES(120,'2017-01-08 15:10:26.033113','t4 t4 t4 t4 t4 t4 t4 t4 t4 t4',1.0,10.0,0.16876,50.0,'english','experiment',100,5,9,NULL);
INSERT INTO "gists_sentence" VALUES(121,'2017-01-08 15:10:26.987875','t6 t6 t6 t6 t6 t6 t6 t6 t6 t6',1.0,10.0,0.17428,50.0,'english','experiment',77,6,6,NULL);
INSERT INTO "gists_sentence" VALUES(122,'2017-01-08 15:10:27.371200','t10 t10 t10 t10 t10 t10 t10 t10 t10 t10',1.0,10.0,0.2104,50.0,'english','experiment',28,15,4,NULL);
INSERT INTO "gists_sentence" VALUES(123,'2017-01-08 15:10:28.082918','t11 t11 t11 t11 t11 t11 t11 t11 t11 t11',1.0,10.0,0.21806,50.0,'english','experiment',101,10,5,NULL);
INSERT INTO "gists_sentence" VALUES(124,'2017-01-08 15:10:29.065856','t9 t9 t9 t9 t9 t9 t9 t9 t9 t9',1.0,10.0,0.1369,50.0,'english','experiment',61,16,8,NULL);
INSERT INTO "gists_sentence" VALUES(125,'2017-01-08 15:10:31.734495','t0 t0 t0 t0 t0 t0 t0 t0 t0 t0',1.0,10.0,0.11704,50.0,'english','experiment',102,11,11,NULL);
INSERT INTO "gists_sentence" VALUES(126,'2017-01-08 15:10:32.802817','t2 t2 t2 t2 t2 t2 t2 t2 t2 t2',1.0,10.0,0.10468,50.0,'english','experiment',110,14,10,NULL);
INSERT INTO "gists_sentence" VALUES(127,'2017-01-08 15:10:34.665323','t3 t3 t3 t3 t3 t3 t3 t3 t3 t3',1.0,10.0,0.10504,50.0,'english','experiment',96,13,7,NULL);
INSERT INTO "gists_sentence" VALUES(128,'2017-01-08 15:10:34.919085','t12 t12 t12 t12 t12 t12 t12 t12 t12 t12',1.0,10.0,0.1408,50.0,'english','experiment',108,7,4,NULL);
INSERT INTO "gists_sentence" VALUES(129,'2017-01-08 15:10:41.527879','t7 t7 t7 t7 t7 t7 t7 t7 t7 t7',1.0,10.0,0.10162,50.0,'english','experiment',101,3,5,NULL);
INSERT INTO "gists_sentence" VALUES(130,'2017-01-08 15:10:44.347761','t8 t8 t8 t8 t8 t8 t8 t8 t8 t8',1.0,10.0,0.12666,50.0,'english','experiment',111,8,3,NULL);
INSERT INTO "gists_sentence" VALUES(131,'2017-01-08 15:10:48.992688','t1 t1 t1 t1 t1 t1 t1 t1 t1 t1',1.0,10.0,0.16368,50.0,'english','experiment',43,9,9,NULL);
INSERT INTO "gists_sentence" VALUES(132,'2017-01-08 15:10:50.215762','t5 t5 t5 t5 t5 t5 t5 t5 t5 t5',1.0,10.0,0.18426,50.0,'english','experiment',44,4,12,NULL);
INSERT INTO "gists_sentence" VALUES(133,'2017-01-08 15:10:50.360830','t4 t4 t4 t4 t4 t4 t4 t4 t4 t4',1.0,10.0,0.17636,50.0,'english','experiment',114,5,3,NULL);
INSERT INTO "gists_sentence" VALUES(134,'2017-01-08 15:10:51.752337','t6 t6 t6 t6 t6 t6 t6 t6 t6 t6',1.0,10.0,0.18428,50.0,'english','experiment',113,6,3,NULL);
INSERT INTO "gists_sentence" VALUES(135,'2017-01-08 15:10:51.869750','t9 t9 t9 t9 t9 t9 t9 t9 t9 t9',1.0,10.0,0.17818,50.0,'english','experiment',87,16,4,NULL);
INSERT INTO "gists_sentence" VALUES(136,'2017-01-08 15:10:52.036203','t14 t14 t14 t14 t14 t14 t14 t14 t14 t14',1.0,10.0,0.22596,50.0,'english','experiment',118,12,6,NULL);
INSERT INTO "gists_sentence" VALUES(137,'2017-01-08 15:10:53.102144','t13 t13 t13 t13 t13 t13 t13 t13 t13 t13',1.0,10.0,0.2247,50.0,'english','experiment',95,2,8,NULL);
INSERT INTO "gists_sentence" VALUES(138,'2017-01-08 15:10:53.212899','t10 t10 t10 t10 t10 t10 t10 t10 t10 t10',1.0,10.0,0.2184,50.0,'english','experiment',58,15,11,NULL);
INSERT INTO "gists_sentence" VALUES(139,'2017-01-08 15:10:53.265187','t11 t11 t11 t11 t11 t11 t11 t11 t11 t11',1.0,10.0,0.21668,50.0,'english','experiment',62,10,10,NULL);
INSERT INTO "gists_sentence" VALUES(140,'2017-01-08 15:10:53.809384','t0 t0 t0 t0 t0 t0 t0 t0 t0 t0',1.0,10.0,0.16168,50.0,'english','experiment',116,11,7,NULL);
INSERT INTO "gists_sentence" VALUES(141,'2017-01-08 15:10:54.297810','t2 t2 t2 t2 t2 t2 t2 t2 t2 t2',1.0,10.0,0.1513,50.0,'english','experiment',87,14,4,NULL);
INSERT INTO "gists_sentence" VALUES(142,'2017-01-08 15:10:54.949364','t3 t3 t3 t3 t3 t3 t3 t3 t3 t3',1.0,10.0,0.138,50.0,'english','experiment',95,13,8,NULL);
INSERT INTO "gists_sentence" VALUES(143,'2017-01-08 15:10:55.927720','t12 t12 t12 t12 t12 t12 t12 t12 t12 t12',1.0,10.0,0.15142,50.0,'english','experiment',118,7,6,NULL);
INSERT INTO "gists_sentence" VALUES(144,'2017-01-08 15:10:59.713687','t7 t7 t7 t7 t7 t7 t7 t7 t7 t7',1.0,10.0,0.07946,50.0,'english','experiment',58,3,11,NULL);
INSERT INTO "gists_sentence" VALUES(145,'2017-01-08 15:11:02.297009','t8 t8 t8 t8 t8 t8 t8 t8 t8 t8',1.0,10.0,0.077,50.0,'english','experiment',68,8,5,NULL);
INSERT INTO "gists_sentence" VALUES(146,'2017-01-08 15:11:04.863673','t10 t10 t10 t10 t10 t10 t10 t10 t10 t10',1.0,3.0,0.3314,15.0,'english','experiment',6,15,6,NULL);
INSERT INTO "gists_sentence" VALUES(147,'2017-01-08 15:11:09.995882','t1 t1 t1 t1 t1 t1 t1 t1 t1 t1',1.0,10.0,0.09664,50.0,'english','experiment',62,9,10,NULL);
INSERT INTO "gists_sentence" VALUES(148,'2017-01-08 15:11:10.764447','t5 t5 t5 t5 t5 t5 t5 t5 t5 t5',1.0,10.0,0.09958,50.0,'english','experiment',131,4,9,NULL);
INSERT INTO "gists_sentence" VALUES(149,'2017-01-08 15:11:11.691048','t9 t9 t9 t9 t9 t9 t9 t9 t9 t9',1.0,10.0,0.10242,50.0,'english','experiment',132,16,12,NULL);
INSERT INTO "gists_sentence" VALUES(150,'2017-01-08 15:11:12.784860','t2 t2 t2 t2 t2 t2 t2 t2 t2 t2',1.0,10.0,0.10796,50.0,'english','experiment',140,14,7,NULL);
INSERT INTO "gists_sentence" VALUES(151,'2017-01-08 15:11:13.122893','t14 t14 t14 t14 t14 t14 t14 t14 t14 t14',1.0,10.0,0.1277,50.0,'english','experiment',68,12,5,NULL);
INSERT INTO "gists_sentence" VALUES(152,'2017-01-08 15:11:13.309818','t3 t3 t3 t3 t3 t3 t3 t3 t3 t3',1.0,10.0,0.10018,50.0,'english','experiment',135,13,4,NULL);
INSERT INTO "gists_sentence" VALUES(153,'2017-01-08 15:11:13.336190','t11 t11 t11 t11 t11 t11 t11 t11 t11 t11',1.0,10.0,0.12926,50.0,'english','experiment',135,10,4,NULL);
INSERT INTO "gists_sentence" VALUES(154,'2017-01-08 15:11:13.466215','t13 t13 t13 t13 t13 t13 t13 t13 t13 t13',1.0,10.0,0.13256,50.0,'english','experiment',140,2,7,NULL);
INSERT INTO "gists_sentence" VALUES(155,'2017-01-08 15:11:15.068088','t12 t12 t12 t12 t12 t12 t12 t12 t12 t12',1.0,10.0,0.11556,50.0,'english','experiment',134,7,3,NULL);
INSERT INTO "gists_sentence" VALUES(156,'2017-01-08 15:11:22.810768','t10 t10 t10 t10 t10 t10 t10 t10 t10 t10',1.0,10.0,0.09184,50.0,'english','experiment',131,15,9,NULL);
INSERT INTO "gists_sentence" VALUES(157,'2017-01-08 15:11:28.766111','t9 t9 t9 t9 t9 t9 t9 t9 t9 t9',1.0,10.0,0.0708,50.0,'english','experiment',146,16,6,NULL);
INSERT INTO "gists_sentence" VALUES(158,'2017-01-08 15:11:30.895426','t14 t14 t14 t14 t14 t14 t14 t14 t14 t14',1.0,10.0,0.09378,50.0,'english','experiment',139,12,10,NULL);
INSERT INTO "gists_sentence" VALUES(159,'2017-01-08 15:11:31.232416','t11 t11 t11 t11 t11 t11 t11 t11 t11 t11',1.0,10.0,0.09398,50.0,'english','experiment',137,10,8,NULL);
INSERT INTO "gists_sentence" VALUES(160,'2017-01-08 15:11:31.406163','t13 t13 t13 t13 t13 t13 t13 t13 t13 t13',1.0,10.0,0.09444,50.0,'english','experiment',80,2,11,NULL);
INSERT INTO "gists_sentence" VALUES(161,'2017-01-08 15:11:40.515272','t10 t10 t10 t10 t10 t10 t10 t10 t10 t10',1.0,10.0,0.09072,50.0,'english','experiment',150,15,7,NULL);
INSERT INTO "gists_sentence" VALUES(162,'2017-01-08 15:11:48.837519','t14 t14 t14 t14 t14 t14 t14 t14 t14 t14',1.0,10.0,0.09584,50.0,'english','experiment',104,12,12,NULL);
CREATE TABLE "gists_tree" ("id" integer NOT NULL PRIMARY KEY AUTOINCREMENT, "created" datetime NOT NULL, "last_served" datetime NOT NULL);
INSERT INTO "gists_tree" VALUES(1,'2017-01-08 15:06:23.740985','2017-01-08 15:06:23.741014');
INSERT INTO "gists_tree" VALUES(2,'2017-01-08 15:06:23.741671','2017-01-08 15:06:23.741700');
INSERT INTO "gists_tree" VALUES(3,'2017-01-08 15:06:23.742321','2017-01-08 15:10:57.101309');
INSERT INTO "gists_tree" VALUES(4,'2017-01-08 15:06:23.742953','2017-01-08 15:10:56.136900');
INSERT INTO "gists_tree" VALUES(5,'2017-01-08 15:06:23.743602','2017-01-08 15:10:53.954490');
INSERT INTO "gists_tree" VALUES(6,'2017-01-08 15:06:23.744240','2017-01-08 15:11:13.034666');
INSERT INTO "gists_tree" VALUES(7,'2017-01-08 15:06:23.744876','2017-01-08 15:11:23.898718');
INSERT INTO "gists_tree" VALUES(8,'2017-01-08 15:06:23.745519','2017-01-08 15:11:14.426222');
INSERT INTO "gists_tree" VALUES(9,'2017-01-08 15:06:23.746150','2017-01-08 15:11:06.078990');
INSERT INTO "gists_tree" VALUES(10,'2017-01-08 15:06:23.746782','2017-01-08 15:11:14.108516');
INSERT INTO "gists_tree" VALUES(11,'2017-01-08 15:06:23.747415','2017-01-08 15:11:14.578786');
INSERT INTO "gists_tree" VALUES(12,'2017-01-08 15:06:23.748262','2017-01-08 15:11:31.968935');
CREATE TABLE "gists_wordspan" ("id" integer NOT NULL PRIMARY KEY AUTOINCREMENT, "created" datetime NOT NULL, "span" smallint unsigned NOT NULL, "score" smallint unsigned NOT NULL, "profile_id" integer NOT NULL UNIQUE REFERENCES "gists_profile" ("id"));
CREATE TABLE "socialaccount_socialaccount" ("id" integer NOT NULL PRIMARY KEY AUTOINCREMENT, "provider" varchar(30) NOT NULL, "last_login" datetime NOT NULL, "date_joined" datetime NOT NULL, "extra_data" text NOT NULL, "user_id" integer NOT NULL REFERENCES "auth_user" ("id"), "uid" varchar(191) NOT NULL);
CREATE TABLE "socialaccount_socialapp" ("id" integer NOT NULL PRIMARY KEY AUTOINCREMENT, "provider" varchar(30) NOT NULL, "name" varchar(40) NOT NULL, "client_id" varchar(191) NOT NULL, "key" varchar(191) NOT NULL, "secret" varchar(191) NOT NULL);
CREATE TABLE "socialaccount_socialapp_sites" ("id" integer NOT NULL PRIMARY KEY AUTOINCREMENT, "socialapp_id" integer NOT NULL REFERENCES "socialaccount_socialapp" ("id"), "site_id" integer NOT NULL REFERENCES "django_site" ("id"));
CREATE TABLE "socialaccount_socialtoken" ("id" integer NOT NULL PRIMARY KEY AUTOINCREMENT, "token" text NOT NULL, "token_secret" text NOT NULL, "expires_at" datetime NULL, "account_id" integer NOT NULL REFERENCES "socialaccount_socialaccount" ("id"), "app_id" integer NOT NULL REFERENCES "socialaccount_socialapp" ("id"));
DELETE FROM "sqlite_sequence";
INSERT INTO "sqlite_sequence" VALUES('django_migrations',22);
INSERT INTO "sqlite_sequence" VALUES('account_emailaddress',15);
INSERT INTO "sqlite_sequence" VALUES('django_admin_log',0);
INSERT INTO "sqlite_sequence" VALUES('django_content_type',21);
INSERT INTO "sqlite_sequence" VALUES('auth_permission',63);
INSERT INTO "sqlite_sequence" VALUES('auth_user',16);
INSERT INTO "sqlite_sequence" VALUES('gists_sentence',162);
INSERT INTO "sqlite_sequence" VALUES('gists_comment',0);
INSERT INTO "sqlite_sequence" VALUES('gists_tree',12);
INSERT INTO "sqlite_sequence" VALUES('django_site',1);
INSERT INTO "sqlite_sequence" VALUES('socialaccount_socialtoken',0);
INSERT INTO "sqlite_sequence" VALUES('socialaccount_socialaccount',0);
INSERT INTO "sqlite_sequence" VALUES('socialaccount_socialapp',0);
INSERT INTO "sqlite_sequence" VALUES('gists_gistsconfiguration',1);
INSERT INTO "sqlite_sequence" VALUES('gists_profile',16);
INSERT INTO "sqlite_sequence" VALUES('account_emailconfirmation',15);
INSERT INTO "sqlite_sequence" VALUES('gists_questionnaire',15);
CREATE UNIQUE INDEX "auth_group_permissions_group_id_0cd325b0_uniq" ON "auth_group_permissions" ("group_id", "permission_id");
CREATE INDEX "auth_group_permissions_0e939a4f" ON "auth_group_permissions" ("group_id");
CREATE INDEX "auth_group_permissions_8373b171" ON "auth_group_permissions" ("permission_id");
CREATE UNIQUE INDEX "auth_user_groups_user_id_94350c0c_uniq" ON "auth_user_groups" ("user_id", "group_id");
CREATE INDEX "auth_user_groups_e8701ad4" ON "auth_user_groups" ("user_id");
CREATE INDEX "auth_user_groups_0e939a4f" ON "auth_user_groups" ("group_id");
CREATE UNIQUE INDEX "auth_user_user_permissions_user_id_14a6b632_uniq" ON "auth_user_user_permissions" ("user_id", "permission_id");
CREATE INDEX "auth_user_user_permissions_e8701ad4" ON "auth_user_user_permissions" ("user_id");
CREATE INDEX "auth_user_user_permissions_8373b171" ON "auth_user_user_permissions" ("permission_id");
CREATE INDEX "account_emailconfirmation_6f1edeac" ON "account_emailconfirmation" ("email_address_id");
CREATE INDEX "account_emailaddress_e8701ad4" ON "account_emailaddress" ("user_id");
CREATE INDEX "django_admin_log_417f1b1c" ON "django_admin_log" ("content_type_id");
CREATE INDEX "django_admin_log_e8701ad4" ON "django_admin_log" ("user_id");
CREATE UNIQUE INDEX "django_content_type_app_label_76bd3d3b_uniq" ON "django_content_type" ("app_label", "model");
CREATE UNIQUE INDEX "auth_permission_content_type_id_01ab375a_uniq" ON "auth_permission" ("content_type_id", "codename");
CREATE INDEX "auth_permission_417f1b1c" ON "auth_permission" ("content_type_id");
CREATE INDEX "gists_sentence_6be37982" ON "gists_sentence" ("parent_id");
CREATE INDEX "gists_sentence_83a0eb3f" ON "gists_sentence" ("profile_id");
CREATE INDEX "gists_sentence_656442a0" ON "gists_sentence" ("tree_id");
CREATE INDEX "gists_comment_83a0eb3f" ON "gists_comment" ("profile_id");
CREATE INDEX "django_session_de54fa62" ON "django_session" ("expire_date");
CREATE UNIQUE INDEX "socialaccount_socialapp_sites_socialapp_id_71a9a768_uniq" ON "socialaccount_socialapp_sites" ("socialapp_id", "site_id");
CREATE INDEX "socialaccount_socialapp_sites_fe95b0a0" ON "socialaccount_socialapp_sites" ("socialapp_id");
CREATE INDEX "socialaccount_socialapp_sites_9365d6e7" ON "socialaccount_socialapp_sites" ("site_id");
CREATE UNIQUE INDEX "socialaccount_socialtoken_app_id_fca4e0ac_uniq" ON "socialaccount_socialtoken" ("app_id", "account_id");
CREATE INDEX "socialaccount_socialtoken_8a089c2a" ON "socialaccount_socialtoken" ("account_id");
CREATE INDEX "socialaccount_socialtoken_f382adfe" ON "socialaccount_socialtoken" ("app_id");
CREATE UNIQUE INDEX "socialaccount_socialaccount_provider_fc810c6e_uniq" ON "socialaccount_socialaccount" ("provider", "uid");
CREATE INDEX "socialaccount_socialaccount_e8701ad4" ON "socialaccount_socialaccount" ("user_id");
COMMIT;
