BEGIN TRANSACTION;
CREATE TABLE "account_emailaddress" ("id" integer NOT NULL PRIMARY KEY AUTOINCREMENT, "verified" bool NOT NULL, "primary" bool NOT NULL, "user_id" integer NOT NULL REFERENCES "auth_user" ("id"), "email" varchar(254) NOT NULL UNIQUE);
INSERT INTO "account_emailaddress" VALUES(1,0,1,2,'t6@browser.test');
INSERT INTO "account_emailaddress" VALUES(2,0,1,3,'t8@browser.test');
INSERT INTO "account_emailaddress" VALUES(3,0,1,4,'t5@browser.test');
INSERT INTO "account_emailaddress" VALUES(4,0,1,5,'t9@browser.test');
INSERT INTO "account_emailaddress" VALUES(5,0,1,6,'t14@browser.test');
INSERT INTO "account_emailaddress" VALUES(6,0,1,7,'t12@browser.test');
INSERT INTO "account_emailaddress" VALUES(7,0,1,8,'t3@browser.test');
INSERT INTO "account_emailaddress" VALUES(8,0,1,9,'t11@browser.test');
INSERT INTO "account_emailaddress" VALUES(9,0,1,10,'t10@browser.test');
INSERT INTO "account_emailaddress" VALUES(10,0,1,11,'t13@browser.test');
INSERT INTO "account_emailaddress" VALUES(11,0,1,12,'t2@browser.test');
INSERT INTO "account_emailaddress" VALUES(12,0,1,13,'t4@browser.test');
INSERT INTO "account_emailaddress" VALUES(13,0,1,14,'t7@browser.test');
INSERT INTO "account_emailaddress" VALUES(14,0,1,15,'t1@browser.test');
INSERT INTO "account_emailaddress" VALUES(15,0,1,16,'t0@browser.test');
CREATE TABLE "account_emailconfirmation" ("id" integer NOT NULL PRIMARY KEY AUTOINCREMENT, "created" datetime NOT NULL, "sent" datetime NULL, "key" varchar(64) NOT NULL UNIQUE, "email_address_id" integer NOT NULL REFERENCES "account_emailaddress" ("id"));
INSERT INTO "account_emailconfirmation" VALUES(1,'2017-01-07 17:56:50.505636','2017-01-07 17:56:50.799080','jpalnqbyohofmljxt92udgrebg98eaaapbgldldsw84wyzqi8fmocdgrlmworms7',1);
INSERT INTO "account_emailconfirmation" VALUES(2,'2017-01-07 17:56:51.741131','2017-01-07 17:56:51.792794','vgwe5wkmnhxefzdwftkweic1gejxuagwnraxfanllapdxdh322mcy0egs10kijzg',2);
INSERT INTO "account_emailconfirmation" VALUES(3,'2017-01-07 17:56:54.718857','2017-01-07 17:56:54.731884','hdtlm7k4ruljozhaez04yycbbly4soxgloiaowycn0kbuucf30bljnglqkqyibpy',3);
INSERT INTO "account_emailconfirmation" VALUES(4,'2017-01-07 17:56:56.426969','2017-01-07 17:56:56.437806','0apiq7sfboawp33lim5ucbfpzofe8ckehqoxbyzy9sbgumlur2qr2a91x6pddunv',4);
INSERT INTO "account_emailconfirmation" VALUES(5,'2017-01-07 17:56:56.793578','2017-01-07 17:56:56.841871','rnu6j9m14aouwuy7qa4bfrfur0lluwrxktr7jodvqpnepjrcmqylz6nby4ytgnqx',5);
INSERT INTO "account_emailconfirmation" VALUES(6,'2017-01-07 17:56:57.737231','2017-01-07 17:56:57.793963','2bumprgejjas7joxbfsvmpwuvhckrrn5ba0t0bgb43x91ntwfdfh5e67gfu586oj',6);
INSERT INTO "account_emailconfirmation" VALUES(7,'2017-01-07 17:56:59.817836','2017-01-07 17:56:59.884678','z8a4hheyqklxjp1iw1ip1l35nqavws8s4clmhiqffpyiaevfgnxtdqjorrgcol25',7);
INSERT INTO "account_emailconfirmation" VALUES(8,'2017-01-07 17:57:00.261120','2017-01-07 17:57:00.284053','qlvqnubjytzzp0bfazav1qyc0kzuvxtdxxxce9d3zj1jshlqphf3dadqfcx5mgyb',8);
INSERT INTO "account_emailconfirmation" VALUES(9,'2017-01-07 17:57:00.543273','2017-01-07 17:57:00.563319','f1eqg0olnftxpxydagy52b8vlxzh7acafgegeas3tujfb9xdhxir5hqouiricrcf',9);
INSERT INTO "account_emailconfirmation" VALUES(10,'2017-01-07 17:57:03.525972','2017-01-07 17:57:03.622405','bvi6v7qnqpmjlvzynd6knpfvynh4u1kcilj0iipthfobsldeo8qquw1t87fv91t8',10);
INSERT INTO "account_emailconfirmation" VALUES(11,'2017-01-07 17:57:05.101640','2017-01-07 17:57:05.151226','ih0ae8rbpxhmgl445qbk4umlye9q54ocfs3rqehmvqy7ax1d14pztfa068wiaghr',11);
INSERT INTO "account_emailconfirmation" VALUES(12,'2017-01-07 17:57:08.529831','2017-01-07 17:57:08.653570','zdpqa8hm8kt3ajourmclqmg8vhluworaaowy9tdudrdzwcy40j4yzzmk8gbg5n2f',12);
INSERT INTO "account_emailconfirmation" VALUES(13,'2017-01-07 17:57:11.629520','2017-01-07 17:57:11.666663','dcvmfkzkovyyee6q5ax0ftxxrzvrab22ttgmlitjg3mh4pew2nnylot0qcxyquug',13);
INSERT INTO "account_emailconfirmation" VALUES(14,'2017-01-07 17:57:12.193466','2017-01-07 17:57:12.228682','z4seuyoq4b1pbflfhq6zujo9v0bjc2jg1q2iaqatgcqnv4e5ywy6bhrg0qkt1lur',14);
INSERT INTO "account_emailconfirmation" VALUES(15,'2017-01-07 17:57:13.104327','2017-01-07 17:57:13.142572','8w0adngywa649mteeloxbsb2mnoolt8ock6evhf2gvli7cajnl4nb1bro2jxourd',15);
CREATE TABLE "auth_group" ("id" integer NOT NULL PRIMARY KEY AUTOINCREMENT, "name" varchar(80) NOT NULL UNIQUE);
CREATE TABLE "auth_group_permissions" ("id" integer NOT NULL PRIMARY KEY AUTOINCREMENT, "group_id" integer NOT NULL REFERENCES "auth_group" ("id"), "permission_id" integer NOT NULL REFERENCES "auth_permission" ("id"));
CREATE TABLE "auth_permission" ("id" integer NOT NULL PRIMARY KEY AUTOINCREMENT, "content_type_id" integer NOT NULL REFERENCES "django_content_type" ("id"), "codename" varchar(100) NOT NULL, "name" varchar(255) NOT NULL);
INSERT INTO "auth_permission" VALUES(1,1,'add_logentry','Can add log entry');
INSERT INTO "auth_permission" VALUES(2,1,'change_logentry','Can change log entry');
INSERT INTO "auth_permission" VALUES(3,1,'delete_logentry','Can delete log entry');
INSERT INTO "auth_permission" VALUES(4,2,'add_permission','Can add permission');
INSERT INTO "auth_permission" VALUES(5,2,'change_permission','Can change permission');
INSERT INTO "auth_permission" VALUES(6,2,'delete_permission','Can delete permission');
INSERT INTO "auth_permission" VALUES(7,3,'add_group','Can add group');
INSERT INTO "auth_permission" VALUES(8,3,'change_group','Can change group');
INSERT INTO "auth_permission" VALUES(9,3,'delete_group','Can delete group');
INSERT INTO "auth_permission" VALUES(10,4,'add_user','Can add user');
INSERT INTO "auth_permission" VALUES(11,4,'change_user','Can change user');
INSERT INTO "auth_permission" VALUES(12,4,'delete_user','Can delete user');
INSERT INTO "auth_permission" VALUES(13,5,'add_contenttype','Can add content type');
INSERT INTO "auth_permission" VALUES(14,5,'change_contenttype','Can change content type');
INSERT INTO "auth_permission" VALUES(15,5,'delete_contenttype','Can delete content type');
INSERT INTO "auth_permission" VALUES(16,6,'add_session','Can add session');
INSERT INTO "auth_permission" VALUES(17,6,'change_session','Can change session');
INSERT INTO "auth_permission" VALUES(18,6,'delete_session','Can delete session');
INSERT INTO "auth_permission" VALUES(19,7,'add_site','Can add site');
INSERT INTO "auth_permission" VALUES(20,7,'change_site','Can change site');
INSERT INTO "auth_permission" VALUES(21,7,'delete_site','Can delete site');
INSERT INTO "auth_permission" VALUES(22,8,'add_token','Can add token');
INSERT INTO "auth_permission" VALUES(23,8,'change_token','Can change token');
INSERT INTO "auth_permission" VALUES(24,8,'delete_token','Can delete token');
INSERT INTO "auth_permission" VALUES(25,9,'add_emailaddress','Can add email address');
INSERT INTO "auth_permission" VALUES(26,9,'change_emailaddress','Can change email address');
INSERT INTO "auth_permission" VALUES(27,9,'delete_emailaddress','Can delete email address');
INSERT INTO "auth_permission" VALUES(28,10,'add_emailconfirmation','Can add email confirmation');
INSERT INTO "auth_permission" VALUES(29,10,'change_emailconfirmation','Can change email confirmation');
INSERT INTO "auth_permission" VALUES(30,10,'delete_emailconfirmation','Can delete email confirmation');
INSERT INTO "auth_permission" VALUES(31,11,'add_socialapp','Can add social application');
INSERT INTO "auth_permission" VALUES(32,11,'change_socialapp','Can change social application');
INSERT INTO "auth_permission" VALUES(33,11,'delete_socialapp','Can delete social application');
INSERT INTO "auth_permission" VALUES(34,12,'add_socialaccount','Can add social account');
INSERT INTO "auth_permission" VALUES(35,12,'change_socialaccount','Can change social account');
INSERT INTO "auth_permission" VALUES(36,12,'delete_socialaccount','Can delete social account');
INSERT INTO "auth_permission" VALUES(37,13,'add_socialtoken','Can add social application token');
INSERT INTO "auth_permission" VALUES(38,13,'change_socialtoken','Can change social application token');
INSERT INTO "auth_permission" VALUES(39,13,'delete_socialtoken','Can delete social application token');
INSERT INTO "auth_permission" VALUES(40,14,'add_corsmodel','Can add cors model');
INSERT INTO "auth_permission" VALUES(41,14,'change_corsmodel','Can change cors model');
INSERT INTO "auth_permission" VALUES(42,14,'delete_corsmodel','Can delete cors model');
INSERT INTO "auth_permission" VALUES(43,15,'add_gistsconfiguration','Can add Gists Configuration');
INSERT INTO "auth_permission" VALUES(44,15,'change_gistsconfiguration','Can change Gists Configuration');
INSERT INTO "auth_permission" VALUES(45,15,'delete_gistsconfiguration','Can delete Gists Configuration');
INSERT INTO "auth_permission" VALUES(46,16,'add_sentence','Can add sentence');
INSERT INTO "auth_permission" VALUES(47,16,'change_sentence','Can change sentence');
INSERT INTO "auth_permission" VALUES(48,16,'delete_sentence','Can delete sentence');
INSERT INTO "auth_permission" VALUES(49,17,'add_tree','Can add tree');
INSERT INTO "auth_permission" VALUES(50,17,'change_tree','Can change tree');
INSERT INTO "auth_permission" VALUES(51,17,'delete_tree','Can delete tree');
INSERT INTO "auth_permission" VALUES(52,18,'add_profile','Can add profile');
INSERT INTO "auth_permission" VALUES(53,18,'change_profile','Can change profile');
INSERT INTO "auth_permission" VALUES(54,18,'delete_profile','Can delete profile');
INSERT INTO "auth_permission" VALUES(55,19,'add_questionnaire','Can add questionnaire');
INSERT INTO "auth_permission" VALUES(56,19,'change_questionnaire','Can change questionnaire');
INSERT INTO "auth_permission" VALUES(57,19,'delete_questionnaire','Can delete questionnaire');
INSERT INTO "auth_permission" VALUES(58,20,'add_wordspan','Can add word span');
INSERT INTO "auth_permission" VALUES(59,20,'change_wordspan','Can change word span');
INSERT INTO "auth_permission" VALUES(60,20,'delete_wordspan','Can delete word span');
INSERT INTO "auth_permission" VALUES(61,21,'add_comment','Can add comment');
INSERT INTO "auth_permission" VALUES(62,21,'change_comment','Can change comment');
INSERT INTO "auth_permission" VALUES(63,21,'delete_comment','Can delete comment');
CREATE TABLE "auth_user" ("id" integer NOT NULL PRIMARY KEY AUTOINCREMENT, "password" varchar(128) NOT NULL, "last_login" datetime NULL, "is_superuser" bool NOT NULL, "first_name" varchar(30) NOT NULL, "last_name" varchar(30) NOT NULL, "email" varchar(254) NOT NULL, "is_staff" bool NOT NULL, "is_active" bool NOT NULL, "date_joined" datetime NOT NULL, "username" varchar(30) NOT NULL UNIQUE);
INSERT INTO "auth_user" VALUES(1,'pbkdf2_sha256$24000$LQLjJse8zVD0$rtbimu1ZUHdGVQwGySuj8bIxWfUw6co0TctSn6sqj3U=',NULL,1,'','','admin@example.com',1,1,'2017-01-07 17:56:43.790576','admin');
INSERT INTO "auth_user" VALUES(2,'pbkdf2_sha256$24000$59nSb7navVry$x7lko6Eob7S9XLZJsbocAEzrWood7Pj2ujWc8/HCuSk=','2017-01-07 17:56:50.810327',0,'','','t6@browser.test',0,1,'2017-01-07 17:56:50.302278','t6');
INSERT INTO "auth_user" VALUES(3,'pbkdf2_sha256$24000$bu2zy79Q0boI$+HCFT/flFOPuMCAa9S7ILGVKsLwZ6IaAxxnlN6HXFw0=','2017-01-07 17:56:51.813030',0,'','','t8@browser.test',0,1,'2017-01-07 17:56:51.607786','t8');
INSERT INTO "auth_user" VALUES(4,'pbkdf2_sha256$24000$4BDr0UH4B1QV$rtCxwLnHEh01nY7MlQCSV9qHgj3YsKhc1SEyBPBsiUE=','2017-01-07 17:56:54.754227',0,'','','t5@browser.test',0,1,'2017-01-07 17:56:54.470661','t5');
INSERT INTO "auth_user" VALUES(5,'pbkdf2_sha256$24000$gJJYuoe1KY02$qDoT1bwGbs/6KVMTScYmfGMEhi61xkNZigvA3ObTk+s=','2017-01-07 17:56:56.496309',0,'','','t9@browser.test',0,1,'2017-01-07 17:56:56.209659','t9');
INSERT INTO "auth_user" VALUES(6,'pbkdf2_sha256$24000$wYo8brqqIP4n$7fWtugrpLqNLrIfo7tP06NcY1R30KoaOknDx6Ll5x5A=','2017-01-07 17:56:56.855245',0,'','','t14@browser.test',0,1,'2017-01-07 17:56:56.589147','t14');
INSERT INTO "auth_user" VALUES(7,'pbkdf2_sha256$24000$TYHcnE4OlnKf$3y1gnnLSSDMphwMpWy6zAf/woo+u/YOMwOm5qEixOho=','2017-01-07 17:56:57.850343',0,'','','t12@browser.test',0,1,'2017-01-07 17:56:57.530426','t12');
INSERT INTO "auth_user" VALUES(8,'pbkdf2_sha256$24000$tky6kvZcDsHl$qxk0npSBY9wSK2VbOeodtFTteiYW2dsysVrSKBcSHBE=','2017-01-07 17:56:59.908016',0,'','','t3@browser.test',0,1,'2017-01-07 17:56:59.419236','t3');
INSERT INTO "auth_user" VALUES(9,'pbkdf2_sha256$24000$iMLAzU7rsfOS$oSBld4NR72LCoQCsVX/mQSH1cPVApNwP9FGTQ2CCuNQ=','2017-01-07 17:57:00.317793',0,'','','t11@browser.test',0,1,'2017-01-07 17:57:00.011425','t11');
INSERT INTO "auth_user" VALUES(10,'pbkdf2_sha256$24000$fmSUXN7LMnPO$2iNXKvG0O9RnGAVAy5gMoyekVf6K7IzyA4dhzAzVD9Y=','2017-01-07 17:57:00.570526',0,'','','t10@browser.test',0,1,'2017-01-07 17:57:00.408642','t10');
INSERT INTO "auth_user" VALUES(11,'pbkdf2_sha256$24000$7eqAf8mmPuXe$HsipmUk4QlgMAYQS7w6T2LMXh/THjdvL0Cvy/C/8Yyk=','2017-01-07 17:57:03.653758',0,'','','t13@browser.test',0,1,'2017-01-07 17:57:03.104960','t13');
INSERT INTO "auth_user" VALUES(12,'pbkdf2_sha256$24000$3ssmL7pmMJGl$gCROfvVkJvd2M6PuSY6dt98GpsHjUlfFhC8cKwOn8C8=','2017-01-07 17:57:05.220046',0,'','','t2@browser.test',0,1,'2017-01-07 17:57:04.702887','t2');
INSERT INTO "auth_user" VALUES(13,'pbkdf2_sha256$24000$huZrHBACsw47$gtPt65kgbz1NqhppFcq3qR0oQA3+QUwZycSNDAVVRlo=','2017-01-07 17:57:08.704981',0,'','','t4@browser.test',0,1,'2017-01-07 17:57:08.233573','t4');
INSERT INTO "auth_user" VALUES(14,'pbkdf2_sha256$24000$GjKi5HxrhAVl$dVMWI4XnluMTt+358WCE19UpBDekONOFJ9Xl2aV4sUM=','2017-01-07 17:57:11.710769',0,'','','t7@browser.test',0,1,'2017-01-07 17:57:11.184436','t7');
INSERT INTO "auth_user" VALUES(15,'pbkdf2_sha256$24000$P2MP8rRYQWHB$pBXSguK/Yq84zXn/UTy7kC2jhDTAMEsDt98Ey5vMI6s=','2017-01-07 17:57:12.261437',0,'','','t1@browser.test',0,1,'2017-01-07 17:57:11.907719','t1');
INSERT INTO "auth_user" VALUES(16,'pbkdf2_sha256$24000$SK6ElwFTBgfE$7PMI0qRAS8ec28Ywb2BBq0c58A795N1NgiaHs5yrYtg=','2017-01-07 17:57:13.189255',0,'','','t0@browser.test',0,1,'2017-01-07 17:57:12.768625','t0');
CREATE TABLE "auth_user_groups" ("id" integer NOT NULL PRIMARY KEY AUTOINCREMENT, "user_id" integer NOT NULL REFERENCES "auth_user" ("id"), "group_id" integer NOT NULL REFERENCES "auth_group" ("id"));
CREATE TABLE "auth_user_user_permissions" ("id" integer NOT NULL PRIMARY KEY AUTOINCREMENT, "user_id" integer NOT NULL REFERENCES "auth_user" ("id"), "permission_id" integer NOT NULL REFERENCES "auth_permission" ("id"));
CREATE TABLE "authtoken_token" ("key" varchar(40) NOT NULL PRIMARY KEY, "created" datetime NOT NULL, "user_id" integer NOT NULL UNIQUE REFERENCES "auth_user" ("id"));
INSERT INTO "authtoken_token" VALUES('62d592ca75e13d76f535e1fe49260f7acc25be3a','2017-01-07 17:56:50.484742',2);
INSERT INTO "authtoken_token" VALUES('48874900c4d602774f091f9699ac3e8340596652','2017-01-07 17:56:51.721331',3);
INSERT INTO "authtoken_token" VALUES('b54782bed9788869809c656dc00853ca5cefd999','2017-01-07 17:56:54.709128',4);
INSERT INTO "authtoken_token" VALUES('a0bf0caca926c7fe2953f712eb256e23e1704915','2017-01-07 17:56:56.390304',5);
INSERT INTO "authtoken_token" VALUES('7a3873d103d8939ff89f853c65f7bfda846e418d','2017-01-07 17:56:56.784591',6);
INSERT INTO "authtoken_token" VALUES('cc818f60b32bbfeb1bce81f50bf6a2d6f01ce9db','2017-01-07 17:56:57.733467',7);
INSERT INTO "authtoken_token" VALUES('03939640d764700bf057e5d9c610dc8143e232ee','2017-01-07 17:56:59.796751',8);
INSERT INTO "authtoken_token" VALUES('63d5e993472735c034c23afd53724965990f8bb5','2017-01-07 17:57:00.233230',9);
INSERT INTO "authtoken_token" VALUES('a882fdbe1f870fc361cfef0cd9f864382d029e7e','2017-01-07 17:57:00.528846',10);
INSERT INTO "authtoken_token" VALUES('b8a81b6e7146ad166e087e3e6799471372dbd5ec','2017-01-07 17:57:03.514787',11);
INSERT INTO "authtoken_token" VALUES('f181f6cea04570575042b5cb633e2cd0694365f4','2017-01-07 17:57:05.077786',12);
INSERT INTO "authtoken_token" VALUES('9bde6e2756e0e9a50e392c61cbc4e711060e136e','2017-01-07 17:57:08.526243',13);
INSERT INTO "authtoken_token" VALUES('6e184e8c062b06816ae01b09c83cf67825d4fdc8','2017-01-07 17:57:11.612952',14);
INSERT INTO "authtoken_token" VALUES('0ef03b220ef7bb1c2e2c268b84e0a188d2cb0d40','2017-01-07 17:57:12.176595',15);
INSERT INTO "authtoken_token" VALUES('7f103b8ceda64b36dddfc76c39d4764eeae11073','2017-01-07 17:57:13.069499',16);
CREATE TABLE "corsheaders_corsmodel" ("id" integer NOT NULL PRIMARY KEY AUTOINCREMENT, "cors" varchar(255) NOT NULL);
CREATE TABLE "django_admin_log" ("id" integer NOT NULL PRIMARY KEY AUTOINCREMENT, "object_id" text NULL, "object_repr" varchar(200) NOT NULL, "action_flag" smallint unsigned NOT NULL, "change_message" text NOT NULL, "content_type_id" integer NULL REFERENCES "django_content_type" ("id"), "user_id" integer NOT NULL REFERENCES "auth_user" ("id"), "action_time" datetime NOT NULL);
CREATE TABLE "django_content_type" ("id" integer NOT NULL PRIMARY KEY AUTOINCREMENT, "app_label" varchar(100) NOT NULL, "model" varchar(100) NOT NULL);
INSERT INTO "django_content_type" VALUES(1,'admin','logentry');
INSERT INTO "django_content_type" VALUES(2,'auth','permission');
INSERT INTO "django_content_type" VALUES(3,'auth','group');
INSERT INTO "django_content_type" VALUES(4,'auth','user');
INSERT INTO "django_content_type" VALUES(5,'contenttypes','contenttype');
INSERT INTO "django_content_type" VALUES(6,'sessions','session');
INSERT INTO "django_content_type" VALUES(7,'sites','site');
INSERT INTO "django_content_type" VALUES(8,'authtoken','token');
INSERT INTO "django_content_type" VALUES(9,'account','emailaddress');
INSERT INTO "django_content_type" VALUES(10,'account','emailconfirmation');
INSERT INTO "django_content_type" VALUES(11,'socialaccount','socialapp');
INSERT INTO "django_content_type" VALUES(12,'socialaccount','socialaccount');
INSERT INTO "django_content_type" VALUES(13,'socialaccount','socialtoken');
INSERT INTO "django_content_type" VALUES(14,'corsheaders','corsmodel');
INSERT INTO "django_content_type" VALUES(15,'gists','gistsconfiguration');
INSERT INTO "django_content_type" VALUES(16,'gists','sentence');
INSERT INTO "django_content_type" VALUES(17,'gists','tree');
INSERT INTO "django_content_type" VALUES(18,'gists','profile');
INSERT INTO "django_content_type" VALUES(19,'gists','questionnaire');
INSERT INTO "django_content_type" VALUES(20,'gists','wordspan');
INSERT INTO "django_content_type" VALUES(21,'gists','comment');
CREATE TABLE "django_migrations" ("id" integer NOT NULL PRIMARY KEY AUTOINCREMENT, "app" varchar(255) NOT NULL, "name" varchar(255) NOT NULL, "applied" datetime NOT NULL);
INSERT INTO "django_migrations" VALUES(1,'contenttypes','0001_initial','2017-01-07 17:56:43.255856');
INSERT INTO "django_migrations" VALUES(2,'auth','0001_initial','2017-01-07 17:56:43.297333');
INSERT INTO "django_migrations" VALUES(3,'account','0001_initial','2017-01-07 17:56:43.312055');
INSERT INTO "django_migrations" VALUES(4,'account','0002_email_max_length','2017-01-07 17:56:43.320730');
INSERT INTO "django_migrations" VALUES(5,'admin','0001_initial','2017-01-07 17:56:43.329582');
INSERT INTO "django_migrations" VALUES(6,'admin','0002_logentry_remove_auto_add','2017-01-07 17:56:43.339510');
INSERT INTO "django_migrations" VALUES(7,'contenttypes','0002_remove_content_type_name','2017-01-07 17:56:43.366630');
INSERT INTO "django_migrations" VALUES(8,'auth','0002_alter_permission_name_max_length','2017-01-07 17:56:43.376192');
INSERT INTO "django_migrations" VALUES(9,'auth','0003_alter_user_email_max_length','2017-01-07 17:56:43.385780');
INSERT INTO "django_migrations" VALUES(10,'auth','0004_alter_user_username_opts','2017-01-07 17:56:43.395405');
INSERT INTO "django_migrations" VALUES(11,'auth','0005_alter_user_last_login_null','2017-01-07 17:56:43.405022');
INSERT INTO "django_migrations" VALUES(12,'auth','0006_require_contenttypes_0002','2017-01-07 17:56:43.405666');
INSERT INTO "django_migrations" VALUES(13,'auth','0007_alter_validators_add_error_messages','2017-01-07 17:56:43.415151');
INSERT INTO "django_migrations" VALUES(14,'authtoken','0001_initial','2017-01-07 17:56:43.426706');
INSERT INTO "django_migrations" VALUES(15,'gists','0001_initial','2017-01-07 17:56:43.533106');
INSERT INTO "django_migrations" VALUES(16,'gists','0002_comment_meta','2017-01-07 17:56:43.550936');
INSERT INTO "django_migrations" VALUES(17,'sessions','0001_initial','2017-01-07 17:56:43.553550');
INSERT INTO "django_migrations" VALUES(18,'sites','0001_initial','2017-01-07 17:56:43.555969');
INSERT INTO "django_migrations" VALUES(19,'sites','0002_alter_domain_unique','2017-01-07 17:56:43.559523');
INSERT INTO "django_migrations" VALUES(20,'socialaccount','0001_initial','2017-01-07 17:56:43.634718');
INSERT INTO "django_migrations" VALUES(21,'socialaccount','0002_token_max_lengths','2017-01-07 17:56:43.709471');
CREATE TABLE "django_session" ("session_key" varchar(40) NOT NULL PRIMARY KEY, "session_data" text NOT NULL, "expire_date" datetime NOT NULL);
INSERT INTO "django_session" VALUES('9n87pv0ehcm9vlkcqy9gvufv5do21isq','YTg2Y2RjNWE4NzllMWEzMjE0NGU5ZWE3NzU1NDkyOWYzNTg1OGFkNDp7ImFjY291bnRfdmVyaWZpZWRfZW1haWwiOm51bGwsImFjY291bnRfdXNlciI6IjIiLCJfYXV0aF91c2VyX2lkIjoiMiIsIl9hdXRoX3VzZXJfYmFja2VuZCI6ImFsbGF1dGguYWNjb3VudC5hdXRoX2JhY2tlbmRzLkF1dGhlbnRpY2F0aW9uQmFja2VuZCIsIl9hdXRoX3VzZXJfaGFzaCI6ImFlMjY5YThjODczM2Q1M2MwMjYyN2Q4MjNlYjkxNzJjYTdlNzgxNzQifQ==','2017-01-21 17:56:50.818582');
INSERT INTO "django_session" VALUES('0rxpp5qs3bxke9by35sw4llo0b2uv0fi','OTJjYWJlNTUzNDYwZjcyY2E0NWM2OTdkZGE1YzNkNThjMjA5NmRmNjp7ImFjY291bnRfdmVyaWZpZWRfZW1haWwiOm51bGwsImFjY291bnRfdXNlciI6IjMiLCJfYXV0aF91c2VyX2lkIjoiMyIsIl9hdXRoX3VzZXJfYmFja2VuZCI6ImFsbGF1dGguYWNjb3VudC5hdXRoX2JhY2tlbmRzLkF1dGhlbnRpY2F0aW9uQmFja2VuZCIsIl9hdXRoX3VzZXJfaGFzaCI6IjJhNTAzZDdhYjllYzJiODM0OTc5OTkxNmM2NGI0MGUyZDc3ZjEzYmIifQ==','2017-01-21 17:56:51.826901');
INSERT INTO "django_session" VALUES('64k5o44oju6blick9itu7vxydi4ismju','OTNiM2IwY2IwOGNmOTYyMjdkMDM4YmRkZmZhMmJmYzYwN2YxY2IyOTp7ImFjY291bnRfdmVyaWZpZWRfZW1haWwiOm51bGwsImFjY291bnRfdXNlciI6IjQiLCJfYXV0aF91c2VyX2lkIjoiNCIsIl9hdXRoX3VzZXJfYmFja2VuZCI6ImFsbGF1dGguYWNjb3VudC5hdXRoX2JhY2tlbmRzLkF1dGhlbnRpY2F0aW9uQmFja2VuZCIsIl9hdXRoX3VzZXJfaGFzaCI6IjQ5MWQyZmU3NWE2NjZlN2U4OWI0NDk0Y2M4OWI3YTg0ODc4MjIwNjgifQ==','2017-01-21 17:56:54.762905');
INSERT INTO "django_session" VALUES('wpc3fyr8su8h5o5ftz35t17raaod0mqb','YWIyYzVlMTgwMDZiOTQwMTU3NWRjMGYzMzRkOTE1Y2I5ZmJhMzI0Zjp7ImFjY291bnRfdmVyaWZpZWRfZW1haWwiOm51bGwsImFjY291bnRfdXNlciI6IjUiLCJfYXV0aF91c2VyX2lkIjoiNSIsIl9hdXRoX3VzZXJfYmFja2VuZCI6ImFsbGF1dGguYWNjb3VudC5hdXRoX2JhY2tlbmRzLkF1dGhlbnRpY2F0aW9uQmFja2VuZCIsIl9hdXRoX3VzZXJfaGFzaCI6IjNhNjE4MDBhY2UwNTUyZDQ2ODU4MjViMDM4ZWVhOWM1NjhkZWMyZmYifQ==','2017-01-21 17:56:56.536365');
INSERT INTO "django_session" VALUES('nvuzfwyc8pevluapgsxvhaniibb4748f','ZjlhN2UxOTdiODlmMjIwYWI1OGU2ZmZlNWM1MDBjNzY4MzgxZGFkNDp7ImFjY291bnRfdmVyaWZpZWRfZW1haWwiOm51bGwsImFjY291bnRfdXNlciI6IjYiLCJfYXV0aF91c2VyX2lkIjoiNiIsIl9hdXRoX3VzZXJfYmFja2VuZCI6ImFsbGF1dGguYWNjb3VudC5hdXRoX2JhY2tlbmRzLkF1dGhlbnRpY2F0aW9uQmFja2VuZCIsIl9hdXRoX3VzZXJfaGFzaCI6ImQzNjViOWM3YTJmOWYxODdlNTEzNTNkNGQwYjBjYWVlMGIzN2NkYTEifQ==','2017-01-21 17:56:56.872071');
INSERT INTO "django_session" VALUES('crw53pyn4iifckhs5ate3ertozsdgam6','ZmFjNzMzZmIzOWUxNDg0NmY2ZjE3ZTkyMjgxN2U4YmJlYmUwYzRmYzp7ImFjY291bnRfdmVyaWZpZWRfZW1haWwiOm51bGwsImFjY291bnRfdXNlciI6IjciLCJfYXV0aF91c2VyX2lkIjoiNyIsIl9hdXRoX3VzZXJfYmFja2VuZCI6ImFsbGF1dGguYWNjb3VudC5hdXRoX2JhY2tlbmRzLkF1dGhlbnRpY2F0aW9uQmFja2VuZCIsIl9hdXRoX3VzZXJfaGFzaCI6ImEwMzZmYjQxZmJjMjFhMzNiYTJlOWE1ZjJhMDRlNTllZmQ0YjkyNTMifQ==','2017-01-21 17:56:57.883160');
INSERT INTO "django_session" VALUES('9wunps12xw4e0t69q3zoqw0un0i1sq7w','ZTYwM2U4NzhkZjAyNTVmYWY3NGE0NTIzMDc4MzM5MDUwNjFlYTZjZjp7ImFjY291bnRfdmVyaWZpZWRfZW1haWwiOm51bGwsImFjY291bnRfdXNlciI6IjgiLCJfYXV0aF91c2VyX2lkIjoiOCIsIl9hdXRoX3VzZXJfYmFja2VuZCI6ImFsbGF1dGguYWNjb3VudC5hdXRoX2JhY2tlbmRzLkF1dGhlbnRpY2F0aW9uQmFja2VuZCIsIl9hdXRoX3VzZXJfaGFzaCI6ImVhMzgwMzIzZDFmMjEzZWY1MDhlYWUwZGRhNjA3YjE1NmNjYjI0ZWEifQ==','2017-01-21 17:56:59.968804');
INSERT INTO "django_session" VALUES('xg0qtfcet2xxjkpw2i838e0ezrbhlqrg','OGFhMmY0NzY1MzNhNjkwZGIyZDU4OTE2Nzk1Y2U0YzFjNjk0NjRhNDp7ImFjY291bnRfdmVyaWZpZWRfZW1haWwiOm51bGwsImFjY291bnRfdXNlciI6IjkiLCJfYXV0aF91c2VyX2lkIjoiOSIsIl9hdXRoX3VzZXJfYmFja2VuZCI6ImFsbGF1dGguYWNjb3VudC5hdXRoX2JhY2tlbmRzLkF1dGhlbnRpY2F0aW9uQmFja2VuZCIsIl9hdXRoX3VzZXJfaGFzaCI6ImE1MGRkYTc0MzUxOTI0NmRhNjRkNTY4Y2EyNjNhNDZlYzdmZTdkZmEifQ==','2017-01-21 17:57:00.338371');
INSERT INTO "django_session" VALUES('335i4eoxlsg3yggcrvzdcwiw0r87weo2','YWI5YmNkZWU2YTkyZGQyMWFlZmFhM2FiNDVlN2Q2MGExYjhhZGRiMjp7ImFjY291bnRfdmVyaWZpZWRfZW1haWwiOm51bGwsImFjY291bnRfdXNlciI6ImEiLCJfYXV0aF91c2VyX2lkIjoiMTAiLCJfYXV0aF91c2VyX2JhY2tlbmQiOiJhbGxhdXRoLmFjY291bnQuYXV0aF9iYWNrZW5kcy5BdXRoZW50aWNhdGlvbkJhY2tlbmQiLCJfYXV0aF91c2VyX2hhc2giOiI4OGUwOTQ1YTkzYmZjNjY0NTJiYzkyYzVmNmUyZTIyODMyZjA1MmJlIn0=','2017-01-21 17:57:00.585067');
INSERT INTO "django_session" VALUES('0lh9cwy0m8fn0zdu5toolvouyqu6zmu2','OTc0NjZmZGJlOGQ0Mjg3ZDI0ZmQzNzgxNTgxZTBkMjNhZjUzZTM3Mjp7ImFjY291bnRfdmVyaWZpZWRfZW1haWwiOm51bGwsImFjY291bnRfdXNlciI6ImIiLCJfYXV0aF91c2VyX2lkIjoiMTEiLCJfYXV0aF91c2VyX2JhY2tlbmQiOiJhbGxhdXRoLmFjY291bnQuYXV0aF9iYWNrZW5kcy5BdXRoZW50aWNhdGlvbkJhY2tlbmQiLCJfYXV0aF91c2VyX2hhc2giOiI1ZmE0OTBmNzRkZmRmZmVkZTNjYjUxOWViNWIzNzMzMGJlMDZmYjQ5In0=','2017-01-21 17:57:03.669076');
INSERT INTO "django_session" VALUES('wpk55x1uuw41frwdnjty5g8hfqlbihd3','OWYxNmY5YTBhN2ZjMGJiNDExNGIzNTc4NzdlMTU3ODEyZWEzZjE1Mzp7ImFjY291bnRfdmVyaWZpZWRfZW1haWwiOm51bGwsImFjY291bnRfdXNlciI6ImMiLCJfYXV0aF91c2VyX2lkIjoiMTIiLCJfYXV0aF91c2VyX2JhY2tlbmQiOiJhbGxhdXRoLmFjY291bnQuYXV0aF9iYWNrZW5kcy5BdXRoZW50aWNhdGlvbkJhY2tlbmQiLCJfYXV0aF91c2VyX2hhc2giOiJlZDA4MGE4NTlmZDZjZmQ0ZDEyYzU1MmE0NjdhMGRiMzlmZjMzNmY4In0=','2017-01-21 17:57:05.251618');
INSERT INTO "django_session" VALUES('1cbqt36ld19b1pn156ehc9oxnw80zt4z','Mzk4MTcwNWY5NzZjNTQyYWRhMDUzNTA3MGUyODBkNWM2OTM1ZGU2OTp7ImFjY291bnRfdmVyaWZpZWRfZW1haWwiOm51bGwsImFjY291bnRfdXNlciI6ImQiLCJfYXV0aF91c2VyX2lkIjoiMTMiLCJfYXV0aF91c2VyX2JhY2tlbmQiOiJhbGxhdXRoLmFjY291bnQuYXV0aF9iYWNrZW5kcy5BdXRoZW50aWNhdGlvbkJhY2tlbmQiLCJfYXV0aF91c2VyX2hhc2giOiI1MzhiZmU0YzkwOWUyN2I1ZmY3MDZiODZkMzZiNzg3MGU3MjIzMDY3In0=','2017-01-21 17:57:08.736982');
INSERT INTO "django_session" VALUES('bukq0gc2gg8gxrxvp4mkyn4n0dlr1kvc','MWU2ZDg3NjZhNTkxMDBmN2VmNDNlZjY5OTJlMzZiMjAwMjliOTY5ODp7ImFjY291bnRfdmVyaWZpZWRfZW1haWwiOm51bGwsImFjY291bnRfdXNlciI6ImUiLCJfYXV0aF91c2VyX2lkIjoiMTQiLCJfYXV0aF91c2VyX2JhY2tlbmQiOiJhbGxhdXRoLmFjY291bnQuYXV0aF9iYWNrZW5kcy5BdXRoZW50aWNhdGlvbkJhY2tlbmQiLCJfYXV0aF91c2VyX2hhc2giOiJiODljMTc4NzYwYjJhZTgxYzZmODhiZDIxNzhkZjE1YmFlMmZkN2UxIn0=','2017-01-21 17:57:11.739468');
INSERT INTO "django_session" VALUES('a0nxrw2bfb7q6thqot8xitdbqp5zcbt4','YThhYWY3NDQ5Yzg0NWRjZmU4OGE5NDNjNWQ3MGI3NjVkMjE4MWI5Mzp7ImFjY291bnRfdmVyaWZpZWRfZW1haWwiOm51bGwsImFjY291bnRfdXNlciI6ImYiLCJfYXV0aF91c2VyX2lkIjoiMTUiLCJfYXV0aF91c2VyX2JhY2tlbmQiOiJhbGxhdXRoLmFjY291bnQuYXV0aF9iYWNrZW5kcy5BdXRoZW50aWNhdGlvbkJhY2tlbmQiLCJfYXV0aF91c2VyX2hhc2giOiI1YjY5ZjZmZTcyNDQ3NmJiMWU4NDE5NDg5M2ZhNWM2MTgyZjdiZWZiIn0=','2017-01-21 17:57:12.275157');
INSERT INTO "django_session" VALUES('bzs2tjtj46brhbg6tnfqql4lg5589wwe','NjBlZmI4YjFhMjBiYWJjZmRkNGM5MTI2ZTg5MThhYmU4Y2MwOGI5Yjp7ImFjY291bnRfdmVyaWZpZWRfZW1haWwiOm51bGwsImFjY291bnRfdXNlciI6ImciLCJfYXV0aF91c2VyX2lkIjoiMTYiLCJfYXV0aF91c2VyX2JhY2tlbmQiOiJhbGxhdXRoLmFjY291bnQuYXV0aF9iYWNrZW5kcy5BdXRoZW50aWNhdGlvbkJhY2tlbmQiLCJfYXV0aF91c2VyX2hhc2giOiIxNWJmNWFmZGY3MDc5MWRmYWVkOTM3YzIyZWJkOTZjMWRmMDU1ZGViIn0=','2017-01-21 17:57:13.210942');
CREATE TABLE "django_site" ("id" integer NOT NULL PRIMARY KEY AUTOINCREMENT, "name" varchar(50) NOT NULL, "domain" varchar(100) NOT NULL UNIQUE);
INSERT INTO "django_site" VALUES(1,'example.com','example.com');
CREATE TABLE "gists_comment" ("id" integer NOT NULL PRIMARY KEY AUTOINCREMENT, "created" datetime NOT NULL, "email" varchar(254) NOT NULL, "text" varchar(5000) NOT NULL, "profile_id" integer NOT NULL REFERENCES "gists_profile" ("id"), "meta" varchar(5000) NOT NULL);
CREATE TABLE "gists_gistsconfiguration" ("id" integer NOT NULL PRIMARY KEY AUTOINCREMENT, "target_branch_depth" integer unsigned NOT NULL, "target_branch_count" integer unsigned NOT NULL, "branch_probability" real NOT NULL, "read_factor" integer unsigned NOT NULL, "write_factor" integer unsigned NOT NULL, "min_tokens" integer unsigned NOT NULL, "pause_period" integer unsigned NOT NULL, "experiment_work" integer unsigned NOT NULL, "training_work" integer unsigned NOT NULL, "base_credit" integer unsigned NOT NULL);
INSERT INTO "gists_gistsconfiguration" VALUES(1,5,3,0.2,1,5,10,10,10,2,0);
CREATE TABLE "gists_profile" ("id" integer NOT NULL PRIMARY KEY AUTOINCREMENT, "created" datetime NOT NULL, "mothertongue" varchar(100) NOT NULL, "trained_reformulations" bool NOT NULL, "introduced_exp_home" bool NOT NULL, "introduced_exp_play" bool NOT NULL, "introduced_play_home" bool NOT NULL, "introduced_play_play" bool NOT NULL, "prolific_id" varchar(50) NULL, "user_id" integer NOT NULL UNIQUE REFERENCES "auth_user" ("id"));
INSERT INTO "gists_profile" VALUES(1,'2017-01-07 17:56:43.811513','english',0,0,0,0,0,NULL,1);
INSERT INTO "gists_profile" VALUES(2,'2017-01-07 17:56:50.941072','english',1,1,1,0,0,NULL,2);
INSERT INTO "gists_profile" VALUES(3,'2017-01-07 17:56:51.978607','english',1,1,1,0,0,NULL,3);
INSERT INTO "gists_profile" VALUES(4,'2017-01-07 17:56:54.872293','english',1,1,1,0,0,NULL,4);
INSERT INTO "gists_profile" VALUES(5,'2017-01-07 17:56:57.104374','english',1,1,1,0,0,NULL,5);
INSERT INTO "gists_profile" VALUES(6,'2017-01-07 17:56:57.400140','english',1,1,1,0,0,NULL,6);
INSERT INTO "gists_profile" VALUES(7,'2017-01-07 17:56:58.156622','english',1,1,1,0,0,NULL,7);
INSERT INTO "gists_profile" VALUES(8,'2017-01-07 17:57:00.877990','english',1,1,1,0,0,NULL,8);
INSERT INTO "gists_profile" VALUES(9,'2017-01-07 17:57:01.124281','english',1,1,1,0,0,NULL,9);
INSERT INTO "gists_profile" VALUES(10,'2017-01-07 17:57:01.730663','english',1,1,1,0,0,NULL,10);
INSERT INTO "gists_profile" VALUES(11,'2017-01-07 17:57:03.919113','english',1,1,1,0,0,NULL,11);
INSERT INTO "gists_profile" VALUES(12,'2017-01-07 17:57:06.284462','english',1,1,1,0,0,NULL,12);
INSERT INTO "gists_profile" VALUES(13,'2017-01-07 17:57:09.350473','english',1,1,1,0,0,NULL,13);
INSERT INTO "gists_profile" VALUES(14,'2017-01-07 17:57:13.370994','english',1,1,1,0,0,NULL,14);
INSERT INTO "gists_profile" VALUES(15,'2017-01-07 17:57:13.927073','english',1,1,1,0,0,NULL,15);
INSERT INTO "gists_profile" VALUES(16,'2017-01-07 17:57:15.603074','english',1,1,1,0,0,NULL,16);
CREATE TABLE "gists_questionnaire" ("id" integer NOT NULL PRIMARY KEY AUTOINCREMENT, "created" datetime NOT NULL, "age" smallint unsigned NOT NULL, "gender" varchar(100) NOT NULL, "informed" bool NOT NULL, "informed_how" varchar(500) NOT NULL, "informed_what" varchar(500) NOT NULL, "education_level" varchar(5) NOT NULL, "education_freetext" varchar(500) NOT NULL, "job_type" varchar(5) NOT NULL, "job_freetext" varchar(500) NOT NULL, "profile_id" integer NOT NULL UNIQUE REFERENCES "gists_profile" ("id"));
INSERT INTO "gists_questionnaire" VALUES(1,'2017-01-07 17:57:05.779596',20,'other',0,'-----','-----','3','Some education','-','Some job',2);
INSERT INTO "gists_questionnaire" VALUES(2,'2017-01-07 17:57:07.503906',20,'other',0,'-----','-----','3','Some education','-','Some job',3);
INSERT INTO "gists_questionnaire" VALUES(3,'2017-01-07 17:57:11.853178',20,'other',0,'-----','-----','3','Some education','-','Some job',4);
INSERT INTO "gists_questionnaire" VALUES(4,'2017-01-07 17:57:13.710918',20,'other',0,'-----','-----','3','Some education','-','Some job',5);
INSERT INTO "gists_questionnaire" VALUES(5,'2017-01-07 17:57:14.244225',20,'other',0,'-----','-----','3','Some education','-','Some job',6);
INSERT INTO "gists_questionnaire" VALUES(6,'2017-01-07 17:57:15.086675',20,'other',0,'-----','-----','3','Some education','-','Some job',7);
INSERT INTO "gists_questionnaire" VALUES(7,'2017-01-07 17:57:16.457845',20,'other',0,'-----','-----','3','Some education','-','Some job',8);
INSERT INTO "gists_questionnaire" VALUES(8,'2017-01-07 17:57:17.640271',20,'other',0,'-----','-----','3','Some education','-','Some job',9);
INSERT INTO "gists_questionnaire" VALUES(9,'2017-01-07 17:57:18.604581',20,'other',0,'-----','-----','3','Some education','-','Some job',10);
INSERT INTO "gists_questionnaire" VALUES(10,'2017-01-07 17:57:21.051080',20,'other',0,'-----','-----','3','Some education','-','Some job',11);
INSERT INTO "gists_questionnaire" VALUES(11,'2017-01-07 17:57:22.551401',20,'other',0,'-----','-----','3','Some education','-','Some job',12);
INSERT INTO "gists_questionnaire" VALUES(12,'2017-01-07 17:57:26.559859',20,'other',0,'-----','-----','3','Some education','-','Some job',13);
INSERT INTO "gists_questionnaire" VALUES(13,'2017-01-07 17:57:30.768145',20,'other',0,'-----','-----','3','Some education','-','Some job',14);
INSERT INTO "gists_questionnaire" VALUES(14,'2017-01-07 17:57:32.593335',20,'other',0,'-----','-----','3','Some education','-','Some job',15);
INSERT INTO "gists_questionnaire" VALUES(15,'2017-01-07 17:57:33.693217',20,'other',0,'-----','-----','3','Some education','-','Some job',16);
CREATE TABLE "gists_sentence" ("id" integer NOT NULL PRIMARY KEY AUTOINCREMENT, "created" datetime NOT NULL, "text" varchar(5000) NOT NULL, "read_time_proportion" real NOT NULL, "read_time_allotted" real NOT NULL, "write_time_proportion" real NOT NULL, "write_time_allotted" real NOT NULL, "language" varchar(100) NOT NULL, "bucket" varchar(100) NOT NULL, "parent_id" integer NULL REFERENCES "gists_sentence" ("id"), "profile_id" integer NOT NULL REFERENCES "gists_profile" ("id"), "tree_id" integer NOT NULL REFERENCES "gists_tree" ("id"), "tree_as_root_id" integer NULL UNIQUE REFERENCES "gists_tree" ("id"));
INSERT INTO "gists_sentence" VALUES(1,'2017-01-07 17:56:43.812200','training root 0',0.0,0.0,0.0,0.0,'english','training',NULL,1,1,1);
INSERT INTO "gists_sentence" VALUES(2,'2017-01-07 17:56:43.812822','training root 1',0.0,0.0,0.0,0.0,'english','training',NULL,1,2,2);
INSERT INTO "gists_sentence" VALUES(3,'2017-01-07 17:56:43.813433','experiment root 0',0.0,0.0,0.0,0.0,'english','experiment',NULL,1,3,3);
INSERT INTO "gists_sentence" VALUES(4,'2017-01-07 17:56:43.814057','experiment root 1',0.0,0.0,0.0,0.0,'english','experiment',NULL,1,4,4);
INSERT INTO "gists_sentence" VALUES(5,'2017-01-07 17:56:43.814663','experiment root 2',0.0,0.0,0.0,0.0,'english','experiment',NULL,1,5,5);
INSERT INTO "gists_sentence" VALUES(6,'2017-01-07 17:56:43.815277','experiment root 3',0.0,0.0,0.0,0.0,'english','experiment',NULL,1,6,6);
INSERT INTO "gists_sentence" VALUES(7,'2017-01-07 17:56:43.815884','experiment root 4',0.0,0.0,0.0,0.0,'english','experiment',NULL,1,7,7);
INSERT INTO "gists_sentence" VALUES(8,'2017-01-07 17:56:43.816489','experiment root 5',0.0,0.0,0.0,0.0,'english','experiment',NULL,1,8,8);
INSERT INTO "gists_sentence" VALUES(9,'2017-01-07 17:56:43.817094','experiment root 6',0.0,0.0,0.0,0.0,'english','experiment',NULL,1,9,9);
INSERT INTO "gists_sentence" VALUES(10,'2017-01-07 17:56:43.817696','experiment root 7',0.0,0.0,0.0,0.0,'english','experiment',NULL,1,10,10);
INSERT INTO "gists_sentence" VALUES(11,'2017-01-07 17:56:43.818304','experiment root 8',0.0,0.0,0.0,0.0,'english','experiment',NULL,1,11,11);
INSERT INTO "gists_sentence" VALUES(12,'2017-01-07 17:56:43.818910','experiment root 9',0.0,0.0,0.0,0.0,'english','experiment',NULL,1,12,12);
INSERT INTO "gists_sentence" VALUES(13,'2017-01-07 17:58:06.886077','t6 t6 t6 t6 t6 t6 t6 t6 t6 t6',1.0,3.0,6.04533333333333366965e-01,15.0,'english','experiment',9,2,9,NULL);
INSERT INTO "gists_sentence" VALUES(14,'2017-01-07 17:58:08.872562','t8 t8 t8 t8 t8 t8 t8 t8 t8 t8',1.0,3.0,0.6098,15.0,'english','experiment',3,3,3,NULL);
INSERT INTO "gists_sentence" VALUES(15,'2017-01-07 17:58:12.988303','t5 t5 t5 t5 t5 t5 t5 t5 t5 t5',1.0,3.0,5.52333333333333342807e-01,15.0,'english','experiment',12,4,12,NULL);
INSERT INTO "gists_sentence" VALUES(16,'2017-01-07 17:58:13.997803','t9 t9 t9 t9 t9 t9 t9 t9 t9 t9',1.0,3.0,0.5058,15.0,'english','experiment',3,5,3,NULL);
INSERT INTO "gists_sentence" VALUES(17,'2017-01-07 17:58:16.439021','t3 t3 t3 t3 t3 t3 t3 t3 t3 t3',1.0,3.0,0.4636,15.0,'english','experiment',9,8,9,NULL);
INSERT INTO "gists_sentence" VALUES(18,'2017-01-07 17:58:20.180416','t14 t14 t14 t14 t14 t14 t14 t14 t14 t14',1.0,3.0,5.56333333333333346359e-01,15.0,'english','experiment',12,6,12,NULL);
INSERT INTO "gists_sentence" VALUES(19,'2017-01-07 17:58:22.087154','t6 t6 t6 t6 t6 t6 t6 t6 t6 t6',1.0,3.0,4.42733333333333312076e-01,15.0,'english','experiment',12,2,12,NULL);
INSERT INTO "gists_sentence" VALUES(20,'2017-01-07 17:58:24.874723','t8 t8 t8 t8 t8 t8 t8 t8 t8 t8',1.0,3.0,0.4962,15.0,'english','experiment',6,3,6,NULL);
INSERT INTO "gists_sentence" VALUES(21,'2017-01-07 17:58:27.145717','t4 t4 t4 t4 t4 t4 t4 t4 t4 t4',1.0,3.0,5.47466666666666657015e-01,15.0,'english','experiment',7,13,7,NULL);
INSERT INTO "gists_sentence" VALUES(22,'2017-01-07 17:58:28.154061','t11 t11 t11 t11 t11 t11 t11 t11 t11 t11',1.0,3.0,6.64133333333333353287e-01,15.0,'english','experiment',12,9,12,NULL);
INSERT INTO "gists_sentence" VALUES(23,'2017-01-07 17:58:29.371676','t9 t9 t9 t9 t9 t9 t9 t9 t9 t9',1.0,3.0,5.42266666666666674601e-01,15.0,'english','experiment',7,5,7,NULL);
INSERT INTO "gists_sentence" VALUES(24,'2017-01-07 17:58:29.598621','t12 t12 t12 t12 t12 t12 t12 t12 t12 t12',1.0,3.0,6.87133333333333373715e-01,15.0,'english','experiment',11,7,11,NULL);
INSERT INTO "gists_sentence" VALUES(25,'2017-01-07 17:58:31.122666','t1 t1 t1 t1 t1 t1 t1 t1 t1 t1',1.0,3.0,0.5502,15.0,'english','experiment',4,15,4,NULL);
INSERT INTO "gists_sentence" VALUES(26,'2017-01-07 17:58:31.756590','t7 t7 t7 t7 t7 t7 t7 t7 t7 t7',1.0,3.0,5.69133333333333379933e-01,15.0,'english','experiment',4,14,4,NULL);
INSERT INTO "gists_sentence" VALUES(27,'2017-01-07 17:58:32.234669','t3 t3 t3 t3 t3 t3 t3 t3 t3 t3',1.0,3.0,5.56133333333333368386e-01,15.0,'english','experiment',12,8,12,NULL);
INSERT INTO "gists_sentence" VALUES(28,'2017-01-07 17:58:33.848870','t2 t2 t2 t2 t2 t2 t2 t2 t2 t2',1.0,10.0,0.15706,50.0,'english','experiment',13,12,9,NULL);
INSERT INTO "gists_sentence" VALUES(29,'2017-01-07 17:58:35.542658','t5 t5 t5 t5 t5 t5 t5 t5 t5 t5',1.0,10.0,0.15104,50.0,'english','experiment',13,4,9,NULL);
INSERT INTO "gists_sentence" VALUES(30,'2017-01-07 17:58:36.558921','t10 t10 t10 t10 t10 t10 t10 t10 t10 t10',1.0,10.0,0.1908,50.0,'english','experiment',14,10,3,NULL);
INSERT INTO "gists_sentence" VALUES(31,'2017-01-07 17:58:36.607865','t6 t6 t6 t6 t6 t6 t6 t6 t6 t6',1.0,3.0,4.73066666666666690854e-01,15.0,'english','experiment',4,2,4,NULL);
INSERT INTO "gists_sentence" VALUES(32,'2017-01-07 17:58:36.835121','t13 t13 t13 t13 t13 t13 t13 t13 t13 t13',1.0,10.0,0.19662,50.0,'english','experiment',15,11,12,NULL);
INSERT INTO "gists_sentence" VALUES(33,'2017-01-07 17:58:37.192627','t14 t14 t14 t14 t14 t14 t14 t14 t14 t14',1.0,3.0,6.05533333333333367853e-01,15.0,'english','experiment',5,6,5,NULL);
INSERT INTO "gists_sentence" VALUES(34,'2017-01-07 17:58:38.235169','t8 t8 t8 t8 t8 t8 t8 t8 t8 t8',1.0,3.0,3.89333333333333309056e-01,15.0,'english','experiment',5,3,5,NULL);
INSERT INTO "gists_sentence" VALUES(35,'2017-01-07 17:58:38.356258','t0 t0 t0 t0 t0 t0 t0 t0 t0 t0',1.0,10.0,0.13682,50.0,'english','experiment',15,16,12,NULL);
INSERT INTO "gists_sentence" VALUES(36,'2017-01-07 17:58:43.440554','t11 t11 t11 t11 t11 t11 t11 t11 t11 t11',1.0,3.0,4.29533333333333322556e-01,15.0,'english','experiment',5,9,5,NULL);
INSERT INTO "gists_sentence" VALUES(37,'2017-01-07 17:58:43.841323','t9 t9 t9 t9 t9 t9 t9 t9 t9 t9',1.0,3.0,0.33,15.0,'english','experiment',8,5,8,NULL);
INSERT INTO "gists_sentence" VALUES(38,'2017-01-07 17:58:48.521721','t2 t2 t2 t2 t2 t2 t2 t2 t2 t2',1.0,3.0,0.417,15.0,'english','experiment',10,12,10,NULL);
INSERT INTO "gists_sentence" VALUES(39,'2017-01-07 17:58:50.708431','t4 t4 t4 t4 t4 t4 t4 t4 t4 t4',1.0,10.0,0.15354,50.0,'english','experiment',17,13,9,NULL);
INSERT INTO "gists_sentence" VALUES(40,'2017-01-07 17:58:50.821098','t6 t6 t6 t6 t6 t6 t6 t6 t6 t6',1.0,3.0,4.62866666666666648488e-01,15.0,'english','experiment',10,2,10,NULL);
INSERT INTO "gists_sentence" VALUES(41,'2017-01-07 17:58:53.539594','t8 t8 t8 t8 t8 t8 t8 t8 t8 t8',1.0,3.0,5.49666666666666636764e-01,15.0,'english','experiment',8,3,8,NULL);
INSERT INTO "gists_sentence" VALUES(42,'2017-01-07 17:58:54.340743','t13 t13 t13 t13 t13 t13 t13 t13 t13 t13',1.0,3.0,0.6908,15.0,'english','experiment',8,11,8,NULL);
INSERT INTO "gists_sentence" VALUES(43,'2017-01-07 17:58:56.688229','t1 t1 t1 t1 t1 t1 t1 t1 t1 t1',1.0,10.0,0.17464,50.0,'english','experiment',20,15,6,NULL);
INSERT INTO "gists_sentence" VALUES(44,'2017-01-07 17:58:57.307027','t7 t7 t7 t7 t7 t7 t7 t7 t7 t7',1.0,10.0,0.18156,50.0,'english','experiment',23,14,7,NULL);
INSERT INTO "gists_sentence" VALUES(45,'2017-01-07 17:58:57.370555','t12 t12 t12 t12 t12 t12 t12 t12 t12 t12',1.0,10.0,0.21916,50.0,'english','experiment',16,7,3,NULL);
INSERT INTO "gists_sentence" VALUES(46,'2017-01-07 17:58:57.453825','t3 t3 t3 t3 t3 t3 t3 t3 t3 t3',1.0,10.0,0.17762,50.0,'english','experiment',23,8,7,NULL);
INSERT INTO "gists_sentence" VALUES(47,'2017-01-07 17:58:59.781015','t5 t5 t5 t5 t5 t5 t5 t5 t5 t5',1.0,10.0,0.18028,50.0,'english','experiment',20,4,6,NULL);
INSERT INTO "gists_sentence" VALUES(48,'2017-01-07 17:58:59.839803','t0 t0 t0 t0 t0 t0 t0 t0 t0 t0',1.0,10.0,0.16568,50.0,'english','experiment',20,16,6,NULL);
INSERT INTO "gists_sentence" VALUES(49,'2017-01-07 17:58:59.905572','t9 t9 t9 t9 t9 t9 t9 t9 t9 t9',1.0,3.0,5.89933333333333309589e-01,15.0,'english','experiment',10,5,10,NULL);
INSERT INTO "gists_sentence" VALUES(50,'2017-01-07 17:59:00.640502','t10 t10 t10 t10 t10 t10 t10 t10 t10 t10',1.0,10.0,0.18982,50.0,'english','experiment',20,10,6,NULL);
INSERT INTO "gists_sentence" VALUES(51,'2017-01-07 17:59:00.689873','t14 t14 t14 t14 t14 t14 t14 t14 t14 t14',1.0,10.0,0.19252,50.0,'english','experiment',20,6,6,NULL);
INSERT INTO "gists_sentence" VALUES(52,'2017-01-07 17:59:00.916719','t11 t11 t11 t11 t11 t11 t11 t11 t11 t11',1.0,3.0,6.96666666666666656304e-01,15.0,'english','experiment',7,9,7,NULL);
INSERT INTO "gists_sentence" VALUES(53,'2017-01-07 17:59:04.075045','t6 t6 t6 t6 t6 t6 t6 t6 t6 t6',1.0,3.0,3.14333333333333353465e-01,15.0,'english','experiment',7,2,7,NULL);
INSERT INTO "gists_sentence" VALUES(54,'2017-01-07 17:59:08.218354','t2 t2 t2 t2 t2 t2 t2 t2 t2 t2',1.0,10.0,0.08632,50.0,'english','experiment',16,12,3,NULL);
INSERT INTO "gists_sentence" VALUES(55,'2017-01-07 17:59:10.437467','t4 t4 t4 t4 t4 t4 t4 t4 t4 t4',1.0,10.0,0.09002,50.0,'english','experiment',16,13,3,NULL);
INSERT INTO "gists_sentence" VALUES(56,'2017-01-07 17:59:13.036678','t8 t8 t8 t8 t8 t8 t8 t8 t8 t8',1.0,10.0,0.1037,50.0,'english','experiment',24,3,11,NULL);
INSERT INTO "gists_sentence" VALUES(57,'2017-01-07 17:59:18.553177','t13 t13 t13 t13 t13 t13 t13 t13 t13 t13',1.0,10.0,0.18344,50.0,'english','experiment',21,11,7,NULL);
INSERT INTO "gists_sentence" VALUES(58,'2017-01-07 17:59:19.988735','t7 t7 t7 t7 t7 t7 t7 t7 t7 t7',1.0,10.0,0.15334,50.0,'english','experiment',30,14,3,NULL);
INSERT INTO "gists_sentence" VALUES(59,'2017-01-07 17:59:21.318210','t1 t1 t1 t1 t1 t1 t1 t1 t1 t1',1.0,10.0,0.16682,50.0,'english','experiment',45,15,3,NULL);
INSERT INTO "gists_sentence" VALUES(60,'2017-01-07 17:59:22.137071','t3 t3 t3 t3 t3 t3 t3 t3 t3 t3',1.0,10.0,0.18066,50.0,'english','experiment',30,8,3,NULL);
INSERT INTO "gists_sentence" VALUES(61,'2017-01-07 17:59:22.902469','t5 t5 t5 t5 t5 t5 t5 t5 t5 t5',1.0,10.0,0.17,50.0,'english','experiment',36,4,5,NULL);
INSERT INTO "gists_sentence" VALUES(62,'2017-01-07 17:59:23.573922','t9 t9 t9 t9 t9 t9 t9 t9 t9 t9',1.0,10.0,0.18346,50.0,'english','experiment',24,5,11,NULL);
INSERT INTO "gists_sentence" VALUES(63,'2017-01-07 17:59:23.653163','t0 t0 t0 t0 t0 t0 t0 t0 t0 t0',1.0,10.0,0.18222,50.0,'english','experiment',36,16,5,NULL);
INSERT INTO "gists_sentence" VALUES(64,'2017-01-07 17:59:23.852365','t12 t12 t12 t12 t12 t12 t12 t12 t12 t12',1.0,10.0,0.2128,50.0,'english','experiment',36,7,5,NULL);
INSERT INTO "gists_sentence" VALUES(65,'2017-01-07 17:59:25.220408','t14 t14 t14 t14 t14 t14 t14 t14 t14 t14',1.0,10.0,0.1978,50.0,'english','experiment',31,6,4,NULL);
INSERT INTO "gists_sentence" VALUES(66,'2017-01-07 17:59:25.239722','t10 t10 t10 t10 t10 t10 t10 t10 t10 t10',1.0,10.0,0.21076,50.0,'english','experiment',42,10,8,NULL);
INSERT INTO "gists_sentence" VALUES(67,'2017-01-07 17:59:25.289909','t6 t6 t6 t6 t6 t6 t6 t6 t6 t6',1.0,10.0,0.14364,50.0,'english','experiment',45,2,3,NULL);
INSERT INTO "gists_sentence" VALUES(68,'2017-01-07 17:59:25.448811','t11 t11 t11 t11 t11 t11 t11 t11 t11 t11',1.0,10.0,0.21208,50.0,'english','experiment',42,9,8,NULL);
INSERT INTO "gists_sentence" VALUES(69,'2017-01-07 17:59:27.284202','t2 t2 t2 t2 t2 t2 t2 t2 t2 t2',1.0,10.0,0.10542,50.0,'english','experiment',42,12,8,NULL);
INSERT INTO "gists_sentence" VALUES(70,'2017-01-07 17:59:29.023524','t4 t4 t4 t4 t4 t4 t4 t4 t4 t4',1.0,10.0,0.09834,50.0,'english','experiment',31,13,4,NULL);
INSERT INTO "gists_sentence" VALUES(71,'2017-01-07 17:59:31.838372','t8 t8 t8 t8 t8 t8 t8 t8 t8 t8',1.0,10.0,0.08894,50.0,'english','experiment',49,3,10,NULL);
INSERT INTO "gists_sentence" VALUES(72,'2017-01-07 17:59:36.704316','t0 t0 t0 t0 t0 t0 t0 t0 t0 t0',1.0,3.0,3.38666666666666671403e-01,15.0,'english','experiment',3,16,3,NULL);
INSERT INTO "gists_sentence" VALUES(73,'2017-01-07 17:59:38.804380','t12 t12 t12 t12 t12 t12 t12 t12 t12 t12',1.0,3.0,0.4532,15.0,'english','experiment',9,7,9,NULL);
INSERT INTO "gists_sentence" VALUES(74,'2017-01-07 17:59:43.415712','t13 t13 t13 t13 t13 t13 t13 t13 t13 t13',1.0,10.0,0.1853,50.0,'english','experiment',54,11,3,NULL);
INSERT INTO "gists_sentence" VALUES(75,'2017-01-07 17:59:44.116032','t7 t7 t7 t7 t7 t7 t7 t7 t7 t7',1.0,10.0,0.1537,50.0,'english','experiment',56,14,11,NULL);
INSERT INTO "gists_sentence" VALUES(76,'2017-01-07 17:59:45.361976','t1 t1 t1 t1 t1 t1 t1 t1 t1 t1',1.0,10.0,0.15536,50.0,'english','experiment',37,15,8,NULL);
INSERT INTO "gists_sentence" VALUES(77,'2017-01-07 17:59:46.934032','t5 t5 t5 t5 t5 t5 t5 t5 t5 t5',1.0,10.0,0.1693,50.0,'english','experiment',60,4,3,NULL);
INSERT INTO "gists_sentence" VALUES(78,'2017-01-07 17:59:47.050301','t3 t3 t3 t3 t3 t3 t3 t3 t3 t3',1.0,10.0,0.1822,50.0,'english','experiment',38,8,10,NULL);
INSERT INTO "gists_sentence" VALUES(79,'2017-01-07 17:59:47.817490','t9 t9 t9 t9 t9 t9 t9 t9 t9 t9',1.0,10.0,0.17392,50.0,'english','experiment',63,5,5,NULL);
INSERT INTO "gists_sentence" VALUES(80,'2017-01-07 17:59:47.921561','t6 t6 t6 t6 t6 t6 t6 t6 t6 t6',1.0,10.0,0.16672,50.0,'english','experiment',56,2,11,NULL);
INSERT INTO "gists_sentence" VALUES(81,'2017-01-07 17:59:49.355699','t2 t2 t2 t2 t2 t2 t2 t2 t2 t2',1.0,10.0,0.16654,50.0,'english','experiment',43,12,6,NULL);
INSERT INTO "gists_sentence" VALUES(82,'2017-01-07 17:59:50.096699','t14 t14 t14 t14 t14 t14 t14 t14 t14 t14',1.0,10.0,0.21306,50.0,'english','experiment',29,6,9,NULL);
INSERT INTO "gists_sentence" VALUES(83,'2017-01-07 17:59:50.198699','t10 t10 t10 t10 t10 t10 t10 t10 t10 t10',1.0,10.0,0.21534,50.0,'english','experiment',29,10,9,NULL);
INSERT INTO "gists_sentence" VALUES(84,'2017-01-07 17:59:50.686240','t11 t11 t11 t11 t11 t11 t11 t11 t11 t11',1.0,10.0,0.21918,50.0,'english','experiment',28,9,9,NULL);
INSERT INTO "gists_sentence" VALUES(85,'2017-01-07 17:59:50.710512','t4 t4 t4 t4 t4 t4 t4 t4 t4 t4',1.0,10.0,0.16236,50.0,'english','experiment',41,13,8,NULL);
INSERT INTO "gists_sentence" VALUES(86,'2017-01-07 17:59:51.915415','t8 t8 t8 t8 t8 t8 t8 t8 t8 t8',1.0,10.0,0.12478,50.0,'english','experiment',25,3,4,NULL);
INSERT INTO "gists_sentence" VALUES(87,'2017-01-07 17:59:56.064889','t0 t0 t0 t0 t0 t0 t0 t0 t0 t0',1.0,10.0,0.08828,50.0,'english','experiment',29,16,9,NULL);
INSERT INTO "gists_sentence" VALUES(88,'2017-01-07 17:59:58.637518','t12 t12 t12 t12 t12 t12 t12 t12 t12 t12',1.0,10.0,0.11798,50.0,'english','experiment',65,7,4,NULL);
INSERT INTO "gists_sentence" VALUES(89,'2017-01-07 17:59:59.700926','t3 t3 t3 t3 t3 t3 t3 t3 t3 t3',1.0,3.0,3.09733333333333360481e-01,15.0,'english','experiment',11,8,11,NULL);
INSERT INTO "gists_sentence" VALUES(90,'2017-01-07 18:00:03.069871','t7 t7 t7 t7 t7 t7 t7 t7 t7 t7',1.0,10.0,0.10498,50.0,'english','experiment',38,14,10,NULL);
INSERT INTO "gists_sentence" VALUES(91,'2017-01-07 18:00:05.999478','t13 t13 t13 t13 t13 t13 t13 t13 t13 t13',1.0,10.0,0.1687,50.0,'english','experiment',34,11,5,NULL);
INSERT INTO "gists_sentence" VALUES(92,'2017-01-07 18:00:06.535944','t1 t1 t1 t1 t1 t1 t1 t1 t1 t1',1.0,10.0,0.12526,50.0,'english','experiment',61,15,5,NULL);
INSERT INTO "gists_sentence" VALUES(93,'2017-01-07 18:00:09.200302','t5 t5 t5 t5 t5 t5 t5 t5 t5 t5',1.0,10.0,0.15054,50.0,'english','experiment',68,4,8,NULL);
INSERT INTO "gists_sentence" VALUES(94,'2017-01-07 18:00:09.734380','t6 t6 t6 t6 t6 t6 t6 t6 t6 t6',1.0,10.0,0.14638,50.0,'english','experiment',33,2,5,NULL);
INSERT INTO "gists_sentence" VALUES(95,'2017-01-07 18:00:10.133870','t9 t9 t9 t9 t9 t9 t9 t9 t9 t9',1.0,10.0,0.15464,50.0,'english','experiment',50,5,6,NULL);
INSERT INTO "gists_sentence" VALUES(96,'2017-01-07 18:00:11.044581','t2 t2 t2 t2 t2 t2 t2 t2 t2 t2',1.0,10.0,0.15624,50.0,'english','experiment',25,12,4,NULL);
INSERT INTO "gists_sentence" VALUES(97,'2017-01-07 18:00:13.134286','t4 t4 t4 t4 t4 t4 t4 t4 t4 t4',1.0,10.0,0.17438,50.0,'english','experiment',78,13,10,NULL);
INSERT INTO "gists_sentence" VALUES(98,'2017-01-07 18:00:13.747828','t14 t14 t14 t14 t14 t14 t14 t14 t14 t14',1.0,10.0,0.20466,50.0,'english','experiment',69,6,8,NULL);
INSERT INTO "gists_sentence" VALUES(99,'2017-01-07 18:00:13.835202','t8 t8 t8 t8 t8 t8 t8 t8 t8 t8',1.0,10.0,0.1671,50.0,'english','experiment',84,3,9,NULL);
INSERT INTO "gists_sentence" VALUES(100,'2017-01-07 18:00:14.416392','t10 t10 t10 t10 t10 t10 t10 t10 t10 t10',1.0,10.0,0.21682,50.0,'english','experiment',78,10,10,NULL);
INSERT INTO "gists_sentence" VALUES(101,'2017-01-07 18:00:14.569713','t11 t11 t11 t11 t11 t11 t11 t11 t11 t11',1.0,10.0,0.21166,50.0,'english','experiment',67,9,3,NULL);
INSERT INTO "gists_sentence" VALUES(102,'2017-01-07 18:00:16.633803','t0 t0 t0 t0 t0 t0 t0 t0 t0 t0',1.0,10.0,0.14012,50.0,'english','experiment',68,16,8,NULL);
INSERT INTO "gists_sentence" VALUES(103,'2017-01-07 18:00:19.063527','t3 t3 t3 t3 t3 t3 t3 t3 t3 t3',1.0,10.0,0.11544,50.0,'english','experiment',33,8,5,NULL);
INSERT INTO "gists_sentence" VALUES(104,'2017-01-07 18:00:19.554754','t12 t12 t12 t12 t12 t12 t12 t12 t12 t12',1.0,10.0,0.14612,50.0,'english','experiment',68,7,8,NULL);
INSERT INTO "gists_sentence" VALUES(105,'2017-01-07 18:00:22.448785','t7 t7 t7 t7 t7 t7 t7 t7 t7 t7',1.0,10.0,0.1026,50.0,'english','experiment',33,14,5,NULL);
INSERT INTO "gists_sentence" VALUES(106,'2017-01-07 18:00:23.201848','t2 t2 t2 t2 t2 t2 t2 t2 t2 t2',1.0,3.0,3.54533333333333311454e-01,15.0,'english','experiment',11,12,11,NULL);
INSERT INTO "gists_sentence" VALUES(107,'2017-01-07 18:00:26.786777','t1 t1 t1 t1 t1 t1 t1 t1 t1 t1',1.0,10.0,0.11568,50.0,'english','experiment',84,15,9,NULL);
INSERT INTO "gists_sentence" VALUES(108,'2017-01-07 18:00:28.304895','t13 t13 t13 t13 t13 t13 t13 t13 t13 t13',1.0,10.0,0.1508,50.0,'english','experiment',81,11,6,NULL);
INSERT INTO "gists_sentence" VALUES(109,'2017-01-07 18:00:30.453895','t5 t5 t5 t5 t5 t5 t5 t5 t5 t5',1.0,10.0,0.13616,50.0,'english','experiment',78,4,10,NULL);
INSERT INTO "gists_sentence" VALUES(110,'2017-01-07 18:00:30.651768','t6 t6 t6 t6 t6 t6 t6 t6 t6 t6',1.0,10.0,0.13196,50.0,'english','experiment',81,2,6,NULL);
INSERT INTO "gists_sentence" VALUES(111,'2017-01-07 18:00:31.130492','t9 t9 t9 t9 t9 t9 t9 t9 t9 t9',1.0,10.0,0.13756,50.0,'english','experiment',86,5,4,NULL);
INSERT INTO "gists_sentence" VALUES(112,'2017-01-07 18:00:34.946729','t4 t4 t4 t4 t4 t4 t4 t4 t4 t4',1.0,10.0,0.14646,50.0,'english','experiment',81,13,6,NULL);
INSERT INTO "gists_sentence" VALUES(113,'2017-01-07 18:00:36.738524','t8 t8 t8 t8 t8 t8 t8 t8 t8 t8',1.0,10.0,0.16282,50.0,'english','experiment',57,3,7,NULL);
INSERT INTO "gists_sentence" VALUES(114,'2017-01-07 18:00:37.901594','t14 t14 t14 t14 t14 t14 t14 t14 t14 t14',1.0,10.0,0.20408,50.0,'english','experiment',77,6,3,NULL);
INSERT INTO "gists_sentence" VALUES(115,'2017-01-07 18:00:38.584520','t0 t0 t0 t0 t0 t0 t0 t0 t0 t0',1.0,10.0,0.15942,50.0,'english','experiment',71,16,10,NULL);
INSERT INTO "gists_sentence" VALUES(116,'2017-01-07 18:00:38.636086','t11 t11 t11 t11 t11 t11 t11 t11 t11 t11',1.0,10.0,0.19798,50.0,'english','experiment',89,9,11,NULL);
INSERT INTO "gists_sentence" VALUES(117,'2017-01-07 18:00:38.696302','t10 t10 t10 t10 t10 t10 t10 t10 t10 t10',1.0,10.0,0.2,50.0,'english','experiment',80,10,11,NULL);
INSERT INTO "gists_sentence" VALUES(118,'2017-01-07 18:00:40.380500','t3 t3 t3 t3 t3 t3 t3 t3 t3 t3',1.0,10.0,0.15168,50.0,'english','experiment',88,8,4,NULL);
INSERT INTO "gists_sentence" VALUES(119,'2017-01-07 18:00:41.483861','t12 t12 t12 t12 t12 t12 t12 t12 t12 t12',1.0,10.0,0.16496,50.0,'english','experiment',71,7,10,NULL);
INSERT INTO "gists_sentence" VALUES(120,'2017-01-07 18:00:42.231951','t7 t7 t7 t7 t7 t7 t7 t7 t7 t7',1.0,10.0,0.1211,50.0,'english','experiment',39,14,9,NULL);
INSERT INTO "gists_sentence" VALUES(121,'2017-01-07 18:00:42.581124','t2 t2 t2 t2 t2 t2 t2 t2 t2 t2',1.0,10.0,0.11368,50.0,'english','experiment',103,12,5,NULL);
INSERT INTO "gists_sentence" VALUES(122,'2017-01-07 18:00:46.568860','t1 t1 t1 t1 t1 t1 t1 t1 t1 t1',1.0,10.0,0.10002,50.0,'english','experiment',80,15,11,NULL);
INSERT INTO "gists_sentence" VALUES(123,'2017-01-07 18:00:50.462966','t5 t5 t5 t5 t5 t5 t5 t5 t5 t5',1.0,10.0,0.11354,50.0,'english','experiment',106,4,11,NULL);
INSERT INTO "gists_sentence" VALUES(124,'2017-01-07 18:00:50.868988','t13 t13 t13 t13 t13 t13 t13 t13 t13 t13',1.0,10.0,0.14808,50.0,'english','experiment',73,11,9,NULL);
INSERT INTO "gists_sentence" VALUES(125,'2017-01-07 18:00:50.918548','t6 t6 t6 t6 t6 t6 t6 t6 t6 t6',1.0,10.0,0.11226,50.0,'english','experiment',85,2,8,NULL);
INSERT INTO "gists_sentence" VALUES(126,'2017-01-07 18:00:50.962136','t9 t9 t9 t9 t9 t9 t9 t9 t9 t9',1.0,10.0,0.11144,50.0,'english','experiment',107,5,9,NULL);
INSERT INTO "gists_sentence" VALUES(127,'2017-01-07 18:00:55.770539','t4 t4 t4 t4 t4 t4 t4 t4 t4 t4',1.0,10.0,0.12964,50.0,'english','experiment',80,13,11,NULL);
INSERT INTO "gists_sentence" VALUES(128,'2017-01-07 18:00:58.349260','t8 t8 t8 t8 t8 t8 t8 t8 t8 t8',1.0,10.0,0.13272,50.0,'english','experiment',35,3,12,NULL);
INSERT INTO "gists_sentence" VALUES(129,'2017-01-07 18:00:59.580595','t0 t0 t0 t0 t0 t0 t0 t0 t0 t0',1.0,10.0,0.14064,50.0,'english','experiment',26,16,4,NULL);
INSERT INTO "gists_sentence" VALUES(130,'2017-01-07 18:01:00.798802','t3 t3 t3 t3 t3 t3 t3 t3 t3 t3',1.0,10.0,0.1384,50.0,'english','experiment',108,8,6,NULL);
INSERT INTO "gists_sentence" VALUES(131,'2017-01-07 18:01:01.594640','t14 t14 t14 t14 t14 t14 t14 t14 t14 t14',1.0,10.0,0.18326,50.0,'english','experiment',100,6,10,NULL);
INSERT INTO "gists_sentence" VALUES(132,'2017-01-07 18:01:02.097740','t11 t11 t11 t11 t11 t11 t11 t11 t11 t11',1.0,10.0,0.18376,50.0,'english','experiment',108,9,6,NULL);
INSERT INTO "gists_sentence" VALUES(133,'2017-01-07 18:01:02.515061','t10 t10 t10 t10 t10 t10 t10 t10 t10 t10',1.0,10.0,0.18862,50.0,'english','experiment',103,10,5,NULL);
INSERT INTO "gists_sentence" VALUES(134,'2017-01-07 18:01:02.874659','t7 t7 t7 t7 t7 t7 t7 t7 t7 t7',1.0,10.0,0.13888,50.0,'english','experiment',85,14,8,NULL);
INSERT INTO "gists_sentence" VALUES(135,'2017-01-07 18:01:03.024479','t2 t2 t2 t2 t2 t2 t2 t2 t2 t2',1.0,10.0,0.13104,50.0,'english','experiment',46,12,7,NULL);
INSERT INTO "gists_sentence" VALUES(136,'2017-01-07 18:01:04.083365','t12 t12 t12 t12 t12 t12 t12 t12 t12 t12',1.0,10.0,0.18036,50.0,'english','experiment',110,7,6,NULL);
INSERT INTO "gists_sentence" VALUES(137,'2017-01-07 18:01:05.479462','t1 t1 t1 t1 t1 t1 t1 t1 t1 t1',1.0,10.0,0.10442,50.0,'english','experiment',100,15,10,NULL);
INSERT INTO "gists_sentence" VALUES(138,'2017-01-07 18:01:08.720044','t5 t5 t5 t5 t5 t5 t5 t5 t5 t5',1.0,10.0,0.08744,50.0,'english','experiment',26,4,4,NULL);
INSERT INTO "gists_sentence" VALUES(139,'2017-01-07 18:01:08.923878','t9 t9 t9 t9 t9 t9 t9 t9 t9 t9',1.0,10.0,0.08574,50.0,'english','experiment',35,5,12,NULL);
INSERT INTO "gists_sentence" VALUES(140,'2017-01-07 18:01:10.228444','t13 t13 t13 t13 t13 t13 t13 t13 t13 t13',1.0,10.0,0.11578,50.0,'english','experiment',123,11,11,NULL);
INSERT INTO "gists_sentence" VALUES(141,'2017-01-07 18:01:13.431168','t7 t7 t7 t7 t7 t7 t7 t7 t7 t7',1.0,3.0,2.72466666666666690321e-01,15.0,'english','experiment',6,14,6,NULL);
INSERT INTO "gists_sentence" VALUES(142,'2017-01-07 18:01:14.001538','t4 t4 t4 t4 t4 t4 t4 t4 t4 t4',1.0,10.0,0.08104,50.0,'english','experiment',91,13,5,NULL);
INSERT INTO "gists_sentence" VALUES(143,'2017-01-07 18:01:19.030398','t0 t0 t0 t0 t0 t0 t0 t0 t0 t0',1.0,10.0,0.09726,50.0,'english','experiment',116,16,11,NULL);
INSERT INTO "gists_sentence" VALUES(144,'2017-01-07 18:01:19.882421','t3 t3 t3 t3 t3 t3 t3 t3 t3 t3',1.0,10.0,0.0994,50.0,'english','experiment',125,8,8,NULL);
INSERT INTO "gists_sentence" VALUES(145,'2017-01-07 18:01:21.980098','t2 t2 t2 t2 t2 t2 t2 t2 t2 t2',1.0,10.0,0.10994,50.0,'english','experiment',128,12,12,NULL);
INSERT INTO "gists_sentence" VALUES(146,'2017-01-07 18:01:22.579508','t14 t14 t14 t14 t14 t14 t14 t14 t14 t14',1.0,10.0,0.14094,50.0,'english','experiment',117,6,11,NULL);
INSERT INTO "gists_sentence" VALUES(147,'2017-01-07 18:01:22.818812','t11 t11 t11 t11 t11 t11 t11 t11 t11 t11',1.0,10.0,0.142,50.0,'english','experiment',129,9,4,NULL);
INSERT INTO "gists_sentence" VALUES(148,'2017-01-07 18:01:22.984118','t10 t10 t10 t10 t10 t10 t10 t10 t10 t10',1.0,10.0,0.14502,50.0,'english','experiment',129,10,4,NULL);
INSERT INTO "gists_sentence" VALUES(149,'2017-01-07 18:01:24.177888','t1 t1 t1 t1 t1 t1 t1 t1 t1 t1',1.0,10.0,0.10314,50.0,'english','experiment',128,15,12,NULL);
INSERT INTO "gists_sentence" VALUES(150,'2017-01-07 18:01:24.466960','t12 t12 t12 t12 t12 t12 t12 t12 t12 t12',1.0,10.0,0.1365,50.0,'english','experiment',19,7,12,NULL);
INSERT INTO "gists_sentence" VALUES(151,'2017-01-07 18:01:26.393368','t5 t5 t5 t5 t5 t5 t5 t5 t5 t5',1.0,10.0,0.08438,50.0,'english','experiment',113,4,7,NULL);
INSERT INTO "gists_sentence" VALUES(152,'2017-01-07 18:01:28.658412','t13 t13 t13 t13 t13 t13 t13 t13 t13 t13',1.0,10.0,0.1017,50.0,'english','experiment',111,11,4,NULL);
INSERT INTO "gists_sentence" VALUES(153,'2017-01-07 18:01:30.459415','t7 t7 t7 t7 t7 t7 t7 t7 t7 t7',1.0,10.0,0.07394,50.0,'english','experiment',18,14,12,NULL);
INSERT INTO "gists_sentence" VALUES(154,'2017-01-07 18:01:31.135979','t4 t4 t4 t4 t4 t4 t4 t4 t4 t4',1.0,10.0,0.07476,50.0,'english','experiment',18,13,12,NULL);
INSERT INTO "gists_sentence" VALUES(155,'2017-01-07 18:01:36.280863','t0 t0 t0 t0 t0 t0 t0 t0 t0 t0',1.0,10.0,0.07242,50.0,'english','experiment',52,16,7,NULL);
INSERT INTO "gists_sentence" VALUES(156,'2017-01-07 18:01:40.881084','t14 t14 t14 t14 t14 t14 t14 t14 t14 t14',1.0,10.0,0.099,50.0,'english','experiment',113,6,7,NULL);
INSERT INTO "gists_sentence" VALUES(157,'2017-01-07 18:01:41.004117','t1 t1 t1 t1 t1 t1 t1 t1 t1 t1',1.0,10.0,0.07494,50.0,'english','experiment',52,15,7,NULL);
INSERT INTO "gists_sentence" VALUES(158,'2017-01-07 18:01:41.303532','t11 t11 t11 t11 t11 t11 t11 t11 t11 t11',1.0,10.0,0.09812,50.0,'english','experiment',40,9,10,NULL);
INSERT INTO "gists_sentence" VALUES(159,'2017-01-07 18:01:41.464320','t10 t10 t10 t10 t10 t10 t10 t10 t10 t10',1.0,10.0,0.09876,50.0,'english','experiment',18,10,12,NULL);
INSERT INTO "gists_sentence" VALUES(160,'2017-01-07 18:01:42.602326','t12 t12 t12 t12 t12 t12 t12 t12 t12 t12',1.0,10.0,0.09706,50.0,'english','experiment',52,7,7,NULL);
INSERT INTO "gists_sentence" VALUES(161,'2017-01-07 18:01:46.533939','t13 t13 t13 t13 t13 t13 t13 t13 t13 t13',1.0,10.0,0.09276,50.0,'english','experiment',137,11,10,NULL);
INSERT INTO "gists_sentence" VALUES(162,'2017-01-07 18:01:59.272574','t10 t10 t10 t10 t10 t10 t10 t10 t10 t10',1.0,10.0,0.09184,50.0,'english','experiment',135,10,7,NULL);
CREATE TABLE "gists_tree" ("id" integer NOT NULL PRIMARY KEY AUTOINCREMENT, "created" datetime NOT NULL);
INSERT INTO "gists_tree" VALUES(1,'2017-01-07 17:56:43.811872');
INSERT INTO "gists_tree" VALUES(2,'2017-01-07 17:56:43.812539');
INSERT INTO "gists_tree" VALUES(3,'2017-01-07 17:56:43.813153');
INSERT INTO "gists_tree" VALUES(4,'2017-01-07 17:56:43.813776');
INSERT INTO "gists_tree" VALUES(5,'2017-01-07 17:56:43.814382');
INSERT INTO "gists_tree" VALUES(6,'2017-01-07 17:56:43.814997');
INSERT INTO "gists_tree" VALUES(7,'2017-01-07 17:56:43.815603');
INSERT INTO "gists_tree" VALUES(8,'2017-01-07 17:56:43.816209');
INSERT INTO "gists_tree" VALUES(9,'2017-01-07 17:56:43.816813');
INSERT INTO "gists_tree" VALUES(10,'2017-01-07 17:56:43.817417');
INSERT INTO "gists_tree" VALUES(11,'2017-01-07 17:56:43.818018');
INSERT INTO "gists_tree" VALUES(12,'2017-01-07 17:56:43.818629');
CREATE TABLE "gists_wordspan" ("id" integer NOT NULL PRIMARY KEY AUTOINCREMENT, "created" datetime NOT NULL, "span" smallint unsigned NOT NULL, "score" smallint unsigned NOT NULL, "profile_id" integer NOT NULL UNIQUE REFERENCES "gists_profile" ("id"));
CREATE TABLE "socialaccount_socialaccount" ("id" integer NOT NULL PRIMARY KEY AUTOINCREMENT, "provider" varchar(30) NOT NULL, "last_login" datetime NOT NULL, "date_joined" datetime NOT NULL, "extra_data" text NOT NULL, "user_id" integer NOT NULL REFERENCES "auth_user" ("id"), "uid" varchar(191) NOT NULL);
CREATE TABLE "socialaccount_socialapp" ("id" integer NOT NULL PRIMARY KEY AUTOINCREMENT, "provider" varchar(30) NOT NULL, "name" varchar(40) NOT NULL, "client_id" varchar(191) NOT NULL, "key" varchar(191) NOT NULL, "secret" varchar(191) NOT NULL);
CREATE TABLE "socialaccount_socialapp_sites" ("id" integer NOT NULL PRIMARY KEY AUTOINCREMENT, "socialapp_id" integer NOT NULL REFERENCES "socialaccount_socialapp" ("id"), "site_id" integer NOT NULL REFERENCES "django_site" ("id"));
CREATE TABLE "socialaccount_socialtoken" ("id" integer NOT NULL PRIMARY KEY AUTOINCREMENT, "token" text NOT NULL, "token_secret" text NOT NULL, "expires_at" datetime NULL, "account_id" integer NOT NULL REFERENCES "socialaccount_socialaccount" ("id"), "app_id" integer NOT NULL REFERENCES "socialaccount_socialapp" ("id"));
DELETE FROM "sqlite_sequence";
INSERT INTO "sqlite_sequence" VALUES('django_migrations',21);
INSERT INTO "sqlite_sequence" VALUES('account_emailaddress',15);
INSERT INTO "sqlite_sequence" VALUES('django_admin_log',0);
INSERT INTO "sqlite_sequence" VALUES('django_content_type',21);
INSERT INTO "sqlite_sequence" VALUES('auth_permission',63);
INSERT INTO "sqlite_sequence" VALUES('auth_user',16);
INSERT INTO "sqlite_sequence" VALUES('gists_sentence',162);
INSERT INTO "sqlite_sequence" VALUES('gists_comment',0);
INSERT INTO "sqlite_sequence" VALUES('django_site',1);
INSERT INTO "sqlite_sequence" VALUES('socialaccount_socialtoken',0);
INSERT INTO "sqlite_sequence" VALUES('socialaccount_socialaccount',0);
INSERT INTO "sqlite_sequence" VALUES('socialaccount_socialapp',0);
INSERT INTO "sqlite_sequence" VALUES('gists_gistsconfiguration',1);
INSERT INTO "sqlite_sequence" VALUES('gists_profile',16);
INSERT INTO "sqlite_sequence" VALUES('gists_tree',12);
INSERT INTO "sqlite_sequence" VALUES('account_emailconfirmation',15);
INSERT INTO "sqlite_sequence" VALUES('gists_questionnaire',15);
CREATE UNIQUE INDEX "auth_group_permissions_group_id_0cd325b0_uniq" ON "auth_group_permissions" ("group_id", "permission_id");
CREATE INDEX "auth_group_permissions_0e939a4f" ON "auth_group_permissions" ("group_id");
CREATE INDEX "auth_group_permissions_8373b171" ON "auth_group_permissions" ("permission_id");
CREATE UNIQUE INDEX "auth_user_groups_user_id_94350c0c_uniq" ON "auth_user_groups" ("user_id", "group_id");
CREATE INDEX "auth_user_groups_e8701ad4" ON "auth_user_groups" ("user_id");
CREATE INDEX "auth_user_groups_0e939a4f" ON "auth_user_groups" ("group_id");
CREATE UNIQUE INDEX "auth_user_user_permissions_user_id_14a6b632_uniq" ON "auth_user_user_permissions" ("user_id", "permission_id");
CREATE INDEX "auth_user_user_permissions_e8701ad4" ON "auth_user_user_permissions" ("user_id");
CREATE INDEX "auth_user_user_permissions_8373b171" ON "auth_user_user_permissions" ("permission_id");
CREATE INDEX "account_emailconfirmation_6f1edeac" ON "account_emailconfirmation" ("email_address_id");
CREATE INDEX "account_emailaddress_e8701ad4" ON "account_emailaddress" ("user_id");
CREATE INDEX "django_admin_log_417f1b1c" ON "django_admin_log" ("content_type_id");
CREATE INDEX "django_admin_log_e8701ad4" ON "django_admin_log" ("user_id");
CREATE UNIQUE INDEX "django_content_type_app_label_76bd3d3b_uniq" ON "django_content_type" ("app_label", "model");
CREATE UNIQUE INDEX "auth_permission_content_type_id_01ab375a_uniq" ON "auth_permission" ("content_type_id", "codename");
CREATE INDEX "auth_permission_417f1b1c" ON "auth_permission" ("content_type_id");
CREATE INDEX "gists_sentence_6be37982" ON "gists_sentence" ("parent_id");
CREATE INDEX "gists_sentence_83a0eb3f" ON "gists_sentence" ("profile_id");
CREATE INDEX "gists_sentence_656442a0" ON "gists_sentence" ("tree_id");
CREATE INDEX "gists_comment_83a0eb3f" ON "gists_comment" ("profile_id");
CREATE INDEX "django_session_de54fa62" ON "django_session" ("expire_date");
CREATE UNIQUE INDEX "socialaccount_socialapp_sites_socialapp_id_71a9a768_uniq" ON "socialaccount_socialapp_sites" ("socialapp_id", "site_id");
CREATE INDEX "socialaccount_socialapp_sites_fe95b0a0" ON "socialaccount_socialapp_sites" ("socialapp_id");
CREATE INDEX "socialaccount_socialapp_sites_9365d6e7" ON "socialaccount_socialapp_sites" ("site_id");
CREATE UNIQUE INDEX "socialaccount_socialtoken_app_id_fca4e0ac_uniq" ON "socialaccount_socialtoken" ("app_id", "account_id");
CREATE INDEX "socialaccount_socialtoken_8a089c2a" ON "socialaccount_socialtoken" ("account_id");
CREATE INDEX "socialaccount_socialtoken_f382adfe" ON "socialaccount_socialtoken" ("app_id");
CREATE UNIQUE INDEX "socialaccount_socialaccount_provider_fc810c6e_uniq" ON "socialaccount_socialaccount" ("provider", "uid");
CREATE INDEX "socialaccount_socialaccount_e8701ad4" ON "socialaccount_socialaccount" ("user_id");
COMMIT;
