BEGIN TRANSACTION;
CREATE TABLE "account_emailaddress" ("id" integer NOT NULL PRIMARY KEY AUTOINCREMENT, "verified" bool NOT NULL, "primary" bool NOT NULL, "user_id" integer NOT NULL REFERENCES "auth_user" ("id"), "email" varchar(254) NOT NULL UNIQUE);
INSERT INTO "account_emailaddress" VALUES(1,0,1,2,'t9@browser.test');
INSERT INTO "account_emailaddress" VALUES(2,0,1,3,'t4@browser.test');
INSERT INTO "account_emailaddress" VALUES(3,0,1,4,'t3@browser.test');
INSERT INTO "account_emailaddress" VALUES(4,0,1,5,'t13@browser.test');
INSERT INTO "account_emailaddress" VALUES(5,0,1,6,'t8@browser.test');
INSERT INTO "account_emailaddress" VALUES(6,0,1,7,'t2@browser.test');
INSERT INTO "account_emailaddress" VALUES(7,0,1,8,'t5@browser.test');
INSERT INTO "account_emailaddress" VALUES(8,0,1,9,'t11@browser.test');
INSERT INTO "account_emailaddress" VALUES(9,0,1,10,'t14@browser.test');
INSERT INTO "account_emailaddress" VALUES(10,0,1,11,'t12@browser.test');
INSERT INTO "account_emailaddress" VALUES(11,0,1,12,'t0@browser.test');
INSERT INTO "account_emailaddress" VALUES(12,0,1,13,'t1@browser.test');
INSERT INTO "account_emailaddress" VALUES(13,0,1,14,'t10@browser.test');
INSERT INTO "account_emailaddress" VALUES(14,0,1,15,'t6@browser.test');
INSERT INTO "account_emailaddress" VALUES(15,0,1,16,'t7@browser.test');
CREATE TABLE "account_emailconfirmation" ("id" integer NOT NULL PRIMARY KEY AUTOINCREMENT, "created" datetime NOT NULL, "sent" datetime NULL, "key" varchar(64) NOT NULL UNIQUE, "email_address_id" integer NOT NULL REFERENCES "account_emailaddress" ("id"));
INSERT INTO "account_emailconfirmation" VALUES(1,'2017-01-06 18:45:31.042449','2017-01-06 18:45:31.182409','ncefcjksz5o1uoieoojz672mfjp4lvwsoogs4lcy0q8fit9uimje4df5is8c3t9m',1);
INSERT INTO "account_emailconfirmation" VALUES(2,'2017-01-06 18:45:33.710348','2017-01-06 18:45:33.730266','tve19g5tg2ygdpdae0plp9ayogx0ecyngpoknp1rs1ha92pddobyxitculdb0wrr',2);
INSERT INTO "account_emailconfirmation" VALUES(3,'2017-01-06 18:45:34.517420','2017-01-06 18:45:34.554775','x1ifeqthlma7gqh70qmymrpphm15b2qe1qzswj6k4i0uha6x8waiyffmat3uzysu',3);
INSERT INTO "account_emailconfirmation" VALUES(4,'2017-01-06 18:45:35.302075','2017-01-06 18:45:35.309995','bw9whq3g7grlsbdwxrfuiwchm1p0nbtadrkjdcozkkkdsj6q38uhtsqfmnwgmldg',4);
INSERT INTO "account_emailconfirmation" VALUES(5,'2017-01-06 18:45:36.552062','2017-01-06 18:45:36.583553','jhmjugvojuc3n34jihftkiilmhgim1gbhhtpajlc2ozlgzsh3hnsul5pwwmnhdy2',5);
INSERT INTO "account_emailconfirmation" VALUES(6,'2017-01-06 18:45:38.515861','2017-01-06 18:45:38.610801','w4nks20u9itenlv2pwxwbbedfcpzbu2hdfbbmhhsnl4ycs8jifstczyfd1h5k13i',6);
INSERT INTO "account_emailconfirmation" VALUES(7,'2017-01-06 18:45:41.621420','2017-01-06 18:45:41.657753','yvlen6x1hmeus6biv33ubnetogwpn1ohcg8htbh9gow5ge4eej9ngmeygssjbib1',7);
INSERT INTO "account_emailconfirmation" VALUES(8,'2017-01-06 18:45:44.174237','2017-01-06 18:45:44.206834','gx31lj7cn8xn7ei6uzq7zcpswjienbpl7vqw0r8zftqotwc2wa9vpkd36w4marjd',8);
INSERT INTO "account_emailconfirmation" VALUES(9,'2017-01-06 18:45:44.727842','2017-01-06 18:45:44.753161','rej1clelaleert8soyrwj89cusyhweu20irwbrd7k7bxzeuvw6reba5gim8auii7',9);
INSERT INTO "account_emailconfirmation" VALUES(10,'2017-01-06 18:45:46.126729','2017-01-06 18:45:46.182958','k5pnyawoo3wvqds5bhzmgtgbarauvwvcsatmppkcentxhnbsicdj8j63mgzj5eja',10);
INSERT INTO "account_emailconfirmation" VALUES(11,'2017-01-06 18:45:47.185022','2017-01-06 18:45:47.243028','hm3ray05erile0swmaa8c71pf4tyz5eypa6wibxi8ny65fov4on1rciojsdfuadp',11);
INSERT INTO "account_emailconfirmation" VALUES(12,'2017-01-06 18:45:48.058973','2017-01-06 18:45:48.095698','u5o7ope9t7jhvtssqx6ab24zazdb6hzqs7a3ltfheyoqstbpnqzzesnsteajqqmq',12);
INSERT INTO "account_emailconfirmation" VALUES(13,'2017-01-06 18:45:50.742032','2017-01-06 18:45:50.783125','qmtwiaoiqh1fp5cxhdfhynrmiym2vanazogoteovfjk1p0y40trjhfkaihvudg37',13);
INSERT INTO "account_emailconfirmation" VALUES(14,'2017-01-06 18:45:51.209447','2017-01-06 18:45:51.249131','4zeiiaga0fyfcwbqvyxlkolbhjn2mdpp3m1hyo4nrynm70rioaramdkpkyfntwlh',14);
INSERT INTO "account_emailconfirmation" VALUES(15,'2017-01-06 18:45:51.644465','2017-01-06 18:45:51.692187','ez1y1l2f5j6nq0fr6ud6nnmh9ngrc3nepmb9rqeq5hicfej2hpwxp53olb0jvphv',15);
CREATE TABLE "auth_group" ("id" integer NOT NULL PRIMARY KEY AUTOINCREMENT, "name" varchar(80) NOT NULL UNIQUE);
CREATE TABLE "auth_group_permissions" ("id" integer NOT NULL PRIMARY KEY AUTOINCREMENT, "group_id" integer NOT NULL REFERENCES "auth_group" ("id"), "permission_id" integer NOT NULL REFERENCES "auth_permission" ("id"));
CREATE TABLE "auth_permission" ("id" integer NOT NULL PRIMARY KEY AUTOINCREMENT, "content_type_id" integer NOT NULL REFERENCES "django_content_type" ("id"), "codename" varchar(100) NOT NULL, "name" varchar(255) NOT NULL);
INSERT INTO "auth_permission" VALUES(1,1,'add_logentry','Can add log entry');
INSERT INTO "auth_permission" VALUES(2,1,'change_logentry','Can change log entry');
INSERT INTO "auth_permission" VALUES(3,1,'delete_logentry','Can delete log entry');
INSERT INTO "auth_permission" VALUES(4,2,'add_permission','Can add permission');
INSERT INTO "auth_permission" VALUES(5,2,'change_permission','Can change permission');
INSERT INTO "auth_permission" VALUES(6,2,'delete_permission','Can delete permission');
INSERT INTO "auth_permission" VALUES(7,3,'add_group','Can add group');
INSERT INTO "auth_permission" VALUES(8,3,'change_group','Can change group');
INSERT INTO "auth_permission" VALUES(9,3,'delete_group','Can delete group');
INSERT INTO "auth_permission" VALUES(10,4,'add_user','Can add user');
INSERT INTO "auth_permission" VALUES(11,4,'change_user','Can change user');
INSERT INTO "auth_permission" VALUES(12,4,'delete_user','Can delete user');
INSERT INTO "auth_permission" VALUES(13,5,'add_contenttype','Can add content type');
INSERT INTO "auth_permission" VALUES(14,5,'change_contenttype','Can change content type');
INSERT INTO "auth_permission" VALUES(15,5,'delete_contenttype','Can delete content type');
INSERT INTO "auth_permission" VALUES(16,6,'add_session','Can add session');
INSERT INTO "auth_permission" VALUES(17,6,'change_session','Can change session');
INSERT INTO "auth_permission" VALUES(18,6,'delete_session','Can delete session');
INSERT INTO "auth_permission" VALUES(19,7,'add_site','Can add site');
INSERT INTO "auth_permission" VALUES(20,7,'change_site','Can change site');
INSERT INTO "auth_permission" VALUES(21,7,'delete_site','Can delete site');
INSERT INTO "auth_permission" VALUES(22,8,'add_token','Can add token');
INSERT INTO "auth_permission" VALUES(23,8,'change_token','Can change token');
INSERT INTO "auth_permission" VALUES(24,8,'delete_token','Can delete token');
INSERT INTO "auth_permission" VALUES(25,9,'add_emailaddress','Can add email address');
INSERT INTO "auth_permission" VALUES(26,9,'change_emailaddress','Can change email address');
INSERT INTO "auth_permission" VALUES(27,9,'delete_emailaddress','Can delete email address');
INSERT INTO "auth_permission" VALUES(28,10,'add_emailconfirmation','Can add email confirmation');
INSERT INTO "auth_permission" VALUES(29,10,'change_emailconfirmation','Can change email confirmation');
INSERT INTO "auth_permission" VALUES(30,10,'delete_emailconfirmation','Can delete email confirmation');
INSERT INTO "auth_permission" VALUES(31,11,'add_socialapp','Can add social application');
INSERT INTO "auth_permission" VALUES(32,11,'change_socialapp','Can change social application');
INSERT INTO "auth_permission" VALUES(33,11,'delete_socialapp','Can delete social application');
INSERT INTO "auth_permission" VALUES(34,12,'add_socialaccount','Can add social account');
INSERT INTO "auth_permission" VALUES(35,12,'change_socialaccount','Can change social account');
INSERT INTO "auth_permission" VALUES(36,12,'delete_socialaccount','Can delete social account');
INSERT INTO "auth_permission" VALUES(37,13,'add_socialtoken','Can add social application token');
INSERT INTO "auth_permission" VALUES(38,13,'change_socialtoken','Can change social application token');
INSERT INTO "auth_permission" VALUES(39,13,'delete_socialtoken','Can delete social application token');
INSERT INTO "auth_permission" VALUES(40,14,'add_corsmodel','Can add cors model');
INSERT INTO "auth_permission" VALUES(41,14,'change_corsmodel','Can change cors model');
INSERT INTO "auth_permission" VALUES(42,14,'delete_corsmodel','Can delete cors model');
INSERT INTO "auth_permission" VALUES(43,15,'add_gistsconfiguration','Can add Gists Configuration');
INSERT INTO "auth_permission" VALUES(44,15,'change_gistsconfiguration','Can change Gists Configuration');
INSERT INTO "auth_permission" VALUES(45,15,'delete_gistsconfiguration','Can delete Gists Configuration');
INSERT INTO "auth_permission" VALUES(46,16,'add_sentence','Can add sentence');
INSERT INTO "auth_permission" VALUES(47,16,'change_sentence','Can change sentence');
INSERT INTO "auth_permission" VALUES(48,16,'delete_sentence','Can delete sentence');
INSERT INTO "auth_permission" VALUES(49,17,'add_tree','Can add tree');
INSERT INTO "auth_permission" VALUES(50,17,'change_tree','Can change tree');
INSERT INTO "auth_permission" VALUES(51,17,'delete_tree','Can delete tree');
INSERT INTO "auth_permission" VALUES(52,18,'add_profile','Can add profile');
INSERT INTO "auth_permission" VALUES(53,18,'change_profile','Can change profile');
INSERT INTO "auth_permission" VALUES(54,18,'delete_profile','Can delete profile');
INSERT INTO "auth_permission" VALUES(55,19,'add_questionnaire','Can add questionnaire');
INSERT INTO "auth_permission" VALUES(56,19,'change_questionnaire','Can change questionnaire');
INSERT INTO "auth_permission" VALUES(57,19,'delete_questionnaire','Can delete questionnaire');
INSERT INTO "auth_permission" VALUES(58,20,'add_wordspan','Can add word span');
INSERT INTO "auth_permission" VALUES(59,20,'change_wordspan','Can change word span');
INSERT INTO "auth_permission" VALUES(60,20,'delete_wordspan','Can delete word span');
INSERT INTO "auth_permission" VALUES(61,21,'add_comment','Can add comment');
INSERT INTO "auth_permission" VALUES(62,21,'change_comment','Can change comment');
INSERT INTO "auth_permission" VALUES(63,21,'delete_comment','Can delete comment');
CREATE TABLE "auth_user" ("id" integer NOT NULL PRIMARY KEY AUTOINCREMENT, "password" varchar(128) NOT NULL, "last_login" datetime NULL, "is_superuser" bool NOT NULL, "first_name" varchar(30) NOT NULL, "last_name" varchar(30) NOT NULL, "email" varchar(254) NOT NULL, "is_staff" bool NOT NULL, "is_active" bool NOT NULL, "date_joined" datetime NOT NULL, "username" varchar(30) NOT NULL UNIQUE);
INSERT INTO "auth_user" VALUES(1,'pbkdf2_sha256$24000$vmx3RqNzuFt2$J3O+4VIa4EpLZn1MhBIw/2wjKenWGgCvqYQfVdccqG8=',NULL,1,'','','admin@example.com',1,1,'2017-01-06 18:45:23.367212','admin');
INSERT INTO "auth_user" VALUES(2,'pbkdf2_sha256$24000$n5CStk4SwFDa$YKpM7/5mhi9FEQaZ+bqjAaGT/IrkANr7MBNmUbled9k=','2017-01-06 18:45:31.187831',0,'','','t9@browser.test',0,1,'2017-01-06 18:45:30.949347','t9');
INSERT INTO "auth_user" VALUES(3,'pbkdf2_sha256$24000$toboHplxhbyn$E5wuXxJWHrmAhJvEGt4DBcSHZ3NVpoRzMzAeICPqzUU=','2017-01-06 18:45:33.799752',0,'','','t4@browser.test',0,1,'2017-01-06 18:45:33.459920','t4');
INSERT INTO "auth_user" VALUES(4,'pbkdf2_sha256$24000$KhSlZsArTCaN$7eVUNA9k1lD1qPZGAKWPB34zz9vftgjoTqICGwi+VV4=','2017-01-06 18:45:34.599475',0,'','','t3@browser.test',0,1,'2017-01-06 18:45:34.204973','t3');
INSERT INTO "auth_user" VALUES(5,'pbkdf2_sha256$24000$PP0EWjfmCgLc$g6SF2JlRoobjUVkSWBqsc575ex2hY0SVuLPHY9q8ERE=','2017-01-06 18:45:35.340185',0,'','','t13@browser.test',0,1,'2017-01-06 18:45:35.050516','t13');
INSERT INTO "auth_user" VALUES(6,'pbkdf2_sha256$24000$4XU55w6uqHer$ahH6Q6y/VlK/Dn4X8zZioYqplVbGdrxh/TKg4DmrS8Y=','2017-01-06 18:45:36.639548',0,'','','t8@browser.test',0,1,'2017-01-06 18:45:36.376489','t8');
INSERT INTO "auth_user" VALUES(7,'pbkdf2_sha256$24000$cQMzOjdRGU67$E44YeOttRmL/i/Eq6jUKT50PxTL7rhCi/eZ1flmEdEI=','2017-01-06 18:45:38.667562',0,'','','t2@browser.test',0,1,'2017-01-06 18:45:38.001849','t2');
INSERT INTO "auth_user" VALUES(8,'pbkdf2_sha256$24000$g7wEGfV4mLXH$KXffPnrA83XC8stDHLpoWGpt/mgu17nFsMTghKUvLOE=','2017-01-06 18:45:41.736693',0,'','','t5@browser.test',0,1,'2017-01-06 18:45:41.124650','t5');
INSERT INTO "auth_user" VALUES(9,'pbkdf2_sha256$24000$QfNjyK9xyDqp$60nihPgvg7RdD73RDCiYemsz0Fn3qzZwq1Fsjgvv3Qg=','2017-01-06 18:45:44.264260',0,'','','t11@browser.test',0,1,'2017-01-06 18:45:43.762526','t11');
INSERT INTO "auth_user" VALUES(10,'pbkdf2_sha256$24000$WBuiePdanpmf$Y2UUAjSJ5U+pb2jKRQNlcG4qDltJRyXOOjVszjQglwE=','2017-01-06 18:45:44.823116',0,'','','t14@browser.test',0,1,'2017-01-06 18:45:44.422684','t14');
INSERT INTO "auth_user" VALUES(11,'pbkdf2_sha256$24000$8cxefeafLVQA$T3/5/o2fRElPh7WThBfCHqATU2u50QKlEtbsF8QzD04=','2017-01-06 18:45:46.206871',0,'','','t12@browser.test',0,1,'2017-01-06 18:45:45.661090','t12');
INSERT INTO "auth_user" VALUES(12,'pbkdf2_sha256$24000$M85ziVOCXStG$ln5neLH1zYMhKGsV/YQhxhk4UwJJc0AV9KlM4P8LtPY=','2017-01-06 18:45:47.277439',0,'','','t0@browser.test',0,1,'2017-01-06 18:45:46.868909','t0');
INSERT INTO "auth_user" VALUES(13,'pbkdf2_sha256$24000$mazYk6JqoBOh$X+wiiC7q1U+zUM6UcPlmQz7yF4BWiCDesgqoRuXo7DM=','2017-01-06 18:45:48.148344',0,'','','t1@browser.test',0,1,'2017-01-06 18:45:47.721540','t1');
INSERT INTO "auth_user" VALUES(14,'pbkdf2_sha256$24000$f666XuFKiw2f$nG/cJXywOhmnMBZMil76MQjCFa4yZ0N6xha91FIKgLI=','2017-01-06 18:45:50.837906',0,'','','t10@browser.test',0,1,'2017-01-06 18:45:50.396832','t10');
INSERT INTO "auth_user" VALUES(15,'pbkdf2_sha256$24000$wg99Yh1LxUmr$cFPYCZs2Gcaae1DX2ub8on5FdJvmhVXUc3dZZToVBkE=','2017-01-06 18:45:51.297482',0,'','','t6@browser.test',0,1,'2017-01-06 18:45:50.945442','t6');
INSERT INTO "auth_user" VALUES(16,'pbkdf2_sha256$24000$fAHLRUeoyoXu$SOmNl5Rd7D4QX8dlR2q9ZT/SCWg8PnodODOaRpgTSKQ=','2017-01-06 18:45:51.710277',0,'','','t7@browser.test',0,1,'2017-01-06 18:45:51.479677','t7');
CREATE TABLE "auth_user_groups" ("id" integer NOT NULL PRIMARY KEY AUTOINCREMENT, "user_id" integer NOT NULL REFERENCES "auth_user" ("id"), "group_id" integer NOT NULL REFERENCES "auth_group" ("id"));
CREATE TABLE "auth_user_user_permissions" ("id" integer NOT NULL PRIMARY KEY AUTOINCREMENT, "user_id" integer NOT NULL REFERENCES "auth_user" ("id"), "permission_id" integer NOT NULL REFERENCES "auth_permission" ("id"));
CREATE TABLE "authtoken_token" ("key" varchar(40) NOT NULL PRIMARY KEY, "created" datetime NOT NULL, "user_id" integer NOT NULL UNIQUE REFERENCES "auth_user" ("id"));
INSERT INTO "authtoken_token" VALUES('f11f4320661614faa3e2a75943dd5d59925da960','2017-01-06 18:45:31.039217',2);
INSERT INTO "authtoken_token" VALUES('a8aba590d6ca566cc4e3e6516ef67b6ec253236f','2017-01-06 18:45:33.684115',3);
INSERT INTO "authtoken_token" VALUES('8f4d3651872c5ee93fbab6b56f1b00bbfe27fdbf','2017-01-06 18:45:34.493691',4);
INSERT INTO "authtoken_token" VALUES('4725e30eae06e9e592363d4dc570e652ddd89a74','2017-01-06 18:45:35.297503',5);
INSERT INTO "authtoken_token" VALUES('3cb3f343bf17fcd14e318e1a46c40d2a959bdeec','2017-01-06 18:45:36.533616',6);
INSERT INTO "authtoken_token" VALUES('a7b299276fbe9b7527a4411eaf3d3f9f0693b058','2017-01-06 18:45:38.460743',7);
INSERT INTO "authtoken_token" VALUES('4a1b2770e02344e906c409c76b704c3b7062acb9','2017-01-06 18:45:41.563192',8);
INSERT INTO "authtoken_token" VALUES('d49bb7f71f0c0dea348297aa0c80b566084d1e16','2017-01-06 18:45:44.159824',9);
INSERT INTO "authtoken_token" VALUES('7d79ebf6822516e6e4ebe5bea0a11c9fea1a9397','2017-01-06 18:45:44.699183',10);
INSERT INTO "authtoken_token" VALUES('924e0ad6945ac3874c4e954179121a44d934bdb8','2017-01-06 18:45:46.031656',11);
INSERT INTO "authtoken_token" VALUES('d7da8de501738e4f6b01f48af313a71c286ba025','2017-01-06 18:45:47.169112',12);
INSERT INTO "authtoken_token" VALUES('eb5a5f318204b4d8137704c2417a14f6813bbe31','2017-01-06 18:45:48.055215',13);
INSERT INTO "authtoken_token" VALUES('545e41e3e9a8105f6ed53046a87ea860a0217677','2017-01-06 18:45:50.657246',14);
INSERT INTO "authtoken_token" VALUES('d5483ef86610ca0318796e4957328f8690d07635','2017-01-06 18:45:51.205781',15);
INSERT INTO "authtoken_token" VALUES('592f0fd72335b4add00c8af671bdbf3a9ecae292','2017-01-06 18:45:51.624120',16);
CREATE TABLE "corsheaders_corsmodel" ("id" integer NOT NULL PRIMARY KEY AUTOINCREMENT, "cors" varchar(255) NOT NULL);
CREATE TABLE "django_admin_log" ("id" integer NOT NULL PRIMARY KEY AUTOINCREMENT, "object_id" text NULL, "object_repr" varchar(200) NOT NULL, "action_flag" smallint unsigned NOT NULL, "change_message" text NOT NULL, "content_type_id" integer NULL REFERENCES "django_content_type" ("id"), "user_id" integer NOT NULL REFERENCES "auth_user" ("id"), "action_time" datetime NOT NULL);
CREATE TABLE "django_content_type" ("id" integer NOT NULL PRIMARY KEY AUTOINCREMENT, "app_label" varchar(100) NOT NULL, "model" varchar(100) NOT NULL);
INSERT INTO "django_content_type" VALUES(1,'admin','logentry');
INSERT INTO "django_content_type" VALUES(2,'auth','permission');
INSERT INTO "django_content_type" VALUES(3,'auth','group');
INSERT INTO "django_content_type" VALUES(4,'auth','user');
INSERT INTO "django_content_type" VALUES(5,'contenttypes','contenttype');
INSERT INTO "django_content_type" VALUES(6,'sessions','session');
INSERT INTO "django_content_type" VALUES(7,'sites','site');
INSERT INTO "django_content_type" VALUES(8,'authtoken','token');
INSERT INTO "django_content_type" VALUES(9,'account','emailaddress');
INSERT INTO "django_content_type" VALUES(10,'account','emailconfirmation');
INSERT INTO "django_content_type" VALUES(11,'socialaccount','socialapp');
INSERT INTO "django_content_type" VALUES(12,'socialaccount','socialaccount');
INSERT INTO "django_content_type" VALUES(13,'socialaccount','socialtoken');
INSERT INTO "django_content_type" VALUES(14,'corsheaders','corsmodel');
INSERT INTO "django_content_type" VALUES(15,'gists','gistsconfiguration');
INSERT INTO "django_content_type" VALUES(16,'gists','sentence');
INSERT INTO "django_content_type" VALUES(17,'gists','tree');
INSERT INTO "django_content_type" VALUES(18,'gists','profile');
INSERT INTO "django_content_type" VALUES(19,'gists','questionnaire');
INSERT INTO "django_content_type" VALUES(20,'gists','wordspan');
INSERT INTO "django_content_type" VALUES(21,'gists','comment');
CREATE TABLE "django_migrations" ("id" integer NOT NULL PRIMARY KEY AUTOINCREMENT, "app" varchar(255) NOT NULL, "name" varchar(255) NOT NULL, "applied" datetime NOT NULL);
INSERT INTO "django_migrations" VALUES(1,'contenttypes','0001_initial','2017-01-06 18:45:22.817080');
INSERT INTO "django_migrations" VALUES(2,'auth','0001_initial','2017-01-06 18:45:22.857606');
INSERT INTO "django_migrations" VALUES(3,'account','0001_initial','2017-01-06 18:45:22.872657');
INSERT INTO "django_migrations" VALUES(4,'account','0002_email_max_length','2017-01-06 18:45:22.881432');
INSERT INTO "django_migrations" VALUES(5,'admin','0001_initial','2017-01-06 18:45:22.890529');
INSERT INTO "django_migrations" VALUES(6,'admin','0002_logentry_remove_auto_add','2017-01-06 18:45:22.900640');
INSERT INTO "django_migrations" VALUES(7,'contenttypes','0002_remove_content_type_name','2017-01-06 18:45:22.928740');
INSERT INTO "django_migrations" VALUES(8,'auth','0002_alter_permission_name_max_length','2017-01-06 18:45:22.938518');
INSERT INTO "django_migrations" VALUES(9,'auth','0003_alter_user_email_max_length','2017-01-06 18:45:22.948175');
INSERT INTO "django_migrations" VALUES(10,'auth','0004_alter_user_username_opts','2017-01-06 18:45:22.958089');
INSERT INTO "django_migrations" VALUES(11,'auth','0005_alter_user_last_login_null','2017-01-06 18:45:22.967899');
INSERT INTO "django_migrations" VALUES(12,'auth','0006_require_contenttypes_0002','2017-01-06 18:45:22.968483');
INSERT INTO "django_migrations" VALUES(13,'auth','0007_alter_validators_add_error_messages','2017-01-06 18:45:22.980313');
INSERT INTO "django_migrations" VALUES(14,'authtoken','0001_initial','2017-01-06 18:45:22.989572');
INSERT INTO "django_migrations" VALUES(15,'gists','0001_initial','2017-01-06 18:45:23.101432');
INSERT INTO "django_migrations" VALUES(16,'gists','0002_comment_meta','2017-01-06 18:45:23.119771');
INSERT INTO "django_migrations" VALUES(17,'sessions','0001_initial','2017-01-06 18:45:23.122458');
INSERT INTO "django_migrations" VALUES(18,'sites','0001_initial','2017-01-06 18:45:23.124949');
INSERT INTO "django_migrations" VALUES(19,'sites','0002_alter_domain_unique','2017-01-06 18:45:23.128616');
INSERT INTO "django_migrations" VALUES(20,'socialaccount','0001_initial','2017-01-06 18:45:23.206368');
INSERT INTO "django_migrations" VALUES(21,'socialaccount','0002_token_max_lengths','2017-01-06 18:45:23.282568');
CREATE TABLE "django_session" ("session_key" varchar(40) NOT NULL PRIMARY KEY, "session_data" text NOT NULL, "expire_date" datetime NOT NULL);
INSERT INTO "django_session" VALUES('25sze1sidmo691n56tfg7gwz1lwdxxvc','Mjg3MDUyMDhhZDM2YzkzMjc1NjBlZmZmZTA1MmQwNTg4YTAwYmE5ZDp7ImFjY291bnRfdmVyaWZpZWRfZW1haWwiOm51bGwsImFjY291bnRfdXNlciI6IjIiLCJfYXV0aF91c2VyX2lkIjoiMiIsIl9hdXRoX3VzZXJfYmFja2VuZCI6ImFsbGF1dGguYWNjb3VudC5hdXRoX2JhY2tlbmRzLkF1dGhlbnRpY2F0aW9uQmFja2VuZCIsIl9hdXRoX3VzZXJfaGFzaCI6ImYwZTczYmJmYWUyNGVjNDdhN2M5ZmY1ZGZiYjg1NDcwZDdkMDhmZDQifQ==','2017-01-20 18:45:31.194399');
INSERT INTO "django_session" VALUES('v1ybtj7xgqrge41pza4xis40kjub3739','ZDhlMWE0NDZlNjc5OTc3MDU4YmFlZjdhZGIxOTY0OTIwZjNmN2IyYjp7ImFjY291bnRfdmVyaWZpZWRfZW1haWwiOm51bGwsImFjY291bnRfdXNlciI6IjMiLCJfYXV0aF91c2VyX2lkIjoiMyIsIl9hdXRoX3VzZXJfYmFja2VuZCI6ImFsbGF1dGguYWNjb3VudC5hdXRoX2JhY2tlbmRzLkF1dGhlbnRpY2F0aW9uQmFja2VuZCIsIl9hdXRoX3VzZXJfaGFzaCI6IjE4N2E5NWRjYmQ1NjE4YmIyNjJkZmVhZDNmOWI1ZThiYzEzYzViYWUifQ==','2017-01-20 18:45:33.811876');
INSERT INTO "django_session" VALUES('m7htgusjjcusdgin8rzfhe32x8luwt4k','NmI2Zjc4YWMzYjRlNDYxZTRlY2U2OTFkMDJlYmQ0NzBjZWMxYTIzYzp7ImFjY291bnRfdmVyaWZpZWRfZW1haWwiOm51bGwsImFjY291bnRfdXNlciI6IjQiLCJfYXV0aF91c2VyX2lkIjoiNCIsIl9hdXRoX3VzZXJfYmFja2VuZCI6ImFsbGF1dGguYWNjb3VudC5hdXRoX2JhY2tlbmRzLkF1dGhlbnRpY2F0aW9uQmFja2VuZCIsIl9hdXRoX3VzZXJfaGFzaCI6IjQ3ZmFiZGJlMzFiYmVkODUxZWRkMmMyOGZiZTQxNzNjODc5Y2NlNTkifQ==','2017-01-20 18:45:34.624814');
INSERT INTO "django_session" VALUES('timbs1jxf0otadmyo3iis3sv0su4ja54','YTA0YTczMTk1ZTBlZWUzMDBhZDQ2ODQ5MGU5YTlkZjg2NGRhODgxMTp7ImFjY291bnRfdmVyaWZpZWRfZW1haWwiOm51bGwsImFjY291bnRfdXNlciI6IjUiLCJfYXV0aF91c2VyX2lkIjoiNSIsIl9hdXRoX3VzZXJfYmFja2VuZCI6ImFsbGF1dGguYWNjb3VudC5hdXRoX2JhY2tlbmRzLkF1dGhlbnRpY2F0aW9uQmFja2VuZCIsIl9hdXRoX3VzZXJfaGFzaCI6IjRiN2FkNmIxM2RmZjNlNzFmZWVkMjRmMzcyMDMzNzNjMmRiYjk3ZmQifQ==','2017-01-20 18:45:35.347142');
INSERT INTO "django_session" VALUES('v6eobtbdm95nvriykq9a7swbhp2ieqw4','NTBmODg4Mzk3ZjZiOGE3ZjA5NDM4MTM4NWQ0M2E0ZjI4NDk3M2Y1NDp7ImFjY291bnRfdmVyaWZpZWRfZW1haWwiOm51bGwsImFjY291bnRfdXNlciI6IjYiLCJfYXV0aF91c2VyX2lkIjoiNiIsIl9hdXRoX3VzZXJfYmFja2VuZCI6ImFsbGF1dGguYWNjb3VudC5hdXRoX2JhY2tlbmRzLkF1dGhlbnRpY2F0aW9uQmFja2VuZCIsIl9hdXRoX3VzZXJfaGFzaCI6IjM2ZTM2ODJhNDFkNzNkMjk3ZDA4YThjODhmMTQxNTNhZGRkMDY3ZWMifQ==','2017-01-20 18:45:36.669559');
INSERT INTO "django_session" VALUES('1jmntpu07zko7txm3cksc1jw3nju6p7i','MjI0Nzk3MTUwYzk3Mzg0YjZlOTU4M2Y5YWVmMGJkZmMwYjFmMjIxNjp7ImFjY291bnRfdmVyaWZpZWRfZW1haWwiOm51bGwsImFjY291bnRfdXNlciI6IjciLCJfYXV0aF91c2VyX2lkIjoiNyIsIl9hdXRoX3VzZXJfYmFja2VuZCI6ImFsbGF1dGguYWNjb3VudC5hdXRoX2JhY2tlbmRzLkF1dGhlbnRpY2F0aW9uQmFja2VuZCIsIl9hdXRoX3VzZXJfaGFzaCI6IjU0YzYyYWVlOGVlZTY5MDNhMmI5ZDRlYWRlNThjNDkxNDJkOTk0MTQifQ==','2017-01-20 18:45:38.692381');
INSERT INTO "django_session" VALUES('4y11k6et2ser2gis1hg4yfrs6yg5xfma','YTAwNTM4YTIyMThjYjM2ZDA1YjlhNDgyY2U0N2JiYjExYzZkYTJlYzp7ImFjY291bnRfdmVyaWZpZWRfZW1haWwiOm51bGwsImFjY291bnRfdXNlciI6IjgiLCJfYXV0aF91c2VyX2lkIjoiOCIsIl9hdXRoX3VzZXJfYmFja2VuZCI6ImFsbGF1dGguYWNjb3VudC5hdXRoX2JhY2tlbmRzLkF1dGhlbnRpY2F0aW9uQmFja2VuZCIsIl9hdXRoX3VzZXJfaGFzaCI6Ijk1YjdjNjAxNjM1MjFlNTQ3M2ZiZmZlYzc2MmI5MDg5MjI4M2M3ODkifQ==','2017-01-20 18:45:41.825174');
INSERT INTO "django_session" VALUES('bgzpln8e9w2zyskfzxfazijq6svc0j79','MTc4ZWI5ZDU2MjZmYWVmZWJjZGQ3NmQ1NjlhODljMWVlM2VkOTVjNDp7ImFjY291bnRfdmVyaWZpZWRfZW1haWwiOm51bGwsImFjY291bnRfdXNlciI6IjkiLCJfYXV0aF91c2VyX2lkIjoiOSIsIl9hdXRoX3VzZXJfYmFja2VuZCI6ImFsbGF1dGguYWNjb3VudC5hdXRoX2JhY2tlbmRzLkF1dGhlbnRpY2F0aW9uQmFja2VuZCIsIl9hdXRoX3VzZXJfaGFzaCI6ImFkMDU5YjEyOWRjNDFkZDgxNjhjMmFjZTA3MWRmZjhjZDk5Nzk5OGQifQ==','2017-01-20 18:45:44.333855');
INSERT INTO "django_session" VALUES('z3gfvc6rsyeemxp1rp1i82gbcavpjgd6','YWFjNjQ2OTBhNGYyNzM1NTM5ZGEzMjgzOGZjZGY0YTllNGVjOTU2Nzp7ImFjY291bnRfdmVyaWZpZWRfZW1haWwiOm51bGwsImFjY291bnRfdXNlciI6ImEiLCJfYXV0aF91c2VyX2lkIjoiMTAiLCJfYXV0aF91c2VyX2JhY2tlbmQiOiJhbGxhdXRoLmFjY291bnQuYXV0aF9iYWNrZW5kcy5BdXRoZW50aWNhdGlvbkJhY2tlbmQiLCJfYXV0aF91c2VyX2hhc2giOiI3M2ZiYThiNDY1MjViOWFhYzc4ZDdhMWQzYmJlYTY3YWFlZWU5ZTJhIn0=','2017-01-20 18:45:44.853243');
INSERT INTO "django_session" VALUES('7hph3swx284tfrbgckuyqtbini6ls4hj','NDViZjJlZGQzNjYxOWRhNjE1ZWYyYWFlZmYxMWE2NDY3NmU0YWQzMDp7ImFjY291bnRfdmVyaWZpZWRfZW1haWwiOm51bGwsImFjY291bnRfdXNlciI6ImIiLCJfYXV0aF91c2VyX2lkIjoiMTEiLCJfYXV0aF91c2VyX2JhY2tlbmQiOiJhbGxhdXRoLmFjY291bnQuYXV0aF9iYWNrZW5kcy5BdXRoZW50aWNhdGlvbkJhY2tlbmQiLCJfYXV0aF91c2VyX2hhc2giOiIwN2YxMTM4ZjY4ZDgyNDFlMGUwZTUxYzJlYmI3OWU1YWQwYjFhNjYzIn0=','2017-01-20 18:45:46.272983');
INSERT INTO "django_session" VALUES('6i3emyudhrtvbzg7gllgfuzr3amq4lje','MDgzZmViMmU2N2NlYzNjZDE1YWRiZDIyZjNjOGQyYWFhNmE2ODc5ZDp7ImFjY291bnRfdmVyaWZpZWRfZW1haWwiOm51bGwsImFjY291bnRfdXNlciI6ImMiLCJfYXV0aF91c2VyX2lkIjoiMTIiLCJfYXV0aF91c2VyX2JhY2tlbmQiOiJhbGxhdXRoLmFjY291bnQuYXV0aF9iYWNrZW5kcy5BdXRoZW50aWNhdGlvbkJhY2tlbmQiLCJfYXV0aF91c2VyX2hhc2giOiIzMGJlNTYzNmRmNTIzOWZhZWY3MGYxN2QzOTY0ODdjNGQwY2ZlZWM5In0=','2017-01-20 18:45:47.306775');
INSERT INTO "django_session" VALUES('o3pi6lznx8ns61ykc48ksk9101tmkk6a','Y2QyZDEyY2FiNzExODgzM2M3NmQ2MWYyYzEzM2Y5MDc0ZWNlZTJhNjp7ImFjY291bnRfdmVyaWZpZWRfZW1haWwiOm51bGwsImFjY291bnRfdXNlciI6ImQiLCJfYXV0aF91c2VyX2lkIjoiMTMiLCJfYXV0aF91c2VyX2JhY2tlbmQiOiJhbGxhdXRoLmFjY291bnQuYXV0aF9iYWNrZW5kcy5BdXRoZW50aWNhdGlvbkJhY2tlbmQiLCJfYXV0aF91c2VyX2hhc2giOiJhNWRjZDViOTZlZmYzMWNhZjJhYjQyNTQ4ZjliZDg1NWEzYzIwZWFiIn0=','2017-01-20 18:45:48.209557');
INSERT INTO "django_session" VALUES('4wal47tdo91r5ot8rb2kvxqrqk7wuckc','NTg4NWZlMWNmODE3MTVjYTBlNGI3OWU0NzYxNDEwNTZiZWI2ZDE0ZTp7ImFjY291bnRfdmVyaWZpZWRfZW1haWwiOm51bGwsImFjY291bnRfdXNlciI6ImUiLCJfYXV0aF91c2VyX2lkIjoiMTQiLCJfYXV0aF91c2VyX2JhY2tlbmQiOiJhbGxhdXRoLmFjY291bnQuYXV0aF9iYWNrZW5kcy5BdXRoZW50aWNhdGlvbkJhY2tlbmQiLCJfYXV0aF91c2VyX2hhc2giOiI5OWEwYTc4NjQ1YTkwYTlmZDE4YjljZDQzODE5NGQyYWUyMjQ3OGRkIn0=','2017-01-20 18:45:50.861134');
INSERT INTO "django_session" VALUES('urqmooc2aqs2i4804x1mnlpybn700nom','M2NmODIwNjE3ZDBkYzFkM2RkN2Y1ZWQ2NmU1YWJiYzdkZDBiNmNlNTp7ImFjY291bnRfdmVyaWZpZWRfZW1haWwiOm51bGwsImFjY291bnRfdXNlciI6ImYiLCJfYXV0aF91c2VyX2lkIjoiMTUiLCJfYXV0aF91c2VyX2JhY2tlbmQiOiJhbGxhdXRoLmFjY291bnQuYXV0aF9iYWNrZW5kcy5BdXRoZW50aWNhdGlvbkJhY2tlbmQiLCJfYXV0aF91c2VyX2hhc2giOiIxNGM1YTIwOTllOWZjOGZjMjJhMGE0MDZhOTdlNGU3Zjk1ZWEyNjhjIn0=','2017-01-20 18:45:51.312674');
INSERT INTO "django_session" VALUES('g523mfzd6tdw8ajty4fskk97qn2mzu57','MWZiNDI4MjA1ZWYzM2FhYTM0NmE5YTgyYmNjN2VkNGU3MTYxMmZhZDp7ImFjY291bnRfdmVyaWZpZWRfZW1haWwiOm51bGwsImFjY291bnRfdXNlciI6ImciLCJfYXV0aF91c2VyX2lkIjoiMTYiLCJfYXV0aF91c2VyX2JhY2tlbmQiOiJhbGxhdXRoLmFjY291bnQuYXV0aF9iYWNrZW5kcy5BdXRoZW50aWNhdGlvbkJhY2tlbmQiLCJfYXV0aF91c2VyX2hhc2giOiI1ZmIyOWMzNDM3MDhlZmNmNmZjMGMzMWQ5NDY1Y2ZhOGU4YmFjZTkxIn0=','2017-01-20 18:45:51.739291');
CREATE TABLE "django_site" ("id" integer NOT NULL PRIMARY KEY AUTOINCREMENT, "name" varchar(50) NOT NULL, "domain" varchar(100) NOT NULL UNIQUE);
INSERT INTO "django_site" VALUES(1,'example.com','example.com');
CREATE TABLE "gists_comment" ("id" integer NOT NULL PRIMARY KEY AUTOINCREMENT, "created" datetime NOT NULL, "email" varchar(254) NOT NULL, "text" varchar(5000) NOT NULL, "profile_id" integer NOT NULL REFERENCES "gists_profile" ("id"), "meta" varchar(5000) NOT NULL);
CREATE TABLE "gists_gistsconfiguration" ("id" integer NOT NULL PRIMARY KEY AUTOINCREMENT, "target_branch_depth" integer unsigned NOT NULL, "target_branch_count" integer unsigned NOT NULL, "branch_probability" real NOT NULL, "read_factor" integer unsigned NOT NULL, "write_factor" integer unsigned NOT NULL, "min_tokens" integer unsigned NOT NULL, "pause_period" integer unsigned NOT NULL, "experiment_work" integer unsigned NOT NULL, "training_work" integer unsigned NOT NULL, "base_credit" integer unsigned NOT NULL);
INSERT INTO "gists_gistsconfiguration" VALUES(1,5,3,0.2,1,5,10,10,10,2,0);
CREATE TABLE "gists_profile" ("id" integer NOT NULL PRIMARY KEY AUTOINCREMENT, "created" datetime NOT NULL, "mothertongue" varchar(100) NOT NULL, "trained_reformulations" bool NOT NULL, "introduced_exp_home" bool NOT NULL, "introduced_exp_play" bool NOT NULL, "introduced_play_home" bool NOT NULL, "introduced_play_play" bool NOT NULL, "prolific_id" varchar(50) NULL, "user_id" integer NOT NULL UNIQUE REFERENCES "auth_user" ("id"));
INSERT INTO "gists_profile" VALUES(1,'2017-01-06 18:45:23.388480','english',0,0,0,0,0,NULL,1);
INSERT INTO "gists_profile" VALUES(2,'2017-01-06 18:45:31.306299','english',1,1,1,0,0,NULL,2);
INSERT INTO "gists_profile" VALUES(3,'2017-01-06 18:45:33.956236','english',1,1,1,0,0,NULL,3);
INSERT INTO "gists_profile" VALUES(4,'2017-01-06 18:45:34.900049','english',1,1,1,0,0,NULL,4);
INSERT INTO "gists_profile" VALUES(5,'2017-01-06 18:45:36.027294','english',1,1,1,0,0,NULL,5);
INSERT INTO "gists_profile" VALUES(6,'2017-01-06 18:45:36.942715','english',1,1,1,0,0,NULL,6);
INSERT INTO "gists_profile" VALUES(7,'2017-01-06 18:45:39.408190','english',1,1,1,0,0,NULL,7);
INSERT INTO "gists_profile" VALUES(8,'2017-01-06 18:45:42.682308','english',1,1,1,0,0,NULL,8);
INSERT INTO "gists_profile" VALUES(9,'2017-01-06 18:45:46.702107','english',1,1,1,0,0,NULL,9);
INSERT INTO "gists_profile" VALUES(10,'2017-01-06 18:45:47.369011','english',1,1,1,0,0,NULL,10);
INSERT INTO "gists_profile" VALUES(11,'2017-01-06 18:45:48.268272','english',1,1,1,0,0,NULL,11);
INSERT INTO "gists_profile" VALUES(12,'2017-01-06 18:45:49.501050','english',1,1,1,0,0,NULL,12);
INSERT INTO "gists_profile" VALUES(13,'2017-01-06 18:45:50.092206','english',1,1,1,0,0,NULL,13);
INSERT INTO "gists_profile" VALUES(14,'2017-01-06 18:45:53.555661','english',1,1,1,0,0,NULL,14);
INSERT INTO "gists_profile" VALUES(15,'2017-01-06 18:45:53.891604','english',1,1,1,0,0,NULL,15);
INSERT INTO "gists_profile" VALUES(16,'2017-01-06 18:45:54.831621','english',1,1,1,0,0,NULL,16);
CREATE TABLE "gists_questionnaire" ("id" integer NOT NULL PRIMARY KEY AUTOINCREMENT, "created" datetime NOT NULL, "age" smallint unsigned NOT NULL, "gender" varchar(100) NOT NULL, "informed" bool NOT NULL, "informed_how" varchar(500) NOT NULL, "informed_what" varchar(500) NOT NULL, "education_level" varchar(5) NOT NULL, "education_freetext" varchar(500) NOT NULL, "job_type" varchar(5) NOT NULL, "job_freetext" varchar(500) NOT NULL, "profile_id" integer NOT NULL UNIQUE REFERENCES "gists_profile" ("id"));
INSERT INTO "gists_questionnaire" VALUES(1,'2017-01-06 18:45:48.826461',20,'other',0,'-----','-----','3','Some education','-','Some job',2);
INSERT INTO "gists_questionnaire" VALUES(2,'2017-01-06 18:45:51.843299',20,'other',0,'-----','-----','3','Some education','-','Some job',3);
INSERT INTO "gists_questionnaire" VALUES(3,'2017-01-06 18:45:52.439558',20,'other',0,'-----','-----','3','Some education','-','Some job',4);
INSERT INTO "gists_questionnaire" VALUES(4,'2017-01-06 18:45:52.518022',20,'other',0,'-----','-----','3','Some education','-','Some job',5);
INSERT INTO "gists_questionnaire" VALUES(5,'2017-01-06 18:45:54.632596',20,'other',0,'-----','-----','3','Some education','-','Some job',6);
INSERT INTO "gists_questionnaire" VALUES(6,'2017-01-06 18:45:55.931598',20,'other',0,'-----','-----','3','Some education','-','Some job',7);
INSERT INTO "gists_questionnaire" VALUES(7,'2017-01-06 18:45:57.439402',20,'other',0,'-----','-----','3','Some education','-','Some job',8);
INSERT INTO "gists_questionnaire" VALUES(8,'2017-01-06 18:46:03.208649',20,'other',0,'-----','-----','3','Some education','-','Some job',10);
INSERT INTO "gists_questionnaire" VALUES(9,'2017-01-06 18:46:03.816832',20,'other',0,'-----','-----','3','Some education','-','Some job',9);
INSERT INTO "gists_questionnaire" VALUES(10,'2017-01-06 18:46:05.283428',20,'other',0,'-----','-----','3','Some education','-','Some job',11);
INSERT INTO "gists_questionnaire" VALUES(11,'2017-01-06 18:46:07.495115',20,'other',0,'-----','-----','3','Some education','-','Some job',12);
INSERT INTO "gists_questionnaire" VALUES(12,'2017-01-06 18:46:09.757855',20,'other',0,'-----','-----','3','Some education','-','Some job',13);
INSERT INTO "gists_questionnaire" VALUES(13,'2017-01-06 18:46:12.211739',20,'other',0,'-----','-----','3','Some education','-','Some job',15);
INSERT INTO "gists_questionnaire" VALUES(14,'2017-01-06 18:46:12.299694',20,'other',0,'-----','-----','3','Some education','-','Some job',14);
INSERT INTO "gists_questionnaire" VALUES(15,'2017-01-06 18:46:12.981330',20,'other',0,'-----','-----','3','Some education','-','Some job',16);
CREATE TABLE "gists_sentence" ("id" integer NOT NULL PRIMARY KEY AUTOINCREMENT, "created" datetime NOT NULL, "text" varchar(5000) NOT NULL, "read_time_proportion" real NOT NULL, "read_time_allotted" real NOT NULL, "write_time_proportion" real NOT NULL, "write_time_allotted" real NOT NULL, "language" varchar(100) NOT NULL, "bucket" varchar(100) NOT NULL, "parent_id" integer NULL REFERENCES "gists_sentence" ("id"), "profile_id" integer NOT NULL REFERENCES "gists_profile" ("id"), "tree_id" integer NOT NULL REFERENCES "gists_tree" ("id"), "tree_as_root_id" integer NULL UNIQUE REFERENCES "gists_tree" ("id"));
INSERT INTO "gists_sentence" VALUES(1,'2017-01-06 18:45:23.389197','training root 0',0.0,0.0,0.0,0.0,'english','training',NULL,1,1,1);
INSERT INTO "gists_sentence" VALUES(2,'2017-01-06 18:45:23.389842','training root 1',0.0,0.0,0.0,0.0,'english','training',NULL,1,2,2);
INSERT INTO "gists_sentence" VALUES(3,'2017-01-06 18:45:23.390484','experiment root 0',0.0,0.0,0.0,0.0,'english','experiment',NULL,1,3,3);
INSERT INTO "gists_sentence" VALUES(4,'2017-01-06 18:45:23.391128','experiment root 1',0.0,0.0,0.0,0.0,'english','experiment',NULL,1,4,4);
INSERT INTO "gists_sentence" VALUES(5,'2017-01-06 18:45:23.391749','experiment root 2',0.0,0.0,0.0,0.0,'english','experiment',NULL,1,5,5);
INSERT INTO "gists_sentence" VALUES(6,'2017-01-06 18:45:23.392374','experiment root 3',0.0,0.0,0.0,0.0,'english','experiment',NULL,1,6,6);
INSERT INTO "gists_sentence" VALUES(7,'2017-01-06 18:45:23.392998','experiment root 4',0.0,0.0,0.0,0.0,'english','experiment',NULL,1,7,7);
INSERT INTO "gists_sentence" VALUES(8,'2017-01-06 18:45:23.393612','experiment root 5',0.0,0.0,0.0,0.0,'english','experiment',NULL,1,8,8);
INSERT INTO "gists_sentence" VALUES(9,'2017-01-06 18:45:23.394236','experiment root 6',0.0,0.0,0.0,0.0,'english','experiment',NULL,1,9,9);
INSERT INTO "gists_sentence" VALUES(10,'2017-01-06 18:45:23.394846','experiment root 7',0.0,0.0,0.0,0.0,'english','experiment',NULL,1,10,10);
INSERT INTO "gists_sentence" VALUES(11,'2017-01-06 18:45:23.395458','experiment root 8',0.0,0.0,0.0,0.0,'english','experiment',NULL,1,11,11);
INSERT INTO "gists_sentence" VALUES(12,'2017-01-06 18:45:23.396071','experiment root 9',0.0,0.0,0.0,0.0,'english','experiment',NULL,1,12,12);
INSERT INTO "gists_sentence" VALUES(13,'2017-01-06 18:46:49.715044','t9 t9 t9 t9 t9 t9 t9 t9 t9 t9',1.0,3.0,0.5722,15.0,'english','experiment',11,2,11,NULL);
INSERT INTO "gists_sentence" VALUES(14,'2017-01-06 18:46:56.562234','t4 t4 t4 t4 t4 t4 t4 t4 t4 t4',1.0,3.0,6.34066666666666667317e-01,15.0,'english','experiment',6,3,6,NULL);
INSERT INTO "gists_sentence" VALUES(15,'2017-01-06 18:47:00.493712','t3 t3 t3 t3 t3 t3 t3 t3 t3 t3',1.0,3.0,6.73066666666666701956e-01,15.0,'english','experiment',9,4,9,NULL);
INSERT INTO "gists_sentence" VALUES(16,'2017-01-06 18:47:01.462939','t2 t2 t2 t2 t2 t2 t2 t2 t2 t2',1.0,3.0,0.5552,15.0,'english','experiment',5,7,5,NULL);
INSERT INTO "gists_sentence" VALUES(17,'2017-01-06 18:47:01.980249','t8 t8 t8 t8 t8 t8 t8 t8 t8 t8',1.0,3.0,6.70466666666666655238e-01,15.0,'english','experiment',5,6,5,NULL);
INSERT INTO "gists_sentence" VALUES(18,'2017-01-06 18:47:02.546576','t5 t5 t5 t5 t5 t5 t5 t5 t5 t5',1.0,3.0,6.24466666666666614382e-01,15.0,'english','experiment',11,8,11,NULL);
INSERT INTO "gists_sentence" VALUES(19,'2017-01-06 18:47:04.733166','t9 t9 t9 t9 t9 t9 t9 t9 t9 t9',1.0,3.0,0.5086,15.0,'english','experiment',9,2,9,NULL);
INSERT INTO "gists_sentence" VALUES(20,'2017-01-06 18:47:05.209036','t13 t13 t13 t13 t13 t13 t13 t13 t13 t13',1.0,3.0,6.82333333333333347248e-01,15.0,'english','experiment',12,5,12,NULL);
INSERT INTO "gists_sentence" VALUES(21,'2017-01-06 18:47:09.962662','t0 t0 t0 t0 t0 t0 t0 t0 t0 t0',1.0,3.0,4.94466666666666665452e-01,15.0,'english','experiment',12,12,12,NULL);
INSERT INTO "gists_sentence" VALUES(22,'2017-01-06 18:47:13.202111','t14 t14 t14 t14 t14 t14 t14 t14 t14 t14',1.0,3.0,0.6248,15.0,'english','experiment',6,10,6,NULL);
INSERT INTO "gists_sentence" VALUES(23,'2017-01-06 18:47:14.289765','t4 t4 t4 t4 t4 t4 t4 t4 t4 t4',1.0,3.0,0.5778,15.0,'english','experiment',12,3,12,NULL);
INSERT INTO "gists_sentence" VALUES(24,'2017-01-06 18:47:17.266081','t3 t3 t3 t3 t3 t3 t3 t3 t3 t3',1.0,3.0,6.2866666666666670693e-01,15.0,'english','experiment',5,4,5,NULL);
INSERT INTO "gists_sentence" VALUES(25,'2017-01-06 18:47:17.809471','t6 t6 t6 t6 t6 t6 t6 t6 t6 t6',1.0,3.0,0.6738,15.0,'english','experiment',7,15,7,NULL);
INSERT INTO "gists_sentence" VALUES(26,'2017-01-06 18:47:18.292190','t7 t7 t7 t7 t7 t7 t7 t7 t7 t7',1.0,3.0,6.09333333333333282411e-01,15.0,'english','experiment',10,16,10,NULL);
INSERT INTO "gists_sentence" VALUES(27,'2017-01-06 18:47:20.244382','t5 t5 t5 t5 t5 t5 t5 t5 t5 t5',1.0,3.0,6.17533333333333378512e-01,15.0,'english','experiment',8,8,8,NULL);
INSERT INTO "gists_sentence" VALUES(28,'2017-01-06 18:47:21.075668','t2 t2 t2 t2 t2 t2 t2 t2 t2 t2',1.0,3.0,6.86466666666666669449e-01,15.0,'english','experiment',10,7,10,NULL);
INSERT INTO "gists_sentence" VALUES(29,'2017-01-06 18:47:23.077694','t12 t12 t12 t12 t12 t12 t12 t12 t12 t12',1.0,10.0,0.21328,50.0,'english','experiment',13,11,11,NULL);
INSERT INTO "gists_sentence" VALUES(30,'2017-01-06 18:47:23.745844','t1 t1 t1 t1 t1 t1 t1 t1 t1 t1',1.0,10.0,0.17328,50.0,'english','experiment',13,13,11,NULL);
INSERT INTO "gists_sentence" VALUES(31,'2017-01-06 18:47:23.946625','t10 t10 t10 t10 t10 t10 t10 t10 t10 t10',1.0,3.0,8.01266666666666682594e-01,15.0,'english','experiment',4,14,4,NULL);
INSERT INTO "gists_sentence" VALUES(32,'2017-01-06 18:47:24.039653','t13 t13 t13 t13 t13 t13 t13 t13 t13 t13',1.0,3.0,0.778,15.0,'english','experiment',9,5,9,NULL);
INSERT INTO "gists_sentence" VALUES(33,'2017-01-06 18:47:25.005308','t11 t11 t11 t11 t11 t11 t11 t11 t11 t11',1.0,10.0,0.20496,50.0,'english','experiment',13,9,11,NULL);
INSERT INTO "gists_sentence" VALUES(34,'2017-01-06 18:47:25.478185','t8 t8 t8 t8 t8 t8 t8 t8 t8 t8',1.0,10.0,0.15898,50.0,'english','experiment',15,6,9,NULL);
INSERT INTO "gists_sentence" VALUES(35,'2017-01-06 18:47:26.234432','t9 t9 t9 t9 t9 t9 t9 t9 t9 t9',1.0,10.0,0.13916,50.0,'english','experiment',14,2,6,NULL);
INSERT INTO "gists_sentence" VALUES(36,'2017-01-06 18:47:28.428905','t4 t4 t4 t4 t4 t4 t4 t4 t4 t4',1.0,3.0,0.4328,15.0,'english','experiment',4,3,4,NULL);
INSERT INTO "gists_sentence" VALUES(37,'2017-01-06 18:47:30.130870','t14 t14 t14 t14 t14 t14 t14 t14 t14 t14',1.0,3.0,0.5998,15.0,'english','experiment',11,10,11,NULL);
INSERT INTO "gists_sentence" VALUES(38,'2017-01-06 18:47:31.095112','t0 t0 t0 t0 t0 t0 t0 t0 t0 t0',1.0,10.0,0.13262,50.0,'english','experiment',13,12,11,NULL);
INSERT INTO "gists_sentence" VALUES(39,'2017-01-06 18:47:33.356457','t6 t6 t6 t6 t6 t6 t6 t6 t6 t6',1.0,3.0,4.34666666666666645646e-01,15.0,'english','experiment',4,15,4,NULL);
INSERT INTO "gists_sentence" VALUES(40,'2017-01-06 18:47:33.658081','t7 t7 t7 t7 t7 t7 t7 t7 t7 t7',1.0,3.0,4.03933333333333310921e-01,15.0,'english','experiment',4,16,4,NULL);
INSERT INTO "gists_sentence" VALUES(41,'2017-01-06 18:47:35.842476','t2 t2 t2 t2 t2 t2 t2 t2 t2 t2',1.0,3.0,3.67666666666666641649e-01,15.0,'english','experiment',3,7,3,NULL);
INSERT INTO "gists_sentence" VALUES(42,'2017-01-06 18:47:40.840118','t3 t3 t3 t3 t3 t3 t3 t3 t3 t3',1.0,10.0,0.12806,50.0,'english','experiment',25,4,7,NULL);
INSERT INTO "gists_sentence" VALUES(43,'2017-01-06 18:47:43.327970','t5 t5 t5 t5 t5 t5 t5 t5 t5 t5',1.0,10.0,0.1369,50.0,'english','experiment',19,8,9,NULL);
INSERT INTO "gists_sentence" VALUES(44,'2017-01-06 18:47:48.123954','t14 t14 t14 t14 t14 t14 t14 t14 t14 t14',1.0,3.0,7.39866666666666672469e-01,15.0,'english','experiment',3,10,3,NULL);
INSERT INTO "gists_sentence" VALUES(45,'2017-01-06 18:47:49.463599','t9 t9 t9 t9 t9 t9 t9 t9 t9 t9',1.0,10.0,0.18076,50.0,'english','experiment',31,2,4,NULL);
INSERT INTO "gists_sentence" VALUES(46,'2017-01-06 18:47:50.643213','t12 t12 t12 t12 t12 t12 t12 t12 t12 t12',1.0,10.0,0.22766,50.0,'english','experiment',16,11,5,NULL);
INSERT INTO "gists_sentence" VALUES(47,'2017-01-06 18:47:50.867787','t1 t1 t1 t1 t1 t1 t1 t1 t1 t1',1.0,10.0,0.22506,50.0,'english','experiment',22,13,6,NULL);
INSERT INTO "gists_sentence" VALUES(48,'2017-01-06 18:47:51.910555','t8 t8 t8 t8 t8 t8 t8 t8 t8 t8',1.0,10.0,0.21676,50.0,'english','experiment',18,6,11,NULL);
INSERT INTO "gists_sentence" VALUES(49,'2017-01-06 18:47:52.522048','t10 t10 t10 t10 t10 t10 t10 t10 t10 t10',1.0,10.0,0.24148,50.0,'english','experiment',32,14,9,NULL);
INSERT INTO "gists_sentence" VALUES(50,'2017-01-06 18:47:52.611958','t13 t13 t13 t13 t13 t13 t13 t13 t13 t13',1.0,10.0,0.24466,50.0,'english','experiment',31,5,4,NULL);
INSERT INTO "gists_sentence" VALUES(51,'2017-01-06 18:47:53.089845','t11 t11 t11 t11 t11 t11 t11 t11 t11 t11',1.0,10.0,0.2388,50.0,'english','experiment',20,9,12,NULL);
INSERT INTO "gists_sentence" VALUES(52,'2017-01-06 18:47:53.420910','t4 t4 t4 t4 t4 t4 t4 t4 t4 t4',1.0,10.0,0.20148,50.0,'english','experiment',25,3,7,NULL);
INSERT INTO "gists_sentence" VALUES(53,'2017-01-06 18:47:54.876497','t0 t0 t0 t0 t0 t0 t0 t0 t0 t0',1.0,10.0,0.18108,50.0,'english','experiment',16,12,5,NULL);
INSERT INTO "gists_sentence" VALUES(54,'2017-01-06 18:47:55.142444','t6 t6 t6 t6 t6 t6 t6 t6 t6 t6',1.0,10.0,0.14862,50.0,'english','experiment',19,15,9,NULL);
INSERT INTO "gists_sentence" VALUES(55,'2017-01-06 18:47:55.328037','t7 t7 t7 t7 t7 t7 t7 t7 t7 t7',1.0,10.0,0.14968,50.0,'english','experiment',19,16,9,NULL);
INSERT INTO "gists_sentence" VALUES(56,'2017-01-06 18:47:56.613288','t2 t2 t2 t2 t2 t2 t2 t2 t2 t2',1.0,10.0,0.13242,50.0,'english','experiment',21,7,12,NULL);
INSERT INTO "gists_sentence" VALUES(57,'2017-01-06 18:48:01.177867','t3 t3 t3 t3 t3 t3 t3 t3 t3 t3',1.0,10.0,0.11702,50.0,'english','experiment',21,4,12,NULL);
INSERT INTO "gists_sentence" VALUES(58,'2017-01-06 18:48:04.259811','t5 t5 t5 t5 t5 t5 t5 t5 t5 t5',1.0,10.0,0.12498,50.0,'english','experiment',42,8,7,NULL);
INSERT INTO "gists_sentence" VALUES(59,'2017-01-06 18:48:07.629387','t9 t9 t9 t9 t9 t9 t9 t9 t9 t9',1.0,3.0,0.5322,15.0,'english','experiment',8,2,8,NULL);
INSERT INTO "gists_sentence" VALUES(60,'2017-01-06 18:48:09.993606','t8 t8 t8 t8 t8 t8 t8 t8 t8 t8',1.0,3.0,5.7586666666666663783e-01,15.0,'english','experiment',7,6,7,NULL);
INSERT INTO "gists_sentence" VALUES(61,'2017-01-06 18:48:10.123682','t0 t0 t0 t0 t0 t0 t0 t0 t0 t0',1.0,3.0,5.41666666666666629659e-01,15.0,'english','experiment',3,12,3,NULL);
INSERT INTO "gists_sentence" VALUES(62,'2017-01-06 18:48:13.394008','t11 t11 t11 t11 t11 t11 t11 t11 t11 t11',1.0,3.0,0.7796,15.0,'english','experiment',3,9,3,NULL);
INSERT INTO "gists_sentence" VALUES(63,'2017-01-06 18:48:16.578037','t1 t1 t1 t1 t1 t1 t1 t1 t1 t1',1.0,10.0,0.19498,50.0,'english','experiment',17,13,5,NULL);
INSERT INTO "gists_sentence" VALUES(64,'2017-01-06 18:48:17.206608','t14 t14 t14 t14 t14 t14 t14 t14 t14 t14',1.0,10.0,0.2692,50.0,'english','experiment',32,10,9,NULL);
INSERT INTO "gists_sentence" VALUES(65,'2017-01-06 18:48:18.404212','t4 t4 t4 t4 t4 t4 t4 t4 t4 t4',1.0,10.0,0.19932,50.0,'english','experiment',17,3,5,NULL);
INSERT INTO "gists_sentence" VALUES(66,'2017-01-06 18:48:18.509763','t7 t7 t7 t7 t7 t7 t7 t7 t7 t7',1.0,10.0,0.1857,50.0,'english','experiment',42,16,7,NULL);
INSERT INTO "gists_sentence" VALUES(67,'2017-01-06 18:48:19.725298','t6 t6 t6 t6 t6 t6 t6 t6 t6 t6',1.0,10.0,0.20536,50.0,'english','experiment',21,15,12,NULL);
INSERT INTO "gists_sentence" VALUES(68,'2017-01-06 18:48:19.825820','t12 t12 t12 t12 t12 t12 t12 t12 t12 t12',1.0,10.0,0.25242,50.0,'english','experiment',44,11,3,NULL);
INSERT INTO "gists_sentence" VALUES(69,'2017-01-06 18:48:20.201591','t2 t2 t2 t2 t2 t2 t2 t2 t2 t2',1.0,10.0,0.19406,50.0,'english','experiment',37,7,11,NULL);
INSERT INTO "gists_sentence" VALUES(70,'2017-01-06 18:48:20.754598','t13 t13 t13 t13 t13 t13 t13 t13 t13 t13',1.0,10.0,0.24564,50.0,'english','experiment',17,5,5,NULL);
INSERT INTO "gists_sentence" VALUES(71,'2017-01-06 18:48:20.927732','t10 t10 t10 t10 t10 t10 t10 t10 t10 t10',1.0,10.0,0.25162,50.0,'english','experiment',37,14,11,NULL);
INSERT INTO "gists_sentence" VALUES(72,'2017-01-06 18:48:22.507706','t3 t3 t3 t3 t3 t3 t3 t3 t3 t3',1.0,10.0,0.1434,50.0,'english','experiment',27,4,8,NULL);
INSERT INTO "gists_sentence" VALUES(73,'2017-01-06 18:48:24.510608','t5 t5 t5 t5 t5 t5 t5 t5 t5 t5',1.0,10.0,0.11548,50.0,'english','experiment',41,8,3,NULL);
INSERT INTO "gists_sentence" VALUES(74,'2017-01-06 18:48:29.370658','t9 t9 t9 t9 t9 t9 t9 t9 t9 t9',1.0,10.0,0.12836,50.0,'english','experiment',44,2,3,NULL);
INSERT INTO "gists_sentence" VALUES(75,'2017-01-06 18:48:31.706911','t8 t8 t8 t8 t8 t8 t8 t8 t8 t8',1.0,10.0,0.142,50.0,'english','experiment',35,6,6,NULL);
INSERT INTO "gists_sentence" VALUES(76,'2017-01-06 18:48:33.795460','t1 t1 t1 t1 t1 t1 t1 t1 t1 t1',1.0,3.0,5.97533333333333360748e-01,15.0,'english','experiment',10,13,10,NULL);
INSERT INTO "gists_sentence" VALUES(77,'2017-01-06 18:48:35.957945','t0 t0 t0 t0 t0 t0 t0 t0 t0 t0',1.0,10.0,0.17906,50.0,'english','experiment',43,12,9,NULL);
INSERT INTO "gists_sentence" VALUES(78,'2017-01-06 18:48:36.123122','t7 t7 t7 t7 t7 t7 t7 t7 t7 t7',1.0,3.0,5.56533333333333324333e-01,15.0,'english','experiment',6,16,6,NULL);
INSERT INTO "gists_sentence" VALUES(79,'2017-01-06 18:48:37.458262','t3 t3 t3 t3 t3 t3 t3 t3 t3 t3',1.0,3.0,5.46266666666666678153e-01,15.0,'english','experiment',10,4,10,NULL);
INSERT INTO "gists_sentence" VALUES(80,'2017-01-06 18:48:39.758298','t10 t10 t10 t10 t10 t10 t10 t10 t10 t10',1.0,3.0,7.65866666666666695562e-01,15.0,'english','experiment',6,14,6,NULL);
INSERT INTO "gists_sentence" VALUES(81,'2017-01-06 18:48:40.739840','t13 t13 t13 t13 t13 t13 t13 t13 t13 t13',1.0,3.0,8.12733333333333307635e-01,15.0,'english','experiment',10,5,10,NULL);
INSERT INTO "gists_sentence" VALUES(82,'2017-01-06 18:48:40.877199','t11 t11 t11 t11 t11 t11 t11 t11 t11 t11',1.0,10.0,0.25166,50.0,'english','experiment',17,9,5,NULL);
INSERT INTO "gists_sentence" VALUES(83,'2017-01-06 18:48:42.270873','t5 t5 t5 t5 t5 t5 t5 t5 t5 t5',1.0,3.0,6.6593333333333337709e-01,15.0,'english','experiment',6,8,6,NULL);
INSERT INTO "gists_sentence" VALUES(84,'2017-01-06 18:48:42.641522','t4 t4 t4 t4 t4 t4 t4 t4 t4 t4',1.0,10.0,0.16898,50.0,'english','experiment',49,3,9,NULL);
INSERT INTO "gists_sentence" VALUES(85,'2017-01-06 18:48:42.837745','t6 t6 t6 t6 t6 t6 t6 t6 t6 t6',1.0,10.0,0.16316,50.0,'english','experiment',27,15,8,NULL);
INSERT INTO "gists_sentence" VALUES(86,'2017-01-06 18:48:43.451363','t2 t2 t2 t2 t2 t2 t2 t2 t2 t2',1.0,10.0,0.16788,50.0,'english','experiment',60,7,7,NULL);
INSERT INTO "gists_sentence" VALUES(87,'2017-01-06 18:48:43.707455','t14 t14 t14 t14 t14 t14 t14 t14 t14 t14',1.0,10.0,0.21,50.0,'english','experiment',24,10,5,NULL);
INSERT INTO "gists_sentence" VALUES(88,'2017-01-06 18:48:44.786439','t12 t12 t12 t12 t12 t12 t12 t12 t12 t12',1.0,10.0,0.1995,50.0,'english','experiment',49,11,9,NULL);
INSERT INTO "gists_sentence" VALUES(89,'2017-01-06 18:48:48.323498','t9 t9 t9 t9 t9 t9 t9 t9 t9 t9',1.0,10.0,0.09776,50.0,'english','experiment',60,2,7,NULL);
INSERT INTO "gists_sentence" VALUES(90,'2017-01-06 18:48:51.406884','t8 t8 t8 t8 t8 t8 t8 t8 t8 t8',1.0,10.0,0.09786,50.0,'english','experiment',23,6,12,NULL);
INSERT INTO "gists_sentence" VALUES(91,'2017-01-06 18:48:56.140760','t1 t1 t1 t1 t1 t1 t1 t1 t1 t1',1.0,10.0,0.1323,50.0,'english','experiment',64,13,9,NULL);
INSERT INTO "gists_sentence" VALUES(92,'2017-01-06 18:48:58.254124','t11 t11 t11 t11 t11 t11 t11 t11 t11 t11',1.0,3.0,0.612,15.0,'english','experiment',7,9,7,NULL);
INSERT INTO "gists_sentence" VALUES(93,'2017-01-06 18:49:00.773540','t7 t7 t7 t7 t7 t7 t7 t7 t7 t7',1.0,10.0,0.16356,50.0,'english','experiment',33,16,11,NULL);
INSERT INTO "gists_sentence" VALUES(94,'2017-01-06 18:49:01.418926','t0 t0 t0 t0 t0 t0 t0 t0 t0 t0',1.0,10.0,0.18612,50.0,'english','experiment',78,12,6,NULL);
INSERT INTO "gists_sentence" VALUES(95,'2017-01-06 18:49:02.980664','t3 t3 t3 t3 t3 t3 t3 t3 t3 t3',1.0,10.0,0.1872,50.0,'english','experiment',78,4,6,NULL);
INSERT INTO "gists_sentence" VALUES(96,'2017-01-06 18:49:05.454777','t6 t6 t6 t6 t6 t6 t6 t6 t6 t6',1.0,10.0,0.1679,50.0,'english','experiment',46,15,5,NULL);
INSERT INTO "gists_sentence" VALUES(97,'2017-01-06 18:49:06.318393','t2 t2 t2 t2 t2 t2 t2 t2 t2 t2',1.0,10.0,0.18124,50.0,'english','experiment',34,7,9,NULL);
INSERT INTO "gists_sentence" VALUES(98,'2017-01-06 18:49:06.524015','t10 t10 t10 t10 t10 t10 t10 t10 t10 t10',1.0,10.0,0.2204,50.0,'english','experiment',59,14,8,NULL);
INSERT INTO "gists_sentence" VALUES(99,'2017-01-06 18:49:07.018138','t5 t5 t5 t5 t5 t5 t5 t5 t5 t5',1.0,10.0,0.198,50.0,'english','experiment',23,8,12,NULL);
INSERT INTO "gists_sentence" VALUES(100,'2017-01-06 18:49:07.998215','t4 t4 t4 t4 t4 t4 t4 t4 t4 t4',1.0,10.0,0.2056,50.0,'english','experiment',30,3,11,NULL);
INSERT INTO "gists_sentence" VALUES(101,'2017-01-06 18:49:08.286173','t8 t8 t8 t8 t8 t8 t8 t8 t8 t8',1.0,3.0,0.6062,15.0,'english','experiment',8,6,8,NULL);
INSERT INTO "gists_sentence" VALUES(102,'2017-01-06 18:49:08.668922','t13 t13 t13 t13 t13 t13 t13 t13 t13 t13',1.0,10.0,0.25392,50.0,'english','experiment',60,5,7,NULL);
INSERT INTO "gists_sentence" VALUES(103,'2017-01-06 18:49:09.095861','t12 t12 t12 t12 t12 t12 t12 t12 t12 t12',1.0,10.0,0.21256,50.0,'english','experiment',59,11,8,NULL);
INSERT INTO "gists_sentence" VALUES(104,'2017-01-06 18:49:09.387160','t14 t14 t14 t14 t14 t14 t14 t14 t14 t14',1.0,10.0,0.236,50.0,'english','experiment',86,10,7,NULL);
INSERT INTO "gists_sentence" VALUES(105,'2017-01-06 18:49:09.861240','t9 t9 t9 t9 t9 t9 t9 t9 t9 t9',1.0,10.0,0.1516,50.0,'english','experiment',23,2,12,NULL);
INSERT INTO "gists_sentence" VALUES(106,'2017-01-06 18:49:15.825783','t1 t1 t1 t1 t1 t1 t1 t1 t1 t1',1.0,10.0,0.0964,50.0,'english','experiment',59,13,8,NULL);
INSERT INTO "gists_sentence" VALUES(107,'2017-01-06 18:49:19.572130','t11 t11 t11 t11 t11 t11 t11 t11 t11 t11',1.0,10.0,0.14364,50.0,'english','experiment',34,9,9,NULL);
INSERT INTO "gists_sentence" VALUES(108,'2017-01-06 18:49:23.403334','t7 t7 t7 t7 t7 t7 t7 t7 t7 t7',1.0,10.0,0.1385,50.0,'english','experiment',56,16,12,NULL);
INSERT INTO "gists_sentence" VALUES(109,'2017-01-06 18:49:24.006252','t0 t0 t0 t0 t0 t0 t0 t0 t0 t0',1.0,10.0,0.141,50.0,'english','experiment',59,12,8,NULL);
INSERT INTO "gists_sentence" VALUES(110,'2017-01-06 18:49:26.374645','t3 t3 t3 t3 t3 t3 t3 t3 t3 t3',1.0,10.0,0.16632,50.0,'english','experiment',71,4,11,NULL);
INSERT INTO "gists_sentence" VALUES(111,'2017-01-06 18:49:30.050501','t6 t6 t6 t6 t6 t6 t6 t6 t6 t6',1.0,10.0,0.18058,50.0,'english','experiment',71,15,11,NULL);
INSERT INTO "gists_sentence" VALUES(112,'2017-01-06 18:49:31.003670','t5 t5 t5 t5 t5 t5 t5 t5 t5 t5',1.0,10.0,0.17778,50.0,'english','experiment',65,8,5,NULL);
INSERT INTO "gists_sentence" VALUES(113,'2017-01-06 18:49:31.559933','t4 t4 t4 t4 t4 t4 t4 t4 t4 t4',1.0,10.0,0.18512,50.0,'english','experiment',101,3,8,NULL);
INSERT INTO "gists_sentence" VALUES(114,'2017-01-06 18:49:31.678279','t2 t2 t2 t2 t2 t2 t2 t2 t2 t2',1.0,10.0,0.20236,50.0,'english','experiment',72,7,8,NULL);
INSERT INTO "gists_sentence" VALUES(115,'2017-01-06 18:49:32.369026','t9 t9 t9 t9 t9 t9 t9 t9 t9 t9',1.0,10.0,0.1768,50.0,'english','experiment',82,2,5,NULL);
INSERT INTO "gists_sentence" VALUES(116,'2017-01-06 18:49:32.488063','t8 t8 t8 t8 t8 t8 t8 t8 t8 t8',1.0,10.0,0.1937,50.0,'english','experiment',40,6,4,NULL);
INSERT INTO "gists_sentence" VALUES(117,'2017-01-06 18:49:33.686894','t10 t10 t10 t10 t10 t10 t10 t10 t10 t10',1.0,10.0,0.23498,50.0,'english','experiment',63,14,5,NULL);
INSERT INTO "gists_sentence" VALUES(118,'2017-01-06 18:49:34.050397','t13 t13 t13 t13 t13 t13 t13 t13 t13 t13',1.0,10.0,0.22352,50.0,'english','experiment',71,5,11,NULL);
INSERT INTO "gists_sentence" VALUES(119,'2017-01-06 18:49:34.172257','t12 t12 t12 t12 t12 t12 t12 t12 t12 t12',1.0,10.0,0.22642,50.0,'english','experiment',92,11,7,NULL);
INSERT INTO "gists_sentence" VALUES(120,'2017-01-06 18:49:34.984593','t14 t14 t14 t14 t14 t14 t14 t14 t14 t14',1.0,10.0,0.2342,50.0,'english','experiment',101,10,8,NULL);
INSERT INTO "gists_sentence" VALUES(121,'2017-01-06 18:49:36.506683','t1 t1 t1 t1 t1 t1 t1 t1 t1 t1',1.0,10.0,0.136,50.0,'english','experiment',92,13,7,NULL);
INSERT INTO "gists_sentence" VALUES(122,'2017-01-06 18:49:40.141294','t11 t11 t11 t11 t11 t11 t11 t11 t11 t11',1.0,10.0,0.13046,50.0,'english','experiment',101,9,8,NULL);
INSERT INTO "gists_sentence" VALUES(123,'2017-01-06 18:49:43.372815','t7 t7 t7 t7 t7 t7 t7 t7 t7 t7',1.0,10.0,0.10224,50.0,'english','experiment',101,16,8,NULL);
INSERT INTO "gists_sentence" VALUES(124,'2017-01-06 18:49:43.606855','t0 t0 t0 t0 t0 t0 t0 t0 t0 t0',1.0,10.0,0.10266,50.0,'english','experiment',92,12,7,NULL);
INSERT INTO "gists_sentence" VALUES(125,'2017-01-06 18:49:45.519500','t3 t3 t3 t3 t3 t3 t3 t3 t3 t3',1.0,10.0,0.09838,50.0,'english','experiment',36,4,4,NULL);
INSERT INTO "gists_sentence" VALUES(126,'2017-01-06 18:49:53.784553','t6 t6 t6 t6 t6 t6 t6 t6 t6 t6',1.0,10.0,0.15692,50.0,'english','experiment',80,15,6,NULL);
INSERT INTO "gists_sentence" VALUES(127,'2017-01-06 18:49:55.046340','t5 t5 t5 t5 t5 t5 t5 t5 t5 t5',1.0,10.0,0.1623,50.0,'english','experiment',81,8,10,NULL);
INSERT INTO "gists_sentence" VALUES(128,'2017-01-06 18:49:56.081506','t2 t2 t2 t2 t2 t2 t2 t2 t2 t2',1.0,10.0,0.17898,50.0,'english','experiment',80,7,6,NULL);
INSERT INTO "gists_sentence" VALUES(129,'2017-01-06 18:49:56.289661','t4 t4 t4 t4 t4 t4 t4 t4 t4 t4',1.0,10.0,0.18232,50.0,'english','experiment',26,3,10,NULL);
INSERT INTO "gists_sentence" VALUES(130,'2017-01-06 18:49:57.335369','t9 t9 t9 t9 t9 t9 t9 t9 t9 t9',1.0,10.0,0.18576,50.0,'english','experiment',79,2,10,NULL);
INSERT INTO "gists_sentence" VALUES(131,'2017-01-06 18:49:57.448532','t8 t8 t8 t8 t8 t8 t8 t8 t8 t8',1.0,10.0,0.18916,50.0,'english','experiment',26,6,10,NULL);
INSERT INTO "gists_sentence" VALUES(132,'2017-01-06 18:49:59.818654','t13 t13 t13 t13 t13 t13 t13 t13 t13 t13',1.0,10.0,0.22926,50.0,'english','experiment',98,5,8,NULL);
INSERT INTO "gists_sentence" VALUES(133,'2017-01-06 18:49:59.873139','t10 t10 t10 t10 t10 t10 t10 t10 t10 t10',1.0,10.0,0.23128,50.0,'english','experiment',51,14,12,NULL);
INSERT INTO "gists_sentence" VALUES(134,'2017-01-06 18:49:59.925678','t1 t1 t1 t1 t1 t1 t1 t1 t1 t1',1.0,10.0,0.18846,50.0,'english','experiment',51,13,12,NULL);
INSERT INTO "gists_sentence" VALUES(135,'2017-01-06 18:49:59.989967','t14 t14 t14 t14 t14 t14 t14 t14 t14 t14',1.0,10.0,0.22518,50.0,'english','experiment',99,10,12,NULL);
INSERT INTO "gists_sentence" VALUES(136,'2017-01-06 18:50:00.024207','t12 t12 t12 t12 t12 t12 t12 t12 t12 t12',1.0,10.0,0.23436,50.0,'english','experiment',99,11,12,NULL);
INSERT INTO "gists_sentence" VALUES(137,'2017-01-06 18:50:03.358963','t11 t11 t11 t11 t11 t11 t11 t11 t11 t11',1.0,10.0,0.18846,50.0,'english','experiment',36,9,4,NULL);
INSERT INTO "gists_sentence" VALUES(138,'2017-01-06 18:50:03.474037','t7 t7 t7 t7 t7 t7 t7 t7 t7 t7',1.0,10.0,0.13048,50.0,'english','experiment',87,16,5,NULL);
INSERT INTO "gists_sentence" VALUES(139,'2017-01-06 18:50:03.750790','t0 t0 t0 t0 t0 t0 t0 t0 t0 t0',1.0,10.0,0.1275,50.0,'english','experiment',36,12,4,NULL);
INSERT INTO "gists_sentence" VALUES(140,'2017-01-06 18:50:04.837163','t3 t3 t3 t3 t3 t3 t3 t3 t3 t3',1.0,10.0,0.10912,50.0,'english','experiment',61,4,3,NULL);
INSERT INTO "gists_sentence" VALUES(141,'2017-01-06 18:50:12.852514','t6 t6 t6 t6 t6 t6 t6 t6 t6 t6',1.0,10.0,0.08432,50.0,'english','experiment',26,15,10,NULL);
INSERT INTO "gists_sentence" VALUES(142,'2017-01-06 18:50:18.522000','t5 t5 t5 t5 t5 t5 t5 t5 t5 t5',1.0,10.0,0.13284,50.0,'english','experiment',39,8,4,NULL);
INSERT INTO "gists_sentence" VALUES(143,'2017-01-06 18:50:19.763493','t4 t4 t4 t4 t4 t4 t4 t4 t4 t4',1.0,10.0,0.13596,50.0,'english','experiment',61,3,3,NULL);
INSERT INTO "gists_sentence" VALUES(144,'2017-01-06 18:50:20.186346','t2 t2 t2 t2 t2 t2 t2 t2 t2 t2',1.0,10.0,0.15092,50.0,'english','experiment',39,7,4,NULL);
INSERT INTO "gists_sentence" VALUES(145,'2017-01-06 18:50:21.497571','t8 t8 t8 t8 t8 t8 t8 t8 t8 t8',1.0,10.0,0.15632,50.0,'english','experiment',61,6,3,NULL);
INSERT INTO "gists_sentence" VALUES(146,'2017-01-06 18:50:22.568159','t1 t1 t1 t1 t1 t1 t1 t1 t1 t1',1.0,10.0,0.16096,50.0,'english','experiment',61,13,3,NULL);
INSERT INTO "gists_sentence" VALUES(147,'2017-01-06 18:50:23.581212','t10 t10 t10 t10 t10 t10 t10 t10 t10 t10',1.0,10.0,0.19174,50.0,'english','experiment',119,14,7,NULL);
INSERT INTO "gists_sentence" VALUES(148,'2017-01-06 18:50:23.868920','t0 t0 t0 t0 t0 t0 t0 t0 t0 t0',1.0,10.0,0.12936,50.0,'english','experiment',28,12,10,NULL);
INSERT INTO "gists_sentence" VALUES(149,'2017-01-06 18:50:23.986110','t13 t13 t13 t13 t13 t13 t13 t13 t13 t13',1.0,10.0,0.1907,50.0,'english','experiment',61,5,3,NULL);
INSERT INTO "gists_sentence" VALUES(150,'2017-01-06 18:50:24.102316','t12 t12 t12 t12 t12 t12 t12 t12 t12 t12',1.0,10.0,0.1878,50.0,'english','experiment',28,11,10,NULL);
INSERT INTO "gists_sentence" VALUES(151,'2017-01-06 18:50:24.206208','t14 t14 t14 t14 t14 t14 t14 t14 t14 t14',1.0,10.0,0.19246,50.0,'english','experiment',39,10,4,NULL);
INSERT INTO "gists_sentence" VALUES(152,'2017-01-06 18:50:24.371562','t7 t7 t7 t7 t7 t7 t7 t7 t7 t7',1.0,10.0,0.1427,50.0,'english','experiment',62,16,3,NULL);
INSERT INTO "gists_sentence" VALUES(153,'2017-01-06 18:50:25.019816','t11 t11 t11 t11 t11 t11 t11 t11 t11 t11',1.0,10.0,0.1624,50.0,'english','experiment',83,9,6,NULL);
INSERT INTO "gists_sentence" VALUES(154,'2017-01-06 18:50:30.223353','t6 t6 t6 t6 t6 t6 t6 t6 t6 t6',1.0,10.0,0.0716,50.0,'english','experiment',62,15,3,NULL);
INSERT INTO "gists_sentence" VALUES(155,'2017-01-06 18:50:40.231900','t1 t1 t1 t1 t1 t1 t1 t1 t1 t1',1.0,10.0,0.0765,50.0,'english','experiment',116,13,4,NULL);
INSERT INTO "gists_sentence" VALUES(156,'2017-01-06 18:50:41.824795','t10 t10 t10 t10 t10 t10 t10 t10 t10 t10',1.0,10.0,0.1018,50.0,'english','experiment',76,14,10,NULL);
INSERT INTO "gists_sentence" VALUES(157,'2017-01-06 18:50:42.074176','t13 t13 t13 t13 t13 t13 t13 t13 t13 t13',1.0,10.0,0.09954,50.0,'english','experiment',83,5,6,NULL);
INSERT INTO "gists_sentence" VALUES(158,'2017-01-06 18:50:42.297340','t12 t12 t12 t12 t12 t12 t12 t12 t12 t12',1.0,10.0,0.10038,50.0,'english','experiment',94,11,6,NULL);
INSERT INTO "gists_sentence" VALUES(159,'2017-01-06 18:50:42.384286','t14 t14 t14 t14 t14 t14 t14 t14 t14 t14',1.0,10.0,0.10114,50.0,'english','experiment',76,10,10,NULL);
INSERT INTO "gists_sentence" VALUES(160,'2017-01-06 18:50:43.162551','t11 t11 t11 t11 t11 t11 t11 t11 t11 t11',1.0,10.0,0.09874,50.0,'english','experiment',76,9,10,NULL);
INSERT INTO "gists_sentence" VALUES(161,'2017-01-06 18:50:59.617838','t10 t10 t10 t10 t10 t10 t10 t10 t10 t10',1.0,10.0,0.0925,50.0,'english','experiment',145,14,3,NULL);
INSERT INTO "gists_sentence" VALUES(162,'2017-01-06 18:51:00.117124','t12 t12 t12 t12 t12 t12 t12 t12 t12 t12',1.0,10.0,0.09222,50.0,'english','experiment',142,11,4,NULL);
CREATE TABLE "gists_tree" ("id" integer NOT NULL PRIMARY KEY AUTOINCREMENT, "created" datetime NOT NULL);
INSERT INTO "gists_tree" VALUES(1,'2017-01-06 18:45:23.388851');
INSERT INTO "gists_tree" VALUES(2,'2017-01-06 18:45:23.389549');
INSERT INTO "gists_tree" VALUES(3,'2017-01-06 18:45:23.390185');
INSERT INTO "gists_tree" VALUES(4,'2017-01-06 18:45:23.390839');
INSERT INTO "gists_tree" VALUES(5,'2017-01-06 18:45:23.391461');
INSERT INTO "gists_tree" VALUES(6,'2017-01-06 18:45:23.392089');
INSERT INTO "gists_tree" VALUES(7,'2017-01-06 18:45:23.392711');
INSERT INTO "gists_tree" VALUES(8,'2017-01-06 18:45:23.393328');
INSERT INTO "gists_tree" VALUES(9,'2017-01-06 18:45:23.393951');
INSERT INTO "gists_tree" VALUES(10,'2017-01-06 18:45:23.394565');
INSERT INTO "gists_tree" VALUES(11,'2017-01-06 18:45:23.395176');
INSERT INTO "gists_tree" VALUES(12,'2017-01-06 18:45:23.395787');
CREATE TABLE "gists_wordspan" ("id" integer NOT NULL PRIMARY KEY AUTOINCREMENT, "created" datetime NOT NULL, "span" smallint unsigned NOT NULL, "score" smallint unsigned NOT NULL, "profile_id" integer NOT NULL UNIQUE REFERENCES "gists_profile" ("id"));
CREATE TABLE "socialaccount_socialaccount" ("id" integer NOT NULL PRIMARY KEY AUTOINCREMENT, "provider" varchar(30) NOT NULL, "last_login" datetime NOT NULL, "date_joined" datetime NOT NULL, "extra_data" text NOT NULL, "user_id" integer NOT NULL REFERENCES "auth_user" ("id"), "uid" varchar(191) NOT NULL);
CREATE TABLE "socialaccount_socialapp" ("id" integer NOT NULL PRIMARY KEY AUTOINCREMENT, "provider" varchar(30) NOT NULL, "name" varchar(40) NOT NULL, "client_id" varchar(191) NOT NULL, "key" varchar(191) NOT NULL, "secret" varchar(191) NOT NULL);
CREATE TABLE "socialaccount_socialapp_sites" ("id" integer NOT NULL PRIMARY KEY AUTOINCREMENT, "socialapp_id" integer NOT NULL REFERENCES "socialaccount_socialapp" ("id"), "site_id" integer NOT NULL REFERENCES "django_site" ("id"));
CREATE TABLE "socialaccount_socialtoken" ("id" integer NOT NULL PRIMARY KEY AUTOINCREMENT, "token" text NOT NULL, "token_secret" text NOT NULL, "expires_at" datetime NULL, "account_id" integer NOT NULL REFERENCES "socialaccount_socialaccount" ("id"), "app_id" integer NOT NULL REFERENCES "socialaccount_socialapp" ("id"));
DELETE FROM "sqlite_sequence";
INSERT INTO "sqlite_sequence" VALUES('django_migrations',21);
INSERT INTO "sqlite_sequence" VALUES('account_emailaddress',15);
INSERT INTO "sqlite_sequence" VALUES('django_admin_log',0);
INSERT INTO "sqlite_sequence" VALUES('django_content_type',21);
INSERT INTO "sqlite_sequence" VALUES('auth_permission',63);
INSERT INTO "sqlite_sequence" VALUES('auth_user',16);
INSERT INTO "sqlite_sequence" VALUES('gists_sentence',162);
INSERT INTO "sqlite_sequence" VALUES('gists_comment',0);
INSERT INTO "sqlite_sequence" VALUES('django_site',1);
INSERT INTO "sqlite_sequence" VALUES('socialaccount_socialtoken',0);
INSERT INTO "sqlite_sequence" VALUES('socialaccount_socialaccount',0);
INSERT INTO "sqlite_sequence" VALUES('socialaccount_socialapp',0);
INSERT INTO "sqlite_sequence" VALUES('gists_gistsconfiguration',1);
INSERT INTO "sqlite_sequence" VALUES('gists_profile',16);
INSERT INTO "sqlite_sequence" VALUES('gists_tree',12);
INSERT INTO "sqlite_sequence" VALUES('account_emailconfirmation',15);
INSERT INTO "sqlite_sequence" VALUES('gists_questionnaire',15);
CREATE UNIQUE INDEX "auth_group_permissions_group_id_0cd325b0_uniq" ON "auth_group_permissions" ("group_id", "permission_id");
CREATE INDEX "auth_group_permissions_0e939a4f" ON "auth_group_permissions" ("group_id");
CREATE INDEX "auth_group_permissions_8373b171" ON "auth_group_permissions" ("permission_id");
CREATE UNIQUE INDEX "auth_user_groups_user_id_94350c0c_uniq" ON "auth_user_groups" ("user_id", "group_id");
CREATE INDEX "auth_user_groups_e8701ad4" ON "auth_user_groups" ("user_id");
CREATE INDEX "auth_user_groups_0e939a4f" ON "auth_user_groups" ("group_id");
CREATE UNIQUE INDEX "auth_user_user_permissions_user_id_14a6b632_uniq" ON "auth_user_user_permissions" ("user_id", "permission_id");
CREATE INDEX "auth_user_user_permissions_e8701ad4" ON "auth_user_user_permissions" ("user_id");
CREATE INDEX "auth_user_user_permissions_8373b171" ON "auth_user_user_permissions" ("permission_id");
CREATE INDEX "account_emailconfirmation_6f1edeac" ON "account_emailconfirmation" ("email_address_id");
CREATE INDEX "account_emailaddress_e8701ad4" ON "account_emailaddress" ("user_id");
CREATE INDEX "django_admin_log_417f1b1c" ON "django_admin_log" ("content_type_id");
CREATE INDEX "django_admin_log_e8701ad4" ON "django_admin_log" ("user_id");
CREATE UNIQUE INDEX "django_content_type_app_label_76bd3d3b_uniq" ON "django_content_type" ("app_label", "model");
CREATE UNIQUE INDEX "auth_permission_content_type_id_01ab375a_uniq" ON "auth_permission" ("content_type_id", "codename");
CREATE INDEX "auth_permission_417f1b1c" ON "auth_permission" ("content_type_id");
CREATE INDEX "gists_sentence_6be37982" ON "gists_sentence" ("parent_id");
CREATE INDEX "gists_sentence_83a0eb3f" ON "gists_sentence" ("profile_id");
CREATE INDEX "gists_sentence_656442a0" ON "gists_sentence" ("tree_id");
CREATE INDEX "gists_comment_83a0eb3f" ON "gists_comment" ("profile_id");
CREATE INDEX "django_session_de54fa62" ON "django_session" ("expire_date");
CREATE UNIQUE INDEX "socialaccount_socialapp_sites_socialapp_id_71a9a768_uniq" ON "socialaccount_socialapp_sites" ("socialapp_id", "site_id");
CREATE INDEX "socialaccount_socialapp_sites_fe95b0a0" ON "socialaccount_socialapp_sites" ("socialapp_id");
CREATE INDEX "socialaccount_socialapp_sites_9365d6e7" ON "socialaccount_socialapp_sites" ("site_id");
CREATE UNIQUE INDEX "socialaccount_socialtoken_app_id_fca4e0ac_uniq" ON "socialaccount_socialtoken" ("app_id", "account_id");
CREATE INDEX "socialaccount_socialtoken_8a089c2a" ON "socialaccount_socialtoken" ("account_id");
CREATE INDEX "socialaccount_socialtoken_f382adfe" ON "socialaccount_socialtoken" ("app_id");
CREATE UNIQUE INDEX "socialaccount_socialaccount_provider_fc810c6e_uniq" ON "socialaccount_socialaccount" ("provider", "uid");
CREATE INDEX "socialaccount_socialaccount_e8701ad4" ON "socialaccount_socialaccount" ("user_id");
COMMIT;
