BEGIN TRANSACTION;
CREATE TABLE "account_emailaddress" ("id" integer NOT NULL PRIMARY KEY AUTOINCREMENT, "verified" bool NOT NULL, "primary" bool NOT NULL, "user_id" integer NOT NULL REFERENCES "auth_user" ("id"), "email" varchar(254) NOT NULL UNIQUE);
INSERT INTO "account_emailaddress" VALUES(1,0,1,2,'t2@browser.test');
INSERT INTO "account_emailaddress" VALUES(2,0,1,3,'t8@browser.test');
INSERT INTO "account_emailaddress" VALUES(3,0,1,4,'t10@browser.test');
INSERT INTO "account_emailaddress" VALUES(4,0,1,5,'t11@browser.test');
INSERT INTO "account_emailaddress" VALUES(5,0,1,6,'t3@browser.test');
INSERT INTO "account_emailaddress" VALUES(6,0,1,7,'t7@browser.test');
INSERT INTO "account_emailaddress" VALUES(7,0,1,8,'t6@browser.test');
INSERT INTO "account_emailaddress" VALUES(8,0,1,9,'t14@browser.test');
INSERT INTO "account_emailaddress" VALUES(9,0,1,10,'t1@browser.test');
INSERT INTO "account_emailaddress" VALUES(10,0,1,11,'t4@browser.test');
INSERT INTO "account_emailaddress" VALUES(11,0,1,12,'t9@browser.test');
INSERT INTO "account_emailaddress" VALUES(12,0,1,13,'t5@browser.test');
INSERT INTO "account_emailaddress" VALUES(13,0,1,14,'t13@browser.test');
INSERT INTO "account_emailaddress" VALUES(14,0,1,15,'t12@browser.test');
INSERT INTO "account_emailaddress" VALUES(15,0,1,16,'t0@browser.test');
CREATE TABLE "account_emailconfirmation" ("id" integer NOT NULL PRIMARY KEY AUTOINCREMENT, "created" datetime NOT NULL, "sent" datetime NULL, "key" varchar(64) NOT NULL UNIQUE, "email_address_id" integer NOT NULL REFERENCES "account_emailaddress" ("id"));
INSERT INTO "account_emailconfirmation" VALUES(1,'2017-01-06 18:15:08.294074','2017-01-06 18:15:08.349487','sqfzylijw9b5krk1m0ktqe9jvjw1vpp6dh8fnxwuyaaxurigsmejxj9gzckg2amb',1);
INSERT INTO "account_emailconfirmation" VALUES(2,'2017-01-06 18:15:09.470095','2017-01-06 18:15:09.481404','bbvlznslvwf92qlv01pxtajg6qeqjqpdqdmtaol2hrxbdi6xrhrbdnnzsyknjy9c',2);
INSERT INTO "account_emailconfirmation" VALUES(3,'2017-01-06 18:15:09.959312','2017-01-06 18:15:09.987573','3krjcra1oksyjzt60eqtan4t36psuv29bev8ueycrdqiwqimbtjegcszs2mtloze',3);
INSERT INTO "account_emailconfirmation" VALUES(4,'2017-01-06 18:15:12.814881','2017-01-06 18:15:12.843024','aghiz9nugl7fdxpjhwtf1mumdqp7uhufgnkdhxmekimvkoe9suhs6gs1iwdabady',4);
INSERT INTO "account_emailconfirmation" VALUES(5,'2017-01-06 18:15:15.062262','2017-01-06 18:15:15.099526','rku6rwh3xkno6xxifnkmzk9ummidhf0rwyaxutv2f34irmd8uots6cy7uoi3tvrn',5);
INSERT INTO "account_emailconfirmation" VALUES(6,'2017-01-06 18:15:18.598427','2017-01-06 18:15:18.641090','fauec7bvpcnqp5fneiobvt55ubsqk0koe0hpwjlnyoc3kn12s7twcqkurr4uijih',6);
INSERT INTO "account_emailconfirmation" VALUES(7,'2017-01-06 18:15:21.631265','2017-01-06 18:15:21.638145','slzcejfv64ah0iqd3isc1kjiurltkcqw6mc1r0nw9fxmd4gzpwxd1wmtp7jjahyg',7);
INSERT INTO "account_emailconfirmation" VALUES(8,'2017-01-06 18:15:22.179005','2017-01-06 18:15:22.223216','h1ggrx0lqyg1wb6vzj7qnqo8mpwp7s1gxthmwv5zsbdi7p0q6jaqjg2stvncragx',8);
INSERT INTO "account_emailconfirmation" VALUES(9,'2017-01-06 18:15:24.718440','2017-01-06 18:15:24.759332','ufnoqhcv8rejuc00aqxotmbbp0ddauhovgayep0cf5qfdhtzoaisdl1l6ztcsx2f',9);
INSERT INTO "account_emailconfirmation" VALUES(10,'2017-01-06 18:15:25.389448','2017-01-06 18:15:25.399125','nz3hevws0v28kfgrzektlxfy9nxcg6f6k0bp8dkvuejgasicm48pgeqoaeafoqzg',10);
INSERT INTO "account_emailconfirmation" VALUES(11,'2017-01-06 18:15:27.586902','2017-01-06 18:15:27.617140','pegajjdnhbtrlo882nibo74ysnu32wgoxzi5iwbyjn6a6ekjvcdshcdtlzxzntg5',11);
INSERT INTO "account_emailconfirmation" VALUES(12,'2017-01-06 18:15:28.237971','2017-01-06 18:15:28.271074','pq6cxjvfzr32zdnra845ojzstjdmyclut3eiq2uw9dc58pwdpsan76agg122aeyr',12);
INSERT INTO "account_emailconfirmation" VALUES(13,'2017-01-06 18:15:28.738353','2017-01-06 18:15:28.791968','gyezj92q8bixd7njs2afgj9j04vwetymfhxbkkbfbko6uxt21cz7qskvrmh7qsv0',13);
INSERT INTO "account_emailconfirmation" VALUES(14,'2017-01-06 18:15:29.897603','2017-01-06 18:15:29.923550','34zafqx3a0m8awb2haok6m3r4eogudw1ppaqkqcskoa906fwtkunufdfyzdvlwiu',14);
INSERT INTO "account_emailconfirmation" VALUES(15,'2017-01-06 18:15:30.566249','2017-01-06 18:15:30.572852','uktvw1v9ufy4oo4ntlkpz3cptn37pxk8uaoraq8ogseqd4asborp5efxh4civvza',15);
CREATE TABLE "auth_group" ("id" integer NOT NULL PRIMARY KEY AUTOINCREMENT, "name" varchar(80) NOT NULL UNIQUE);
CREATE TABLE "auth_group_permissions" ("id" integer NOT NULL PRIMARY KEY AUTOINCREMENT, "group_id" integer NOT NULL REFERENCES "auth_group" ("id"), "permission_id" integer NOT NULL REFERENCES "auth_permission" ("id"));
CREATE TABLE "auth_permission" ("id" integer NOT NULL PRIMARY KEY AUTOINCREMENT, "content_type_id" integer NOT NULL REFERENCES "django_content_type" ("id"), "codename" varchar(100) NOT NULL, "name" varchar(255) NOT NULL);
INSERT INTO "auth_permission" VALUES(1,1,'add_logentry','Can add log entry');
INSERT INTO "auth_permission" VALUES(2,1,'change_logentry','Can change log entry');
INSERT INTO "auth_permission" VALUES(3,1,'delete_logentry','Can delete log entry');
INSERT INTO "auth_permission" VALUES(4,2,'add_permission','Can add permission');
INSERT INTO "auth_permission" VALUES(5,2,'change_permission','Can change permission');
INSERT INTO "auth_permission" VALUES(6,2,'delete_permission','Can delete permission');
INSERT INTO "auth_permission" VALUES(7,3,'add_group','Can add group');
INSERT INTO "auth_permission" VALUES(8,3,'change_group','Can change group');
INSERT INTO "auth_permission" VALUES(9,3,'delete_group','Can delete group');
INSERT INTO "auth_permission" VALUES(10,4,'add_user','Can add user');
INSERT INTO "auth_permission" VALUES(11,4,'change_user','Can change user');
INSERT INTO "auth_permission" VALUES(12,4,'delete_user','Can delete user');
INSERT INTO "auth_permission" VALUES(13,5,'add_contenttype','Can add content type');
INSERT INTO "auth_permission" VALUES(14,5,'change_contenttype','Can change content type');
INSERT INTO "auth_permission" VALUES(15,5,'delete_contenttype','Can delete content type');
INSERT INTO "auth_permission" VALUES(16,6,'add_session','Can add session');
INSERT INTO "auth_permission" VALUES(17,6,'change_session','Can change session');
INSERT INTO "auth_permission" VALUES(18,6,'delete_session','Can delete session');
INSERT INTO "auth_permission" VALUES(19,7,'add_site','Can add site');
INSERT INTO "auth_permission" VALUES(20,7,'change_site','Can change site');
INSERT INTO "auth_permission" VALUES(21,7,'delete_site','Can delete site');
INSERT INTO "auth_permission" VALUES(22,8,'add_token','Can add token');
INSERT INTO "auth_permission" VALUES(23,8,'change_token','Can change token');
INSERT INTO "auth_permission" VALUES(24,8,'delete_token','Can delete token');
INSERT INTO "auth_permission" VALUES(25,9,'add_emailaddress','Can add email address');
INSERT INTO "auth_permission" VALUES(26,9,'change_emailaddress','Can change email address');
INSERT INTO "auth_permission" VALUES(27,9,'delete_emailaddress','Can delete email address');
INSERT INTO "auth_permission" VALUES(28,10,'add_emailconfirmation','Can add email confirmation');
INSERT INTO "auth_permission" VALUES(29,10,'change_emailconfirmation','Can change email confirmation');
INSERT INTO "auth_permission" VALUES(30,10,'delete_emailconfirmation','Can delete email confirmation');
INSERT INTO "auth_permission" VALUES(31,11,'add_socialapp','Can add social application');
INSERT INTO "auth_permission" VALUES(32,11,'change_socialapp','Can change social application');
INSERT INTO "auth_permission" VALUES(33,11,'delete_socialapp','Can delete social application');
INSERT INTO "auth_permission" VALUES(34,12,'add_socialaccount','Can add social account');
INSERT INTO "auth_permission" VALUES(35,12,'change_socialaccount','Can change social account');
INSERT INTO "auth_permission" VALUES(36,12,'delete_socialaccount','Can delete social account');
INSERT INTO "auth_permission" VALUES(37,13,'add_socialtoken','Can add social application token');
INSERT INTO "auth_permission" VALUES(38,13,'change_socialtoken','Can change social application token');
INSERT INTO "auth_permission" VALUES(39,13,'delete_socialtoken','Can delete social application token');
INSERT INTO "auth_permission" VALUES(40,14,'add_corsmodel','Can add cors model');
INSERT INTO "auth_permission" VALUES(41,14,'change_corsmodel','Can change cors model');
INSERT INTO "auth_permission" VALUES(42,14,'delete_corsmodel','Can delete cors model');
INSERT INTO "auth_permission" VALUES(43,15,'add_gistsconfiguration','Can add Gists Configuration');
INSERT INTO "auth_permission" VALUES(44,15,'change_gistsconfiguration','Can change Gists Configuration');
INSERT INTO "auth_permission" VALUES(45,15,'delete_gistsconfiguration','Can delete Gists Configuration');
INSERT INTO "auth_permission" VALUES(46,16,'add_sentence','Can add sentence');
INSERT INTO "auth_permission" VALUES(47,16,'change_sentence','Can change sentence');
INSERT INTO "auth_permission" VALUES(48,16,'delete_sentence','Can delete sentence');
INSERT INTO "auth_permission" VALUES(49,17,'add_tree','Can add tree');
INSERT INTO "auth_permission" VALUES(50,17,'change_tree','Can change tree');
INSERT INTO "auth_permission" VALUES(51,17,'delete_tree','Can delete tree');
INSERT INTO "auth_permission" VALUES(52,18,'add_profile','Can add profile');
INSERT INTO "auth_permission" VALUES(53,18,'change_profile','Can change profile');
INSERT INTO "auth_permission" VALUES(54,18,'delete_profile','Can delete profile');
INSERT INTO "auth_permission" VALUES(55,19,'add_questionnaire','Can add questionnaire');
INSERT INTO "auth_permission" VALUES(56,19,'change_questionnaire','Can change questionnaire');
INSERT INTO "auth_permission" VALUES(57,19,'delete_questionnaire','Can delete questionnaire');
INSERT INTO "auth_permission" VALUES(58,20,'add_wordspan','Can add word span');
INSERT INTO "auth_permission" VALUES(59,20,'change_wordspan','Can change word span');
INSERT INTO "auth_permission" VALUES(60,20,'delete_wordspan','Can delete word span');
INSERT INTO "auth_permission" VALUES(61,21,'add_comment','Can add comment');
INSERT INTO "auth_permission" VALUES(62,21,'change_comment','Can change comment');
INSERT INTO "auth_permission" VALUES(63,21,'delete_comment','Can delete comment');
CREATE TABLE "auth_user" ("id" integer NOT NULL PRIMARY KEY AUTOINCREMENT, "password" varchar(128) NOT NULL, "last_login" datetime NULL, "is_superuser" bool NOT NULL, "first_name" varchar(30) NOT NULL, "last_name" varchar(30) NOT NULL, "email" varchar(254) NOT NULL, "is_staff" bool NOT NULL, "is_active" bool NOT NULL, "date_joined" datetime NOT NULL, "username" varchar(30) NOT NULL UNIQUE);
INSERT INTO "auth_user" VALUES(1,'pbkdf2_sha256$24000$swyoIvau31OJ$jgV3fJr/JuDDszpPrpSmB2iF0Hjoy9T2gCCJeto4f+M=',NULL,1,'','','admin@example.com',1,1,'2017-01-06 18:15:01.447774','admin');
INSERT INTO "auth_user" VALUES(2,'pbkdf2_sha256$24000$Uhg7G62loWlF$6gaCMkQF1HuGU5IekckLuy1VbyUFK9KXMZ0JdWEsFQE=','2017-01-06 18:15:08.355888',0,'','','t2@browser.test',0,1,'2017-01-06 18:15:08.260744','t2');
INSERT INTO "auth_user" VALUES(3,'pbkdf2_sha256$24000$guWPltu5tn28$dZFeGadS+tnqKD9UPOY3c2wunsbpYTUjxjA6GKXu/FE=','2017-01-06 18:15:09.506800',0,'','','t8@browser.test',0,1,'2017-01-06 18:15:09.285528','t8');
INSERT INTO "auth_user" VALUES(4,'pbkdf2_sha256$24000$C5W8nwosoVu1$fyX9bxbGI78vy4UmuaJooIv/Pvz0jd9pVwr3cFZKW/E=','2017-01-06 18:15:09.998911',0,'','','t10@browser.test',0,1,'2017-01-06 18:15:09.864875','t10');
INSERT INTO "auth_user" VALUES(5,'pbkdf2_sha256$24000$pnfHy6CwUssC$QwfW5Fcr9910xv1Mn6n161Z/SOoP4o/eVj086iEebwk=','2017-01-06 18:15:12.858250',0,'','','t11@browser.test',0,1,'2017-01-06 18:15:12.320058','t11');
INSERT INTO "auth_user" VALUES(6,'pbkdf2_sha256$24000$MzbT3lUftnkq$7fvjs/j7LaLpWPmyqwf0bRCZCT1ktzmqqP0eblYgjaY=','2017-01-06 18:15:15.127889',0,'','','t3@browser.test',0,1,'2017-01-06 18:15:14.840568','t3');
INSERT INTO "auth_user" VALUES(7,'pbkdf2_sha256$24000$V6VaYgSC27aX$kdzCC3tfibYeX57kAJqloUnfantmmwXdjo05HOQkW+A=','2017-01-06 18:15:18.705608',0,'','','t7@browser.test',0,1,'2017-01-06 18:15:18.077971','t7');
INSERT INTO "auth_user" VALUES(8,'pbkdf2_sha256$24000$f4taKZcxYz4J$QEADLJ0sDhc4VfSC7m1L+lb1gmZDcCHIPDyd/Zt+5G4=','2017-01-06 18:15:21.719655',0,'','','t6@browser.test',0,1,'2017-01-06 18:15:21.229113','t6');
INSERT INTO "auth_user" VALUES(9,'pbkdf2_sha256$24000$49khnzah4iN0$NWYBvSaArg4IfDxAuCzP/QEje0KUN/N69XFz5pwk7kU=','2017-01-06 18:15:22.271971',0,'','','t14@browser.test',0,1,'2017-01-06 18:15:21.831561','t14');
INSERT INTO "auth_user" VALUES(10,'pbkdf2_sha256$24000$BQK95tdln7g7$Q52RAm4nly58kMLsmDK2KYuBshBwUI+4Bpp8nZ5Z4gk=','2017-01-06 18:15:24.782994',0,'','','t1@browser.test',0,1,'2017-01-06 18:15:24.356626','t1');
INSERT INTO "auth_user" VALUES(11,'pbkdf2_sha256$24000$LNHK4AplfWU1$A9MUSE/Zz2Jz5c4GH8oh5ZYK4Ke6lKsaHnOglHvS9mo=','2017-01-06 18:15:25.405691',0,'','','t4@browser.test',0,1,'2017-01-06 18:15:25.208389','t4');
INSERT INTO "auth_user" VALUES(12,'pbkdf2_sha256$24000$xlz8rGhRnRX3$7YlQQCclQd/dHG9pNIorOpO9IZIUWp97PwYqhL/FS/o=','2017-01-06 18:15:27.658025',0,'','','t9@browser.test',0,1,'2017-01-06 18:15:27.298106','t9');
INSERT INTO "auth_user" VALUES(13,'pbkdf2_sha256$24000$4aVF6R42zMed$feKo9a+glRlKQq1u7d4n1FTuyrwFDti1ZKJ7TQXq/+w=','2017-01-06 18:15:28.348399',0,'','','t5@browser.test',0,1,'2017-01-06 18:15:27.790534','t5');
INSERT INTO "auth_user" VALUES(14,'pbkdf2_sha256$24000$gRH34GWq0voT$bxAPHjxSBhjGOPIvH8KAx28n4y8Dhh2oQxQ9RzAOOVQ=','2017-01-06 18:15:28.800807',0,'','','t13@browser.test',0,1,'2017-01-06 18:15:28.499106','t13');
INSERT INTO "auth_user" VALUES(15,'pbkdf2_sha256$24000$pcTvkWymjofO$SsdPeV4ad4XKLZeO9zXuyFEuV8Bc1zcSRL24+tALicY=','2017-01-06 18:15:29.980742',0,'','','t12@browser.test',0,1,'2017-01-06 18:15:29.567320','t12');
INSERT INTO "auth_user" VALUES(16,'pbkdf2_sha256$24000$z16AuXqyXrhF$OpbuF9dA0rVxKb093K0Nnpfle2dqnWflK/gb9d1MpDQ=','2017-01-06 18:15:30.584847',0,'','','t0@browser.test',0,1,'2017-01-06 18:15:30.338952','t0');
CREATE TABLE "auth_user_groups" ("id" integer NOT NULL PRIMARY KEY AUTOINCREMENT, "user_id" integer NOT NULL REFERENCES "auth_user" ("id"), "group_id" integer NOT NULL REFERENCES "auth_group" ("id"));
CREATE TABLE "auth_user_user_permissions" ("id" integer NOT NULL PRIMARY KEY AUTOINCREMENT, "user_id" integer NOT NULL REFERENCES "auth_user" ("id"), "permission_id" integer NOT NULL REFERENCES "auth_permission" ("id"));
CREATE TABLE "authtoken_token" ("key" varchar(40) NOT NULL PRIMARY KEY, "created" datetime NOT NULL, "user_id" integer NOT NULL UNIQUE REFERENCES "auth_user" ("id"));
INSERT INTO "authtoken_token" VALUES('de77943b36c215f716f0aca51e6564c453be4a36','2017-01-06 18:15:08.292131',2);
INSERT INTO "authtoken_token" VALUES('c90687ec1bac005fbf4f60bd310c06ef280dbb7d','2017-01-06 18:15:09.445210',3);
INSERT INTO "authtoken_token" VALUES('0684c68e23aee2980d15cba2019b160a48e7f0e5','2017-01-06 18:15:09.956108',4);
INSERT INTO "authtoken_token" VALUES('951a7225aa8567c0cfc5d16ef266f07a188c180a','2017-01-06 18:15:12.805709',5);
INSERT INTO "authtoken_token" VALUES('21ddc01a12410afb8cf2d1271f8f05291d83d198','2017-01-06 18:15:15.052385',6);
INSERT INTO "authtoken_token" VALUES('8f63586e22a9e7b207ca9ff6196c867323f01f19','2017-01-06 18:15:18.559871',7);
INSERT INTO "authtoken_token" VALUES('2e121dd0b6159a3a408e39ead7d094632099fe14','2017-01-06 18:15:21.606156',8);
INSERT INTO "authtoken_token" VALUES('6f61c4894892981dbd53ff81e3784c89e8cb4905','2017-01-06 18:15:22.132739',9);
INSERT INTO "authtoken_token" VALUES('a9ba356795fb49f055ebefb16c54473864748305','2017-01-06 18:15:24.671775',10);
INSERT INTO "authtoken_token" VALUES('77834327f628ea9fb30936b9fd7d4d366f446ba3','2017-01-06 18:15:25.384661',11);
INSERT INTO "authtoken_token" VALUES('f7184d29399ad3a321f4b457fc0f8926f694d061','2017-01-06 18:15:27.540980',12);
INSERT INTO "authtoken_token" VALUES('ebbd357eb050ff2b7a93d754baa3a1b7fd40b5d4','2017-01-06 18:15:28.234387',13);
INSERT INTO "authtoken_token" VALUES('e083ccd8d4f8f21b18e5a109447120226b5f1365','2017-01-06 18:15:28.734344',14);
INSERT INTO "authtoken_token" VALUES('912a81af5ccfc1a32bacf1e243f3041ac6109357','2017-01-06 18:15:29.887619',15);
INSERT INTO "authtoken_token" VALUES('197ed1d6c8f1d18c94ffd906a0c57fbe1d4ad049','2017-01-06 18:15:30.555467',16);
CREATE TABLE "corsheaders_corsmodel" ("id" integer NOT NULL PRIMARY KEY AUTOINCREMENT, "cors" varchar(255) NOT NULL);
CREATE TABLE "django_admin_log" ("id" integer NOT NULL PRIMARY KEY AUTOINCREMENT, "object_id" text NULL, "object_repr" varchar(200) NOT NULL, "action_flag" smallint unsigned NOT NULL, "change_message" text NOT NULL, "content_type_id" integer NULL REFERENCES "django_content_type" ("id"), "user_id" integer NOT NULL REFERENCES "auth_user" ("id"), "action_time" datetime NOT NULL);
CREATE TABLE "django_content_type" ("id" integer NOT NULL PRIMARY KEY AUTOINCREMENT, "app_label" varchar(100) NOT NULL, "model" varchar(100) NOT NULL);
INSERT INTO "django_content_type" VALUES(1,'admin','logentry');
INSERT INTO "django_content_type" VALUES(2,'auth','permission');
INSERT INTO "django_content_type" VALUES(3,'auth','group');
INSERT INTO "django_content_type" VALUES(4,'auth','user');
INSERT INTO "django_content_type" VALUES(5,'contenttypes','contenttype');
INSERT INTO "django_content_type" VALUES(6,'sessions','session');
INSERT INTO "django_content_type" VALUES(7,'sites','site');
INSERT INTO "django_content_type" VALUES(8,'authtoken','token');
INSERT INTO "django_content_type" VALUES(9,'account','emailaddress');
INSERT INTO "django_content_type" VALUES(10,'account','emailconfirmation');
INSERT INTO "django_content_type" VALUES(11,'socialaccount','socialapp');
INSERT INTO "django_content_type" VALUES(12,'socialaccount','socialaccount');
INSERT INTO "django_content_type" VALUES(13,'socialaccount','socialtoken');
INSERT INTO "django_content_type" VALUES(14,'corsheaders','corsmodel');
INSERT INTO "django_content_type" VALUES(15,'gists','gistsconfiguration');
INSERT INTO "django_content_type" VALUES(16,'gists','sentence');
INSERT INTO "django_content_type" VALUES(17,'gists','tree');
INSERT INTO "django_content_type" VALUES(18,'gists','profile');
INSERT INTO "django_content_type" VALUES(19,'gists','questionnaire');
INSERT INTO "django_content_type" VALUES(20,'gists','wordspan');
INSERT INTO "django_content_type" VALUES(21,'gists','comment');
CREATE TABLE "django_migrations" ("id" integer NOT NULL PRIMARY KEY AUTOINCREMENT, "app" varchar(255) NOT NULL, "name" varchar(255) NOT NULL, "applied" datetime NOT NULL);
INSERT INTO "django_migrations" VALUES(1,'contenttypes','0001_initial','2017-01-06 18:15:00.895110');
INSERT INTO "django_migrations" VALUES(2,'auth','0001_initial','2017-01-06 18:15:00.937621');
INSERT INTO "django_migrations" VALUES(3,'account','0001_initial','2017-01-06 18:15:00.952878');
INSERT INTO "django_migrations" VALUES(4,'account','0002_email_max_length','2017-01-06 18:15:00.962017');
INSERT INTO "django_migrations" VALUES(5,'admin','0001_initial','2017-01-06 18:15:00.971261');
INSERT INTO "django_migrations" VALUES(6,'admin','0002_logentry_remove_auto_add','2017-01-06 18:15:00.981622');
INSERT INTO "django_migrations" VALUES(7,'contenttypes','0002_remove_content_type_name','2017-01-06 18:15:01.010446');
INSERT INTO "django_migrations" VALUES(8,'auth','0002_alter_permission_name_max_length','2017-01-06 18:15:01.020313');
INSERT INTO "django_migrations" VALUES(9,'auth','0003_alter_user_email_max_length','2017-01-06 18:15:01.030139');
INSERT INTO "django_migrations" VALUES(10,'auth','0004_alter_user_username_opts','2017-01-06 18:15:01.040093');
INSERT INTO "django_migrations" VALUES(11,'auth','0005_alter_user_last_login_null','2017-01-06 18:15:01.049939');
INSERT INTO "django_migrations" VALUES(12,'auth','0006_require_contenttypes_0002','2017-01-06 18:15:01.050526');
INSERT INTO "django_migrations" VALUES(13,'auth','0007_alter_validators_add_error_messages','2017-01-06 18:15:01.062333');
INSERT INTO "django_migrations" VALUES(14,'authtoken','0001_initial','2017-01-06 18:15:01.071483');
INSERT INTO "django_migrations" VALUES(15,'gists','0001_initial','2017-01-06 18:15:01.180716');
INSERT INTO "django_migrations" VALUES(16,'gists','0002_comment_meta','2017-01-06 18:15:01.198941');
INSERT INTO "django_migrations" VALUES(17,'sessions','0001_initial','2017-01-06 18:15:01.201655');
INSERT INTO "django_migrations" VALUES(18,'sites','0001_initial','2017-01-06 18:15:01.204190');
INSERT INTO "django_migrations" VALUES(19,'sites','0002_alter_domain_unique','2017-01-06 18:15:01.208009');
INSERT INTO "django_migrations" VALUES(20,'socialaccount','0001_initial','2017-01-06 18:15:01.285570');
INSERT INTO "django_migrations" VALUES(21,'socialaccount','0002_token_max_lengths','2017-01-06 18:15:01.362141');
CREATE TABLE "django_session" ("session_key" varchar(40) NOT NULL PRIMARY KEY, "session_data" text NOT NULL, "expire_date" datetime NOT NULL);
INSERT INTO "django_session" VALUES('2bg08qwqy07obhcakkszyy0nfia2w9rw','N2U5MzllZTliNjE2NjY3OTFjNGYxOTI1N2ZkYmEwNTJlMTMxNGVmMzp7ImFjY291bnRfdmVyaWZpZWRfZW1haWwiOm51bGwsImFjY291bnRfdXNlciI6IjIiLCJfYXV0aF91c2VyX2lkIjoiMiIsIl9hdXRoX3VzZXJfYmFja2VuZCI6ImFsbGF1dGguYWNjb3VudC5hdXRoX2JhY2tlbmRzLkF1dGhlbnRpY2F0aW9uQmFja2VuZCIsIl9hdXRoX3VzZXJfaGFzaCI6IjFiN2UyZmNjM2YzZTE4YzE2NmMxMGY2YmRkNGVhYjFhOTMxNTZiNDEifQ==','2017-01-20 18:15:08.360056');
INSERT INTO "django_session" VALUES('4a6dcrbepqd2je58s027jer1gzobua1m','NDdjMWYyZTFkNTQ1YWVmZmQzYzVmYjdmZjU3YmUxYWQ0ZjIwMzIxNzp7ImFjY291bnRfdmVyaWZpZWRfZW1haWwiOm51bGwsImFjY291bnRfdXNlciI6IjMiLCJfYXV0aF91c2VyX2lkIjoiMyIsIl9hdXRoX3VzZXJfYmFja2VuZCI6ImFsbGF1dGguYWNjb3VudC5hdXRoX2JhY2tlbmRzLkF1dGhlbnRpY2F0aW9uQmFja2VuZCIsIl9hdXRoX3VzZXJfaGFzaCI6ImI1NzY2OTc0NGYzNDZlMWFmYjkwNTdlODMyNDU4OWFmMTQxYTQzM2QifQ==','2017-01-20 18:15:09.515801');
INSERT INTO "django_session" VALUES('4qbaxxoeo5jgbj76vax4j1hbwi6r9lb7','ODU1ZTRhMzU0YTI1MjM1M2MwNjEzOTIwMjgyODVmMTQ5NGYzZDY3ODp7ImFjY291bnRfdmVyaWZpZWRfZW1haWwiOm51bGwsImFjY291bnRfdXNlciI6IjQiLCJfYXV0aF91c2VyX2lkIjoiNCIsIl9hdXRoX3VzZXJfYmFja2VuZCI6ImFsbGF1dGguYWNjb3VudC5hdXRoX2JhY2tlbmRzLkF1dGhlbnRpY2F0aW9uQmFja2VuZCIsIl9hdXRoX3VzZXJfaGFzaCI6IjI1YTNkYWIyNTA3ZTFjOTQxODU4ZTY2ZWVjM2ZjZTM3MThhNDFiNjQifQ==','2017-01-20 18:15:10.006810');
INSERT INTO "django_session" VALUES('fmngrd7j33589yej424r1a0h9xe8xcop','YWMzYWFlOWM2MGEzYjMyNjBhOTU4ZTFjZWQ1NmE1OGZhMDU0MjQ5Mzp7ImFjY291bnRfdmVyaWZpZWRfZW1haWwiOm51bGwsImFjY291bnRfdXNlciI6IjUiLCJfYXV0aF91c2VyX2lkIjoiNSIsIl9hdXRoX3VzZXJfYmFja2VuZCI6ImFsbGF1dGguYWNjb3VudC5hdXRoX2JhY2tlbmRzLkF1dGhlbnRpY2F0aW9uQmFja2VuZCIsIl9hdXRoX3VzZXJfaGFzaCI6ImRlZTUzMGNmMmViMDQwNzdkMzQ1NTVhNjdkNmJkYWRkMDNjYzZlZTkifQ==','2017-01-20 18:15:12.871936');
INSERT INTO "django_session" VALUES('u6eljg1yppbomkva1b3aqexki5vkijfg','ODZjMDUwMjJjYTA0ZmNjNjJlMjJhMGZhYjc1MTM2MzJiNjhkMjAxMTp7ImFjY291bnRfdmVyaWZpZWRfZW1haWwiOm51bGwsImFjY291bnRfdXNlciI6IjYiLCJfYXV0aF91c2VyX2lkIjoiNiIsIl9hdXRoX3VzZXJfYmFja2VuZCI6ImFsbGF1dGguYWNjb3VudC5hdXRoX2JhY2tlbmRzLkF1dGhlbnRpY2F0aW9uQmFja2VuZCIsIl9hdXRoX3VzZXJfaGFzaCI6ImRjNDQ3MTI2NGEwNmUxODM5NTA1YWJhNmMzYWE0NjhjZjVjZTA3NzgifQ==','2017-01-20 18:15:15.161635');
INSERT INTO "django_session" VALUES('gf7mydd209xgfsgvqc2kiwr8rt7w2r3l','ODc2MmNlYTRiNjEyODdiZDBiOTdlNTNlNjFjNmMxMTIyMWUyMTk3Yjp7ImFjY291bnRfdmVyaWZpZWRfZW1haWwiOm51bGwsImFjY291bnRfdXNlciI6IjciLCJfYXV0aF91c2VyX2lkIjoiNyIsIl9hdXRoX3VzZXJfYmFja2VuZCI6ImFsbGF1dGguYWNjb3VudC5hdXRoX2JhY2tlbmRzLkF1dGhlbnRpY2F0aW9uQmFja2VuZCIsIl9hdXRoX3VzZXJfaGFzaCI6ImNjZWU1MWZkMzI5MzBiZGM2OTViYjQ5YzczOWE2MjM0MWE5YjBmMjQifQ==','2017-01-20 18:15:18.756621');
INSERT INTO "django_session" VALUES('alf7fyjobcom1zyh0wc5avek5qf6mork','NzNiNTJjMWI0ZGI5NGJmYTE5MzdmOWYwNTY3ODdiYzAzMzc3OGY4ZTp7ImFjY291bnRfdmVyaWZpZWRfZW1haWwiOm51bGwsImFjY291bnRfdXNlciI6IjgiLCJfYXV0aF91c2VyX2lkIjoiOCIsIl9hdXRoX3VzZXJfYmFja2VuZCI6ImFsbGF1dGguYWNjb3VudC5hdXRoX2JhY2tlbmRzLkF1dGhlbnRpY2F0aW9uQmFja2VuZCIsIl9hdXRoX3VzZXJfaGFzaCI6IjkyMGE1YjE5ZWU1NDYxOWI5YTEzNTdmNjEyMDU2MjJiZWVhZTBhMDgifQ==','2017-01-20 18:15:21.768882');
INSERT INTO "django_session" VALUES('f4qkqm38u9xc8nik7sbpvmoo6j2mgwuj','YjlmODg0MDIyMGQxY2EyYmNmY2E4MTRhYTBkOTk1ZDJlNDFkMDljOTp7ImFjY291bnRfdmVyaWZpZWRfZW1haWwiOm51bGwsImFjY291bnRfdXNlciI6IjkiLCJfYXV0aF91c2VyX2lkIjoiOSIsIl9hdXRoX3VzZXJfYmFja2VuZCI6ImFsbGF1dGguYWNjb3VudC5hdXRoX2JhY2tlbmRzLkF1dGhlbnRpY2F0aW9uQmFja2VuZCIsIl9hdXRoX3VzZXJfaGFzaCI6ImMyZTk3ZWQwZWZmYmU3YmYyMzRmYTBiMzZlNzcwNGI0YzU2Mzg2NmEifQ==','2017-01-20 18:15:22.289125');
INSERT INTO "django_session" VALUES('9ce3nlva0vucc8ajhut6m2a8bkdpiqoj','YzAzNjRjYzE0OGFjMTg0NjczMDBiOGI0ODQ5Y2MyYTI4NDhlNThmNjp7ImFjY291bnRfdmVyaWZpZWRfZW1haWwiOm51bGwsImFjY291bnRfdXNlciI6ImEiLCJfYXV0aF91c2VyX2lkIjoiMTAiLCJfYXV0aF91c2VyX2JhY2tlbmQiOiJhbGxhdXRoLmFjY291bnQuYXV0aF9iYWNrZW5kcy5BdXRoZW50aWNhdGlvbkJhY2tlbmQiLCJfYXV0aF91c2VyX2hhc2giOiIyNGExOThkMmE2YTFhMWM2OGU4MjdjMTBiMDE0ZmRkMjkwYzFhMmZiIn0=','2017-01-20 18:15:24.809377');
INSERT INTO "django_session" VALUES('i7rxuaf1araj1dh4gptgfpemxrh0gnek','NGE2ZTM2MjllYmQ0OTFmMGVmZDQ4OWYyMDEwMTNkOGYzZWU5NDg5Njp7ImFjY291bnRfdmVyaWZpZWRfZW1haWwiOm51bGwsImFjY291bnRfdXNlciI6ImIiLCJfYXV0aF91c2VyX2lkIjoiMTEiLCJfYXV0aF91c2VyX2JhY2tlbmQiOiJhbGxhdXRoLmFjY291bnQuYXV0aF9iYWNrZW5kcy5BdXRoZW50aWNhdGlvbkJhY2tlbmQiLCJfYXV0aF91c2VyX2hhc2giOiJmODNmMmRkMGEzODUwNjI2OTAzMWM5ZGY0ZmY3MDA2YjYzYjU5MzJkIn0=','2017-01-20 18:15:25.411537');
INSERT INTO "django_session" VALUES('x3t3nackkp9fvxcubkogpnk5f4f5xees','MzRmNDllNWNhY2NmM2EyNWQ3NWYxZWExNTNhNmI2N2FhMTk5NGJmMDp7ImFjY291bnRfdmVyaWZpZWRfZW1haWwiOm51bGwsImFjY291bnRfdXNlciI6ImMiLCJfYXV0aF91c2VyX2lkIjoiMTIiLCJfYXV0aF91c2VyX2JhY2tlbmQiOiJhbGxhdXRoLmFjY291bnQuYXV0aF9iYWNrZW5kcy5BdXRoZW50aWNhdGlvbkJhY2tlbmQiLCJfYXV0aF91c2VyX2hhc2giOiI0OTYzZGU3NGJkNDY3OTJiZjNjZGRmZWMxYTU2OWM1NTlhMmJjMzA0In0=','2017-01-20 18:15:27.690123');
INSERT INTO "django_session" VALUES('i0mxfci3dj9o5bau2u7rvejt4sxf02q7','ODViOTY3ZTJiMTk3ZDk5ZjM3Njg0NjM5MWY4MmMyYWI2MTEzNjRlNzp7ImFjY291bnRfdmVyaWZpZWRfZW1haWwiOm51bGwsImFjY291bnRfdXNlciI6ImQiLCJfYXV0aF91c2VyX2lkIjoiMTMiLCJfYXV0aF91c2VyX2JhY2tlbmQiOiJhbGxhdXRoLmFjY291bnQuYXV0aF9iYWNrZW5kcy5BdXRoZW50aWNhdGlvbkJhY2tlbmQiLCJfYXV0aF91c2VyX2hhc2giOiIyNTY4ZTQ5NWQxODRiNTllNmU4YzgyYmE3YjFlMzliZmE5Y2MwZDAxIn0=','2017-01-20 18:15:28.353007');
INSERT INTO "django_session" VALUES('hg6sbsn28ou4p8xfyquetsle3uwomwp2','NTdiMzljOGU0OTdiMDIyMTZhZDQzMTc1Y2E2ZDgxZTM3ZmMwMzA3Mzp7ImFjY291bnRfdmVyaWZpZWRfZW1haWwiOm51bGwsImFjY291bnRfdXNlciI6ImUiLCJfYXV0aF91c2VyX2lkIjoiMTQiLCJfYXV0aF91c2VyX2JhY2tlbmQiOiJhbGxhdXRoLmFjY291bnQuYXV0aF9iYWNrZW5kcy5BdXRoZW50aWNhdGlvbkJhY2tlbmQiLCJfYXV0aF91c2VyX2hhc2giOiJkNzE0ZjY4OWE3NmQ5N2Y4NzA1ZDUzMjA3NWRmOTA1M2U1NGNlN2E3In0=','2017-01-20 18:15:28.807595');
INSERT INTO "django_session" VALUES('mwcwlru8bjswbhkl146zbp378fgmly8w','OGIzYTQ2ODZiMWExNmMyOTQ4ZTAxMzA1MWI5YTI5YzNlZGQ0NDVkYTp7ImFjY291bnRfdmVyaWZpZWRfZW1haWwiOm51bGwsImFjY291bnRfdXNlciI6ImYiLCJfYXV0aF91c2VyX2lkIjoiMTUiLCJfYXV0aF91c2VyX2JhY2tlbmQiOiJhbGxhdXRoLmFjY291bnQuYXV0aF9iYWNrZW5kcy5BdXRoZW50aWNhdGlvbkJhY2tlbmQiLCJfYXV0aF91c2VyX2hhc2giOiI4MWQ0ZDhlZmQ5YmRmZTJjNjk5ODEwNWJlZDUxNzBjOTM0NjdhMjI4In0=','2017-01-20 18:15:29.985510');
INSERT INTO "django_session" VALUES('xnrpj49w6vchakoeux377zdt4apsumvl','MDRlYWRmZmUwYWNmMjQwNzVjNjZmODFkMzJmYWM2Y2RjNTRhOGNjNDp7ImFjY291bnRfdmVyaWZpZWRfZW1haWwiOm51bGwsImFjY291bnRfdXNlciI6ImciLCJfYXV0aF91c2VyX2lkIjoiMTYiLCJfYXV0aF91c2VyX2JhY2tlbmQiOiJhbGxhdXRoLmFjY291bnQuYXV0aF9iYWNrZW5kcy5BdXRoZW50aWNhdGlvbkJhY2tlbmQiLCJfYXV0aF91c2VyX2hhc2giOiJlNjgzZjE3MGU4NWU3MzRmYjlmMTUzOTA3NDc5Y2JlYWRjMmFjYTZlIn0=','2017-01-20 18:15:30.601479');
CREATE TABLE "django_site" ("id" integer NOT NULL PRIMARY KEY AUTOINCREMENT, "name" varchar(50) NOT NULL, "domain" varchar(100) NOT NULL UNIQUE);
INSERT INTO "django_site" VALUES(1,'example.com','example.com');
CREATE TABLE "gists_comment" ("id" integer NOT NULL PRIMARY KEY AUTOINCREMENT, "created" datetime NOT NULL, "email" varchar(254) NOT NULL, "text" varchar(5000) NOT NULL, "profile_id" integer NOT NULL REFERENCES "gists_profile" ("id"), "meta" varchar(5000) NOT NULL);
CREATE TABLE "gists_gistsconfiguration" ("id" integer NOT NULL PRIMARY KEY AUTOINCREMENT, "target_branch_depth" integer unsigned NOT NULL, "target_branch_count" integer unsigned NOT NULL, "branch_probability" real NOT NULL, "read_factor" integer unsigned NOT NULL, "write_factor" integer unsigned NOT NULL, "min_tokens" integer unsigned NOT NULL, "pause_period" integer unsigned NOT NULL, "experiment_work" integer unsigned NOT NULL, "training_work" integer unsigned NOT NULL, "base_credit" integer unsigned NOT NULL);
INSERT INTO "gists_gistsconfiguration" VALUES(1,5,3,0.2,1,5,10,10,10,2,0);
CREATE TABLE "gists_profile" ("id" integer NOT NULL PRIMARY KEY AUTOINCREMENT, "created" datetime NOT NULL, "mothertongue" varchar(100) NOT NULL, "trained_reformulations" bool NOT NULL, "introduced_exp_home" bool NOT NULL, "introduced_exp_play" bool NOT NULL, "introduced_play_home" bool NOT NULL, "introduced_play_play" bool NOT NULL, "prolific_id" varchar(50) NULL, "user_id" integer NOT NULL UNIQUE REFERENCES "auth_user" ("id"));
INSERT INTO "gists_profile" VALUES(1,'2017-01-06 18:15:01.468978','english',0,0,0,0,0,NULL,1);
INSERT INTO "gists_profile" VALUES(2,'2017-01-06 18:15:08.413317','english',1,1,1,0,0,NULL,2);
INSERT INTO "gists_profile" VALUES(3,'2017-01-06 18:15:09.610419','english',1,1,1,0,0,NULL,3);
INSERT INTO "gists_profile" VALUES(4,'2017-01-06 18:15:10.104918','english',1,1,1,0,0,NULL,4);
INSERT INTO "gists_profile" VALUES(5,'2017-01-06 18:15:13.489351','english',1,1,1,0,0,NULL,5);
INSERT INTO "gists_profile" VALUES(6,'2017-01-06 18:15:15.290937','english',1,1,1,0,0,NULL,6);
INSERT INTO "gists_profile" VALUES(7,'2017-01-06 18:15:19.053470','english',1,1,1,0,0,NULL,7);
INSERT INTO "gists_profile" VALUES(8,'2017-01-06 18:15:22.770339','english',1,1,1,0,0,NULL,8);
INSERT INTO "gists_profile" VALUES(9,'2017-01-06 18:15:23.579395','english',1,1,1,0,0,NULL,9);
INSERT INTO "gists_profile" VALUES(10,'2017-01-06 18:15:26.506495','english',1,1,1,0,0,NULL,10);
INSERT INTO "gists_profile" VALUES(11,'2017-01-06 18:15:26.940754','english',1,1,1,0,0,NULL,11);
INSERT INTO "gists_profile" VALUES(12,'2017-01-06 18:15:30.074461','english',1,1,1,0,0,NULL,12);
INSERT INTO "gists_profile" VALUES(13,'2017-01-06 18:15:30.755712','english',1,1,1,0,0,NULL,13);
INSERT INTO "gists_profile" VALUES(14,'2017-01-06 18:15:31.186175','english',1,1,1,0,0,NULL,14);
INSERT INTO "gists_profile" VALUES(15,'2017-01-06 18:15:32.363580','english',1,1,1,0,0,NULL,15);
INSERT INTO "gists_profile" VALUES(16,'2017-01-06 18:15:33.030714','english',1,1,1,0,0,NULL,16);
CREATE TABLE "gists_questionnaire" ("id" integer NOT NULL PRIMARY KEY AUTOINCREMENT, "created" datetime NOT NULL, "age" smallint unsigned NOT NULL, "gender" varchar(100) NOT NULL, "informed" bool NOT NULL, "informed_how" varchar(500) NOT NULL, "informed_what" varchar(500) NOT NULL, "education_level" varchar(5) NOT NULL, "education_freetext" varchar(500) NOT NULL, "job_type" varchar(5) NOT NULL, "job_freetext" varchar(500) NOT NULL, "profile_id" integer NOT NULL UNIQUE REFERENCES "gists_profile" ("id"));
INSERT INTO "gists_questionnaire" VALUES(1,'2017-01-06 18:15:22.618270',20,'other',0,'-----','-----','3','Some education','-','Some job',2);
INSERT INTO "gists_questionnaire" VALUES(2,'2017-01-06 18:15:25.445540',20,'other',0,'-----','-----','3','Some education','-','Some job',3);
INSERT INTO "gists_questionnaire" VALUES(3,'2017-01-06 18:15:25.847853',20,'other',0,'-----','-----','3','Some education','-','Some job',4);
INSERT INTO "gists_questionnaire" VALUES(4,'2017-01-06 18:15:30.008432',20,'other',0,'-----','-----','3','Some education','-','Some job',5);
INSERT INTO "gists_questionnaire" VALUES(5,'2017-01-06 18:15:31.430948',20,'other',0,'-----','-----','3','Some education','-','Some job',6);
INSERT INTO "gists_questionnaire" VALUES(6,'2017-01-06 18:15:34.521056',20,'other',0,'-----','-----','3','Some education','-','Some job',7);
INSERT INTO "gists_questionnaire" VALUES(7,'2017-01-06 18:15:39.706509',20,'other',0,'-----','-----','3','Some education','-','Some job',9);
INSERT INTO "gists_questionnaire" VALUES(8,'2017-01-06 18:15:39.823678',20,'other',0,'-----','-----','3','Some education','-','Some job',8);
INSERT INTO "gists_questionnaire" VALUES(9,'2017-01-06 18:15:43.824992',20,'other',0,'-----','-----','3','Some education','-','Some job',10);
INSERT INTO "gists_questionnaire" VALUES(10,'2017-01-06 18:15:44.468610',20,'other',0,'-----','-----','3','Some education','-','Some job',11);
INSERT INTO "gists_questionnaire" VALUES(11,'2017-01-06 18:15:48.344112',20,'other',0,'-----','-----','3','Some education','-','Some job',12);
INSERT INTO "gists_questionnaire" VALUES(12,'2017-01-06 18:15:49.669776',20,'other',0,'-----','-----','3','Some education','-','Some job',14);
INSERT INTO "gists_questionnaire" VALUES(13,'2017-01-06 18:15:50.323771',20,'other',0,'-----','-----','3','Some education','-','Some job',13);
INSERT INTO "gists_questionnaire" VALUES(14,'2017-01-06 18:15:50.981340',20,'other',0,'-----','-----','3','Some education','-','Some job',16);
INSERT INTO "gists_questionnaire" VALUES(15,'2017-01-06 18:15:51.470849',20,'other',0,'-----','-----','3','Some education','-','Some job',15);
CREATE TABLE "gists_sentence" ("id" integer NOT NULL PRIMARY KEY AUTOINCREMENT, "created" datetime NOT NULL, "text" varchar(5000) NOT NULL, "read_time_proportion" real NOT NULL, "read_time_allotted" real NOT NULL, "write_time_proportion" real NOT NULL, "write_time_allotted" real NOT NULL, "language" varchar(100) NOT NULL, "bucket" varchar(100) NOT NULL, "parent_id" integer NULL REFERENCES "gists_sentence" ("id"), "profile_id" integer NOT NULL REFERENCES "gists_profile" ("id"), "tree_id" integer NOT NULL REFERENCES "gists_tree" ("id"), "tree_as_root_id" integer NULL UNIQUE REFERENCES "gists_tree" ("id"));
INSERT INTO "gists_sentence" VALUES(1,'2017-01-06 18:15:01.469670','training root 0',0.0,0.0,0.0,0.0,'english','training',NULL,1,1,1);
INSERT INTO "gists_sentence" VALUES(2,'2017-01-06 18:15:01.470305','training root 1',0.0,0.0,0.0,0.0,'english','training',NULL,1,2,2);
INSERT INTO "gists_sentence" VALUES(3,'2017-01-06 18:15:01.470965','experiment root 0',0.0,0.0,0.0,0.0,'english','experiment',NULL,1,3,3);
INSERT INTO "gists_sentence" VALUES(4,'2017-01-06 18:15:01.471604','experiment root 1',0.0,0.0,0.0,0.0,'english','experiment',NULL,1,4,4);
INSERT INTO "gists_sentence" VALUES(5,'2017-01-06 18:15:01.472226','experiment root 2',0.0,0.0,0.0,0.0,'english','experiment',NULL,1,5,5);
INSERT INTO "gists_sentence" VALUES(6,'2017-01-06 18:15:01.472852','experiment root 3',0.0,0.0,0.0,0.0,'english','experiment',NULL,1,6,6);
INSERT INTO "gists_sentence" VALUES(7,'2017-01-06 18:15:01.473473','experiment root 4',0.0,0.0,0.0,0.0,'english','experiment',NULL,1,7,7);
INSERT INTO "gists_sentence" VALUES(8,'2017-01-06 18:15:01.474105','experiment root 5',0.0,0.0,0.0,0.0,'english','experiment',NULL,1,8,8);
INSERT INTO "gists_sentence" VALUES(9,'2017-01-06 18:15:01.474726','experiment root 6',0.0,0.0,0.0,0.0,'english','experiment',NULL,1,9,9);
INSERT INTO "gists_sentence" VALUES(10,'2017-01-06 18:15:01.475350','experiment root 7',0.0,0.0,0.0,0.0,'english','experiment',NULL,1,10,10);
INSERT INTO "gists_sentence" VALUES(11,'2017-01-06 18:15:01.475971','experiment root 8',0.0,0.0,0.0,0.0,'english','experiment',NULL,1,11,11);
INSERT INTO "gists_sentence" VALUES(12,'2017-01-06 18:15:01.476597','experiment root 9',0.0,0.0,0.0,0.0,'english','experiment',NULL,1,12,12);
INSERT INTO "gists_sentence" VALUES(13,'2017-01-06 18:16:26.350800','t2 t2 t2 t2 t2 t2 t2 t2 t2 t2',1.0,3.0,5.78933333333333299819e-01,15.0,'english','experiment',11,2,11,NULL);
INSERT INTO "gists_sentence" VALUES(14,'2017-01-06 18:16:29.636435','t8 t8 t8 t8 t8 t8 t8 t8 t8 t8',1.0,3.0,0.5814,15.0,'english','experiment',11,3,11,NULL);
INSERT INTO "gists_sentence" VALUES(15,'2017-01-06 18:16:34.699845','t3 t3 t3 t3 t3 t3 t3 t3 t3 t3',1.0,3.0,0.5536,15.0,'english','experiment',10,6,10,NULL);
INSERT INTO "gists_sentence" VALUES(16,'2017-01-06 18:16:37.536247','t10 t10 t10 t10 t10 t10 t10 t10 t10 t10',1.0,3.0,0.8166,15.0,'english','experiment',11,4,11,NULL);
INSERT INTO "gists_sentence" VALUES(17,'2017-01-06 18:16:41.495023','t7 t7 t7 t7 t7 t7 t7 t7 t7 t7',1.0,3.0,6.48666666666666613672e-01,15.0,'english','experiment',7,7,7,NULL);
INSERT INTO "gists_sentence" VALUES(18,'2017-01-06 18:16:42.412645','t11 t11 t11 t11 t11 t11 t11 t11 t11 t11',1.0,3.0,7.4486666666666667691e-01,15.0,'english','experiment',11,5,11,NULL);
INSERT INTO "gists_sentence" VALUES(19,'2017-01-06 18:16:44.597761','t2 t2 t2 t2 t2 t2 t2 t2 t2 t2',1.0,3.0,6.38266666666666648843e-01,15.0,'english','experiment',3,2,3,NULL);
INSERT INTO "gists_sentence" VALUES(20,'2017-01-06 18:16:44.921766','t6 t6 t6 t6 t6 t6 t6 t6 t6 t6',1.0,3.0,5.87066666666666625573e-01,15.0,'english','experiment',8,8,8,NULL);
INSERT INTO "gists_sentence" VALUES(21,'2017-01-06 18:16:48.128007','t1 t1 t1 t1 t1 t1 t1 t1 t1 t1',1.0,3.0,0.6542,15.0,'english','experiment',11,10,11,NULL);
INSERT INTO "gists_sentence" VALUES(22,'2017-01-06 18:16:48.219474','t8 t8 t8 t8 t8 t8 t8 t8 t8 t8',1.0,3.0,6.18666666666666698048e-01,15.0,'english','experiment',7,3,7,NULL);
INSERT INTO "gists_sentence" VALUES(23,'2017-01-06 18:16:48.784160','t4 t4 t4 t4 t4 t4 t4 t4 t4 t4',1.0,3.0,0.5792,15.0,'english','experiment',7,11,7,NULL);
INSERT INTO "gists_sentence" VALUES(24,'2017-01-06 18:16:50.350130','t9 t9 t9 t9 t9 t9 t9 t9 t9 t9',1.0,3.0,5.36666666666666625218e-01,15.0,'english','experiment',5,12,5,NULL);
INSERT INTO "gists_sentence" VALUES(25,'2017-01-06 18:16:51.134480','t14 t14 t14 t14 t14 t14 t14 t14 t14 t14',1.0,3.0,0.7956,15.0,'english','experiment',9,9,9,NULL);
INSERT INTO "gists_sentence" VALUES(26,'2017-01-06 18:16:51.865549','t3 t3 t3 t3 t3 t3 t3 t3 t3 t3',1.0,3.0,0.616,15.0,'english','experiment',5,6,5,NULL);
INSERT INTO "gists_sentence" VALUES(27,'2017-01-06 18:16:54.702259','t5 t5 t5 t5 t5 t5 t5 t5 t5 t5',1.0,3.0,0.5296,15.0,'english','experiment',5,13,5,NULL);
INSERT INTO "gists_sentence" VALUES(28,'2017-01-06 18:16:55.984887','t0 t0 t0 t0 t0 t0 t0 t0 t0 t0',1.0,3.0,5.79933333333333300707e-01,15.0,'english','experiment',12,16,12,NULL);
INSERT INTO "gists_sentence" VALUES(29,'2017-01-06 18:16:56.867037','t10 t10 t10 t10 t10 t10 t10 t10 t10 t10',1.0,3.0,6.94466666666666676555e-01,15.0,'english','experiment',7,4,7,NULL);
INSERT INTO "gists_sentence" VALUES(30,'2017-01-06 18:17:00.848748','t11 t11 t11 t11 t11 t11 t11 t11 t11 t11',1.0,3.0,6.84866666666666623619e-01,15.0,'english','experiment',9,5,9,NULL);
INSERT INTO "gists_sentence" VALUES(31,'2017-01-06 18:17:01.396119','t2 t2 t2 t2 t2 t2 t2 t2 t2 t2',1.0,3.0,5.21733333333333382242e-01,15.0,'english','experiment',7,2,7,NULL);
INSERT INTO "gists_sentence" VALUES(32,'2017-01-06 18:17:03.801807','t6 t6 t6 t6 t6 t6 t6 t6 t6 t6',1.0,3.0,0.631,15.0,'english','experiment',6,8,6,NULL);
INSERT INTO "gists_sentence" VALUES(33,'2017-01-06 18:17:04.699003','t7 t7 t7 t7 t7 t7 t7 t7 t7 t7',1.0,10.0,0.16808,50.0,'english','experiment',15,7,10,NULL);
INSERT INTO "gists_sentence" VALUES(34,'2017-01-06 18:17:04.896425','t4 t4 t4 t4 t4 t4 t4 t4 t4 t4',1.0,3.0,5.8626666666666671368e-01,15.0,'english','experiment',5,11,5,NULL);
INSERT INTO "gists_sentence" VALUES(35,'2017-01-06 18:17:05.020455','t8 t8 t8 t8 t8 t8 t8 t8 t8 t8',1.0,3.0,0.6204,15.0,'english','experiment',6,3,6,NULL);
INSERT INTO "gists_sentence" VALUES(36,'2017-01-06 18:17:07.064381','t3 t3 t3 t3 t3 t3 t3 t3 t3 t3',1.0,3.0,5.20133333333333336412e-01,15.0,'english','experiment',4,6,4,NULL);
INSERT INTO "gists_sentence" VALUES(37,'2017-01-06 18:17:07.921077','t13 t13 t13 t13 t13 t13 t13 t13 t13 t13',1.0,10.0,0.1945,50.0,'english','experiment',15,14,10,NULL);
INSERT INTO "gists_sentence" VALUES(38,'2017-01-06 18:17:10.369227','t1 t1 t1 t1 t1 t1 t1 t1 t1 t1',1.0,10.0,0.14628,50.0,'english','experiment',20,10,8,NULL);
INSERT INTO "gists_sentence" VALUES(39,'2017-01-06 18:17:10.464890','t5 t5 t5 t5 t5 t5 t5 t5 t5 t5',1.0,3.0,5.21333333333333315273e-01,15.0,'english','experiment',6,13,6,NULL);
INSERT INTO "gists_sentence" VALUES(40,'2017-01-06 18:17:11.450223','t9 t9 t9 t9 t9 t9 t9 t9 t9 t9',1.0,10.0,0.14074,50.0,'english','experiment',23,12,7,NULL);
INSERT INTO "gists_sentence" VALUES(41,'2017-01-06 18:17:12.033370','t12 t12 t12 t12 t12 t12 t12 t12 t12 t12',1.0,10.0,0.1986,50.0,'english','experiment',15,15,10,NULL);
INSERT INTO "gists_sentence" VALUES(42,'2017-01-06 18:17:15.252573','t14 t14 t14 t14 t14 t14 t14 t14 t14 t14',1.0,10.0,0.19612,50.0,'english','experiment',23,9,7,NULL);
INSERT INTO "gists_sentence" VALUES(43,'2017-01-06 18:17:17.750705','t0 t0 t0 t0 t0 t0 t0 t0 t0 t0',1.0,10.0,0.1396,50.0,'english','experiment',20,16,8,NULL);
INSERT INTO "gists_sentence" VALUES(44,'2017-01-06 18:17:19.937901','t11 t11 t11 t11 t11 t11 t11 t11 t11 t11',1.0,3.0,6.82333333333333347248e-01,15.0,'english','experiment',3,5,3,NULL);
INSERT INTO "gists_sentence" VALUES(45,'2017-01-06 18:17:20.885585','t7 t7 t7 t7 t7 t7 t7 t7 t7 t7',1.0,3.0,4.75666666666666682061e-01,15.0,'english','experiment',8,7,8,NULL);
INSERT INTO "gists_sentence" VALUES(46,'2017-01-06 18:17:21.484828','t10 t10 t10 t10 t10 t10 t10 t10 t10 t10',1.0,10.0,0.2138,50.0,'english','experiment',25,4,9,NULL);
INSERT INTO "gists_sentence" VALUES(47,'2017-01-06 18:17:23.197926','t3 t3 t3 t3 t3 t3 t3 t3 t3 t3',1.0,3.0,5.05266666666666641738e-01,15.0,'english','experiment',9,6,9,NULL);
INSERT INTO "gists_sentence" VALUES(48,'2017-01-06 18:17:23.282623','t8 t8 t8 t8 t8 t8 t8 t8 t8 t8',1.0,3.0,0.5636,15.0,'english','experiment',12,3,12,NULL);
INSERT INTO "gists_sentence" VALUES(49,'2017-01-06 18:17:25.250505','t1 t1 t1 t1 t1 t1 t1 t1 t1 t1',1.0,3.0,4.60333333333333316605e-01,15.0,'english','experiment',3,10,3,NULL);
INSERT INTO "gists_sentence" VALUES(50,'2017-01-06 18:17:25.301354','t2 t2 t2 t2 t2 t2 t2 t2 t2 t2',1.0,10.0,0.1692,50.0,'english','experiment',25,2,9,NULL);
INSERT INTO "gists_sentence" VALUES(51,'2017-01-06 18:17:28.199166','t6 t6 t6 t6 t6 t6 t6 t6 t6 t6',1.0,10.0,0.16954,50.0,'english','experiment',19,8,3,NULL);
INSERT INTO "gists_sentence" VALUES(52,'2017-01-06 18:17:28.487211','t4 t4 t4 t4 t4 t4 t4 t4 t4 t4',1.0,10.0,0.13832,50.0,'english','experiment',20,11,8,NULL);
INSERT INTO "gists_sentence" VALUES(53,'2017-01-06 18:17:32.249205','t13 t13 t13 t13 t13 t13 t13 t13 t13 t13',1.0,10.0,0.18982,50.0,'english','experiment',36,14,4,NULL);
INSERT INTO "gists_sentence" VALUES(54,'2017-01-06 18:17:32.770224','t5 t5 t5 t5 t5 t5 t5 t5 t5 t5',1.0,10.0,0.14642,50.0,'english','experiment',38,13,8,NULL);
INSERT INTO "gists_sentence" VALUES(55,'2017-01-06 18:17:34.080139','t9 t9 t9 t9 t9 t9 t9 t9 t9 t9',1.0,10.0,0.16318,50.0,'english','experiment',41,12,10,NULL);
INSERT INTO "gists_sentence" VALUES(56,'2017-01-06 18:17:35.585119','t12 t12 t12 t12 t12 t12 t12 t12 t12 t12',1.0,10.0,0.19092,50.0,'english','experiment',30,15,9,NULL);
INSERT INTO "gists_sentence" VALUES(57,'2017-01-06 18:17:36.020731','t7 t7 t7 t7 t7 t7 t7 t7 t7 t7',1.0,3.0,5.2406666666666668064e-01,15.0,'english','experiment',9,7,9,NULL);
INSERT INTO "gists_sentence" VALUES(58,'2017-01-06 18:17:39.929991','t14 t14 t14 t14 t14 t14 t14 t14 t14 t14',1.0,10.0,0.20024,50.0,'english','experiment',38,9,8,NULL);
INSERT INTO "gists_sentence" VALUES(59,'2017-01-06 18:17:40.432450','t0 t0 t0 t0 t0 t0 t0 t0 t0 t0',1.0,10.0,0.16388,50.0,'english','experiment',32,16,6,NULL);
INSERT INTO "gists_sentence" VALUES(60,'2017-01-06 18:17:43.865370','t11 t11 t11 t11 t11 t11 t11 t11 t11 t11',1.0,10.0,0.1881,50.0,'english','experiment',32,5,6,NULL);
INSERT INTO "gists_sentence" VALUES(61,'2017-01-06 18:17:45.665213','t10 t10 t10 t10 t10 t10 t10 t10 t10 t10',1.0,10.0,0.19174,50.0,'english','experiment',44,4,3,NULL);
INSERT INTO "gists_sentence" VALUES(62,'2017-01-06 18:17:45.829127','t3 t3 t3 t3 t3 t3 t3 t3 t3 t3',1.0,10.0,0.15336,50.0,'english','experiment',45,6,8,NULL);
INSERT INTO "gists_sentence" VALUES(63,'2017-01-06 18:17:46.812798','t8 t8 t8 t8 t8 t8 t8 t8 t8 t8',1.0,10.0,0.17414,50.0,'english','experiment',19,3,3,NULL);
INSERT INTO "gists_sentence" VALUES(64,'2017-01-06 18:17:47.617781','t1 t1 t1 t1 t1 t1 t1 t1 t1 t1',1.0,10.0,0.15494,50.0,'english','experiment',30,10,9,NULL);
INSERT INTO "gists_sentence" VALUES(65,'2017-01-06 18:17:48.301995','t2 t2 t2 t2 t2 t2 t2 t2 t2 t2',1.0,10.0,0.1584,50.0,'english','experiment',37,2,10,NULL);
INSERT INTO "gists_sentence" VALUES(66,'2017-01-06 18:17:51.173852','t6 t6 t6 t6 t6 t6 t6 t6 t6 t6',1.0,10.0,0.15752,50.0,'english','experiment',30,8,9,NULL);
INSERT INTO "gists_sentence" VALUES(67,'2017-01-06 18:17:51.614008','t4 t4 t4 t4 t4 t4 t4 t4 t4 t4',1.0,10.0,0.1572,50.0,'english','experiment',36,11,4,NULL);
INSERT INTO "gists_sentence" VALUES(68,'2017-01-06 18:17:54.777429','t5 t5 t5 t5 t5 t5 t5 t5 t5 t5',1.0,10.0,0.15732,50.0,'english','experiment',55,13,10,NULL);
INSERT INTO "gists_sentence" VALUES(69,'2017-01-06 18:17:55.532570','t9 t9 t9 t9 t9 t9 t9 t9 t9 t9',1.0,10.0,0.1554,50.0,'english','experiment',44,12,3,NULL);
INSERT INTO "gists_sentence" VALUES(70,'2017-01-06 18:17:55.587197','t0 t0 t0 t0 t0 t0 t0 t0 t0 t0',1.0,3.0,4.98466666666666669005e-01,15.0,'english','experiment',10,16,10,NULL);
INSERT INTO "gists_sentence" VALUES(71,'2017-01-06 18:17:57.853276','t13 t13 t13 t13 t13 t13 t13 t13 t13 t13',1.0,10.0,0.22026,50.0,'english','experiment',44,14,3,NULL);
INSERT INTO "gists_sentence" VALUES(72,'2017-01-06 18:17:58.327689','t7 t7 t7 t7 t7 t7 t7 t7 t7 t7',1.0,10.0,0.1686,50.0,'english','experiment',32,7,6,NULL);
INSERT INTO "gists_sentence" VALUES(73,'2017-01-06 18:17:58.698844','t12 t12 t12 t12 t12 t12 t12 t12 t12 t12',1.0,10.0,0.18368,50.0,'english','experiment',44,15,3,NULL);
INSERT INTO "gists_sentence" VALUES(74,'2017-01-06 18:18:03.712857','t14 t14 t14 t14 t14 t14 t14 t14 t14 t14',1.0,10.0,0.17526,50.0,'english','experiment',53,9,4,NULL);
INSERT INTO "gists_sentence" VALUES(75,'2017-01-06 18:18:08.347348','t3 t3 t3 t3 t3 t3 t3 t3 t3 t3',1.0,10.0,0.16296,50.0,'english','experiment',35,6,6,NULL);
INSERT INTO "gists_sentence" VALUES(76,'2017-01-06 18:18:08.514697','t11 t11 t11 t11 t11 t11 t11 t11 t11 t11',1.0,10.0,0.19518,50.0,'english','experiment',53,5,4,NULL);
INSERT INTO "gists_sentence" VALUES(77,'2017-01-06 18:18:09.534262','t8 t8 t8 t8 t8 t8 t8 t8 t8 t8',1.0,10.0,0.16676,50.0,'english','experiment',65,3,10,NULL);
INSERT INTO "gists_sentence" VALUES(78,'2017-01-06 18:18:11.286898','t10 t10 t10 t10 t10 t10 t10 t10 t10 t10',1.0,10.0,0.20694,50.0,'english','experiment',53,4,4,NULL);
INSERT INTO "gists_sentence" VALUES(79,'2017-01-06 18:18:12.201629','t2 t2 t2 t2 t2 t2 t2 t2 t2 t2',1.0,10.0,0.16966,50.0,'english','experiment',53,2,4,NULL);
INSERT INTO "gists_sentence" VALUES(80,'2017-01-06 18:18:12.412813','t1 t1 t1 t1 t1 t1 t1 t1 t1 t1',1.0,10.0,0.1759,50.0,'english','experiment',35,10,6,NULL);
INSERT INTO "gists_sentence" VALUES(81,'2017-01-06 18:18:14.670892','t7 t7 t7 t7 t7 t7 t7 t7 t7 t7',1.0,3.0,0.5992,15.0,'english','experiment',12,7,12,NULL);
INSERT INTO "gists_sentence" VALUES(82,'2017-01-06 18:18:14.727644','t6 t6 t6 t6 t6 t6 t6 t6 t6 t6',1.0,10.0,0.16054,50.0,'english','experiment',53,8,4,NULL);
INSERT INTO "gists_sentence" VALUES(83,'2017-01-06 18:18:14.783768','t4 t4 t4 t4 t4 t4 t4 t4 t4 t4',1.0,10.0,0.16096,50.0,'english','experiment',49,11,3,NULL);
INSERT INTO "gists_sentence" VALUES(84,'2017-01-06 18:18:16.563771','t5 t5 t5 t5 t5 t5 t5 t5 t5 t5',1.0,10.0,0.15766,50.0,'english','experiment',67,13,4,NULL);
INSERT INTO "gists_sentence" VALUES(85,'2017-01-06 18:18:17.243985','t9 t9 t9 t9 t9 t9 t9 t9 t9 t9',1.0,10.0,0.14764,50.0,'english','experiment',28,12,12,NULL);
INSERT INTO "gists_sentence" VALUES(86,'2017-01-06 18:18:17.566714','t0 t0 t0 t0 t0 t0 t0 t0 t0 t0',1.0,10.0,0.1536,50.0,'english','experiment',49,16,3,NULL);
INSERT INTO "gists_sentence" VALUES(87,'2017-01-06 18:18:20.783436','t13 t13 t13 t13 t13 t13 t13 t13 t13 t13',1.0,10.0,0.18736,50.0,'english','experiment',62,14,8,NULL);
INSERT INTO "gists_sentence" VALUES(88,'2017-01-06 18:18:21.951828','t12 t12 t12 t12 t12 t12 t12 t12 t12 t12',1.0,10.0,0.18682,50.0,'english','experiment',62,15,8,NULL);
INSERT INTO "gists_sentence" VALUES(89,'2017-01-06 18:18:25.975008','t11 t11 t11 t11 t11 t11 t11 t11 t11 t11',1.0,3.0,5.45666666666666633211e-01,15.0,'english','experiment',12,5,12,NULL);
INSERT INTO "gists_sentence" VALUES(90,'2017-01-06 18:18:26.061060','t14 t14 t14 t14 t14 t14 t14 t14 t14 t14',1.0,10.0,0.16272,50.0,'english','experiment',70,9,10,NULL);
INSERT INTO "gists_sentence" VALUES(91,'2017-01-06 18:18:28.045425','t7 t7 t7 t7 t7 t7 t7 t7 t7 t7',1.0,3.0,3.87866666666666692897e-01,15.0,'english','experiment',4,7,4,NULL);
INSERT INTO "gists_sentence" VALUES(92,'2017-01-06 18:18:31.832790','t3 t3 t3 t3 t3 t3 t3 t3 t3 t3',1.0,10.0,0.15026,50.0,'english','experiment',28,6,12,NULL);
INSERT INTO "gists_sentence" VALUES(93,'2017-01-06 18:18:34.400886','t8 t8 t8 t8 t8 t8 t8 t8 t8 t8',1.0,10.0,0.17608,50.0,'english','experiment',62,3,8,NULL);
INSERT INTO "gists_sentence" VALUES(94,'2017-01-06 18:18:37.463364','t6 t6 t6 t6 t6 t6 t6 t6 t6 t6',1.0,10.0,0.17376,50.0,'english','experiment',48,8,12,NULL);
INSERT INTO "gists_sentence" VALUES(95,'2017-01-06 18:18:37.674754','t1 t1 t1 t1 t1 t1 t1 t1 t1 t1',1.0,10.0,0.19878,50.0,'english','experiment',28,10,12,NULL);
INSERT INTO "gists_sentence" VALUES(96,'2017-01-06 18:18:37.866847','t2 t2 t2 t2 t2 t2 t2 t2 t2 t2',1.0,10.0,0.19702,50.0,'english','experiment',48,2,12,NULL);
INSERT INTO "gists_sentence" VALUES(97,'2017-01-06 18:18:39.278388','t5 t5 t5 t5 t5 t5 t5 t5 t5 t5',1.0,10.0,0.16918,50.0,'english','experiment',73,13,3,NULL);
INSERT INTO "gists_sentence" VALUES(98,'2017-01-06 18:18:39.372524','t4 t4 t4 t4 t4 t4 t4 t4 t4 t4',1.0,10.0,0.19858,50.0,'english','experiment',39,11,6,NULL);
INSERT INTO "gists_sentence" VALUES(99,'2017-01-06 18:18:40.267306','t10 t10 t10 t10 t10 t10 t10 t10 t10 t10',1.0,10.0,0.24694,50.0,'english','experiment',39,4,6,NULL);
INSERT INTO "gists_sentence" VALUES(100,'2017-01-06 18:18:40.825947','t12 t12 t12 t12 t12 t12 t12 t12 t12 t12',1.0,3.0,0.7432,15.0,'english','experiment',4,15,4,NULL);
INSERT INTO "gists_sentence" VALUES(101,'2017-01-06 18:18:40.956350','t9 t9 t9 t9 t9 t9 t9 t9 t9 t9',1.0,10.0,0.1882,50.0,'english','experiment',62,12,8,NULL);
INSERT INTO "gists_sentence" VALUES(102,'2017-01-06 18:18:41.041037','t0 t0 t0 t0 t0 t0 t0 t0 t0 t0',1.0,10.0,0.1838,50.0,'english','experiment',78,16,4,NULL);
INSERT INTO "gists_sentence" VALUES(103,'2017-01-06 18:18:43.679187','t11 t11 t11 t11 t11 t11 t11 t11 t11 t11',1.0,3.0,0.6646,15.0,'english','experiment',10,5,10,NULL);
INSERT INTO "gists_sentence" VALUES(104,'2017-01-06 18:18:44.095629','t13 t13 t13 t13 t13 t13 t13 t13 t13 t13',1.0,10.0,0.19,50.0,'english','experiment',39,14,6,NULL);
INSERT INTO "gists_sentence" VALUES(105,'2017-01-06 18:18:47.429012','t7 t7 t7 t7 t7 t7 t7 t7 t7 t7',1.0,10.0,0.1119,50.0,'english','experiment',69,7,3,NULL);
INSERT INTO "gists_sentence" VALUES(106,'2017-01-06 18:18:47.772139','t14 t14 t14 t14 t14 t14 t14 t14 t14 t14',1.0,10.0,0.14122,50.0,'english','experiment',39,9,6,NULL);
INSERT INTO "gists_sentence" VALUES(107,'2017-01-06 18:18:51.265350','t3 t3 t3 t3 t3 t3 t3 t3 t3 t3',1.0,10.0,0.10484,50.0,'english','experiment',69,6,3,NULL);
INSERT INTO "gists_sentence" VALUES(108,'2017-01-06 18:18:54.681809','t8 t8 t8 t8 t8 t8 t8 t8 t8 t8',1.0,10.0,0.11432,50.0,'english','experiment',91,3,4,NULL);
INSERT INTO "gists_sentence" VALUES(109,'2017-01-06 18:18:56.932210','t10 t10 t10 t10 t10 t10 t10 t10 t10 t10',1.0,3.0,5.63066666666666715279e-01,15.0,'english','experiment',10,4,10,NULL);
INSERT INTO "gists_sentence" VALUES(110,'2017-01-06 18:19:02.482468','t2 t2 t2 t2 t2 t2 t2 t2 t2 t2',1.0,10.0,0.16352,50.0,'english','experiment',98,2,6,NULL);
INSERT INTO "gists_sentence" VALUES(111,'2017-01-06 18:19:03.226878','t1 t1 t1 t1 t1 t1 t1 t1 t1 t1',1.0,10.0,0.17878,50.0,'english','experiment',90,10,10,NULL);
INSERT INTO "gists_sentence" VALUES(112,'2017-01-06 18:19:03.347653','t6 t6 t6 t6 t6 t6 t6 t6 t6 t6',1.0,10.0,0.19488,50.0,'english','experiment',90,8,10,NULL);
INSERT INTO "gists_sentence" VALUES(113,'2017-01-06 18:19:04.608588','t4 t4 t4 t4 t4 t4 t4 t4 t4 t4',1.0,10.0,0.1874,50.0,'english','experiment',90,11,10,NULL);
INSERT INTO "gists_sentence" VALUES(114,'2017-01-06 18:19:05.126165','t9 t9 t9 t9 t9 t9 t9 t9 t9 t9',1.0,10.0,0.18724,50.0,'english','experiment',100,12,4,NULL);
INSERT INTO "gists_sentence" VALUES(115,'2017-01-06 18:19:05.782331','t0 t0 t0 t0 t0 t0 t0 t0 t0 t0',1.0,10.0,0.19034,50.0,'english','experiment',34,16,5,NULL);
INSERT INTO "gists_sentence" VALUES(116,'2017-01-06 18:19:06.000951','t5 t5 t5 t5 t5 t5 t5 t5 t5 t5',1.0,10.0,0.20314,50.0,'english','experiment',16,13,11,NULL);
INSERT INTO "gists_sentence" VALUES(117,'2017-01-06 18:19:07.146641','t12 t12 t12 t12 t12 t12 t12 t12 t12 t12',1.0,10.0,0.2239,50.0,'english','experiment',98,15,6,NULL);
INSERT INTO "gists_sentence" VALUES(118,'2017-01-06 18:19:09.044088','t11 t11 t11 t11 t11 t11 t11 t11 t11 t11',1.0,10.0,0.23442,50.0,'english','experiment',54,5,8,NULL);
INSERT INTO "gists_sentence" VALUES(119,'2017-01-06 18:19:09.157204','t13 t13 t13 t13 t13 t13 t13 t13 t13 t13',1.0,10.0,0.22746,50.0,'english','experiment',57,14,9,NULL);
INSERT INTO "gists_sentence" VALUES(120,'2017-01-06 18:19:09.873785','t7 t7 t7 t7 t7 t7 t7 t7 t7 t7',1.0,10.0,0.17426,50.0,'english','experiment',34,7,5,NULL);
INSERT INTO "gists_sentence" VALUES(121,'2017-01-06 18:19:11.933633','t3 t3 t3 t3 t3 t3 t3 t3 t3 t3',1.0,10.0,0.13418,50.0,'english','experiment',16,6,11,NULL);
INSERT INTO "gists_sentence" VALUES(122,'2017-01-06 18:19:12.194395','t14 t14 t14 t14 t14 t14 t14 t14 t14 t14',1.0,10.0,0.20986,50.0,'english','experiment',63,9,3,NULL);
INSERT INTO "gists_sentence" VALUES(123,'2017-01-06 18:19:15.145763','t8 t8 t8 t8 t8 t8 t8 t8 t8 t8',1.0,10.0,0.1111,50.0,'english','experiment',57,3,9,NULL);
INSERT INTO "gists_sentence" VALUES(124,'2017-01-06 18:19:17.764592','t10 t10 t10 t10 t10 t10 t10 t10 t10 t10',1.0,10.0,0.13356,50.0,'english','experiment',88,4,8,NULL);
INSERT INTO "gists_sentence" VALUES(125,'2017-01-06 18:19:24.741236','t1 t1 t1 t1 t1 t1 t1 t1 t1 t1',1.0,10.0,0.134,50.0,'english','experiment',100,10,4,NULL);
INSERT INTO "gists_sentence" VALUES(126,'2017-01-06 18:19:25.408999','t2 t2 t2 t2 t2 t2 t2 t2 t2 t2',1.0,10.0,0.15014,50.0,'english','experiment',93,2,8,NULL);
INSERT INTO "gists_sentence" VALUES(127,'2017-01-06 18:19:28.689987','t9 t9 t9 t9 t9 t9 t9 t9 t9 t9',1.0,10.0,0.1696,50.0,'english','experiment',75,12,6,NULL);
INSERT INTO "gists_sentence" VALUES(128,'2017-01-06 18:19:29.270639','t6 t6 t6 t6 t6 t6 t6 t6 t6 t6',1.0,10.0,0.19004,50.0,'english','experiment',27,8,5,NULL);
INSERT INTO "gists_sentence" VALUES(129,'2017-01-06 18:19:29.374578','t4 t4 t4 t4 t4 t4 t4 t4 t4 t4',1.0,10.0,0.17554,50.0,'english','experiment',47,11,9,NULL);
INSERT INTO "gists_sentence" VALUES(130,'2017-01-06 18:19:29.506150','t0 t0 t0 t0 t0 t0 t0 t0 t0 t0',1.0,10.0,0.17274,50.0,'english','experiment',13,16,11,NULL);
INSERT INTO "gists_sentence" VALUES(131,'2017-01-06 18:19:31.294784','t5 t5 t5 t5 t5 t5 t5 t5 t5 t5',1.0,10.0,0.20492,50.0,'english','experiment',47,13,9,NULL);
INSERT INTO "gists_sentence" VALUES(132,'2017-01-06 18:19:32.748976','t7 t7 t7 t7 t7 t7 t7 t7 t7 t7',1.0,10.0,0.15732,50.0,'english','experiment',18,7,11,NULL);
INSERT INTO "gists_sentence" VALUES(133,'2017-01-06 18:19:33.978361','t12 t12 t12 t12 t12 t12 t12 t12 t12 t12',1.0,10.0,0.24752,50.0,'english','experiment',27,15,5,NULL);
INSERT INTO "gists_sentence" VALUES(134,'2017-01-06 18:19:34.045196','t3 t3 t3 t3 t3 t3 t3 t3 t3 t3',1.0,10.0,0.16454,50.0,'english','experiment',29,6,7,NULL);
INSERT INTO "gists_sentence" VALUES(135,'2017-01-06 18:19:34.732751','t13 t13 t13 t13 t13 t13 t13 t13 t13 t13',1.0,10.0,0.23234,50.0,'english','experiment',81,14,12,NULL);
INSERT INTO "gists_sentence" VALUES(136,'2017-01-06 18:19:35.175210','t11 t11 t11 t11 t11 t11 t11 t11 t11 t11',1.0,10.0,0.2377,50.0,'english','experiment',17,5,7,NULL);
INSERT INTO "gists_sentence" VALUES(137,'2017-01-06 18:19:35.576065','t8 t8 t8 t8 t8 t8 t8 t8 t8 t8',1.0,10.0,0.1385,50.0,'english','experiment',27,3,5,NULL);
INSERT INTO "gists_sentence" VALUES(138,'2017-01-06 18:19:36.290780','t14 t14 t14 t14 t14 t14 t14 t14 t14 t14',1.0,10.0,0.20748,50.0,'english','experiment',81,9,12,NULL);
INSERT INTO "gists_sentence" VALUES(139,'2017-01-06 18:19:38.671260','t10 t10 t10 t10 t10 t10 t10 t10 t10 t10',1.0,10.0,0.14066,50.0,'english','experiment',81,4,12,NULL);
INSERT INTO "gists_sentence" VALUES(140,'2017-01-06 18:19:43.381610','t1 t1 t1 t1 t1 t1 t1 t1 t1 t1',1.0,10.0,0.0814,50.0,'english','experiment',27,10,5,NULL);
INSERT INTO "gists_sentence" VALUES(141,'2017-01-06 18:19:44.193666','t2 t2 t2 t2 t2 t2 t2 t2 t2 t2',1.0,10.0,0.08176,50.0,'english','experiment',27,2,5,NULL);
INSERT INTO "gists_sentence" VALUES(142,'2017-01-06 18:19:51.480569','t4 t4 t4 t4 t4 t4 t4 t4 t4 t4',1.0,10.0,0.11024,50.0,'english','experiment',81,11,12,NULL);
INSERT INTO "gists_sentence" VALUES(143,'2017-01-06 18:19:51.794436','t9 t9 t9 t9 t9 t9 t9 t9 t9 t9',1.0,10.0,0.11666,50.0,'english','experiment',56,12,9,NULL);
INSERT INTO "gists_sentence" VALUES(144,'2017-01-06 18:19:51.993756','t6 t6 t6 t6 t6 t6 t6 t6 t6 t6',1.0,10.0,0.12572,50.0,'english','experiment',21,8,11,NULL);
INSERT INTO "gists_sentence" VALUES(145,'2017-01-06 18:19:52.128455','t0 t0 t0 t0 t0 t0 t0 t0 t0 t0',1.0,10.0,0.1166,50.0,'english','experiment',17,16,7,NULL);
INSERT INTO "gists_sentence" VALUES(146,'2017-01-06 18:19:53.731815','t5 t5 t5 t5 t5 t5 t5 t5 t5 t5',1.0,10.0,0.1308,50.0,'english','experiment',31,13,7,NULL);
INSERT INTO "gists_sentence" VALUES(147,'2017-01-06 18:19:55.159314','t12 t12 t12 t12 t12 t12 t12 t12 t12 t12',1.0,10.0,0.15676,50.0,'english','experiment',31,15,7,NULL);
INSERT INTO "gists_sentence" VALUES(148,'2017-01-06 18:19:55.917478','t13 t13 t13 t13 t13 t13 t13 t13 t13 t13',1.0,10.0,0.15862,50.0,'english','experiment',14,14,11,NULL);
INSERT INTO "gists_sentence" VALUES(149,'2017-01-06 18:19:56.514715','t11 t11 t11 t11 t11 t11 t11 t11 t11 t11',1.0,10.0,0.15838,50.0,'english','experiment',24,5,5,NULL);
INSERT INTO "gists_sentence" VALUES(150,'2017-01-06 18:19:57.108348','t14 t14 t14 t14 t14 t14 t14 t14 t14 t14',1.0,10.0,0.14994,50.0,'english','experiment',24,9,5,NULL);
INSERT INTO "gists_sentence" VALUES(151,'2017-01-06 18:19:58.447554','t10 t10 t10 t10 t10 t10 t10 t10 t10 t10',1.0,10.0,0.12668,50.0,'english','experiment',24,4,5,NULL);
INSERT INTO "gists_sentence" VALUES(152,'2017-01-06 18:20:00.497437','t1 t1 t1 t1 t1 t1 t1 t1 t1 t1',1.0,10.0,0.07578,50.0,'english','experiment',22,10,7,NULL);
INSERT INTO "gists_sentence" VALUES(153,'2017-01-06 18:20:09.134863','t4 t4 t4 t4 t4 t4 t4 t4 t4 t4',1.0,10.0,0.08052,50.0,'english','experiment',14,11,11,NULL);
INSERT INTO "gists_sentence" VALUES(154,'2017-01-06 18:20:10.344521','t9 t9 t9 t9 t9 t9 t9 t9 t9 t9',1.0,10.0,0.08286,50.0,'english','experiment',14,12,11,NULL);
INSERT INTO "gists_sentence" VALUES(155,'2017-01-06 18:20:10.597335','t6 t6 t6 t6 t6 t6 t6 t6 t6 t6',1.0,10.0,0.08332,50.0,'english','experiment',22,8,7,NULL);
INSERT INTO "gists_sentence" VALUES(156,'2017-01-06 18:20:10.794245','t0 t0 t0 t0 t0 t0 t0 t0 t0 t0',1.0,10.0,0.0851,50.0,'english','experiment',131,16,9,NULL);
INSERT INTO "gists_sentence" VALUES(157,'2017-01-06 18:20:11.622512','t5 t5 t5 t5 t5 t5 t5 t5 t5 t5',1.0,10.0,0.08526,50.0,'english','experiment',89,13,12,NULL);
INSERT INTO "gists_sentence" VALUES(158,'2017-01-06 18:20:13.828277','t12 t12 t12 t12 t12 t12 t12 t12 t12 t12',1.0,10.0,0.1055,50.0,'english','experiment',121,15,11,NULL);
INSERT INTO "gists_sentence" VALUES(159,'2017-01-06 18:20:14.485628','t13 t13 t13 t13 t13 t13 t13 t13 t13 t13',1.0,10.0,0.10272,50.0,'english','experiment',26,14,5,NULL);
INSERT INTO "gists_sentence" VALUES(160,'2017-01-06 18:20:15.392563','t14 t14 t14 t14 t14 t14 t14 t14 t14 t14',1.0,10.0,0.10014,50.0,'english','experiment',121,9,11,NULL);
INSERT INTO "gists_sentence" VALUES(161,'2017-01-06 18:20:31.659938','t12 t12 t12 t12 t12 t12 t12 t12 t12 t12',1.0,10.0,0.093,50.0,'english','experiment',157,15,12,NULL);
INSERT INTO "gists_sentence" VALUES(162,'2017-01-06 18:20:32.283787','t13 t13 t13 t13 t13 t13 t13 t13 t13 t13',1.0,10.0,0.09248,50.0,'english','experiment',136,14,7,NULL);
CREATE TABLE "gists_tree" ("id" integer NOT NULL PRIMARY KEY AUTOINCREMENT, "created" datetime NOT NULL);
INSERT INTO "gists_tree" VALUES(1,'2017-01-06 18:15:01.469332');
INSERT INTO "gists_tree" VALUES(2,'2017-01-06 18:15:01.470013');
INSERT INTO "gists_tree" VALUES(3,'2017-01-06 18:15:01.470675');
INSERT INTO "gists_tree" VALUES(4,'2017-01-06 18:15:01.471315');
INSERT INTO "gists_tree" VALUES(5,'2017-01-06 18:15:01.471938');
INSERT INTO "gists_tree" VALUES(6,'2017-01-06 18:15:01.472558');
INSERT INTO "gists_tree" VALUES(7,'2017-01-06 18:15:01.473183');
INSERT INTO "gists_tree" VALUES(8,'2017-01-06 18:15:01.473803');
INSERT INTO "gists_tree" VALUES(9,'2017-01-06 18:15:01.474438');
INSERT INTO "gists_tree" VALUES(10,'2017-01-06 18:15:01.475056');
INSERT INTO "gists_tree" VALUES(11,'2017-01-06 18:15:01.475683');
INSERT INTO "gists_tree" VALUES(12,'2017-01-06 18:15:01.476303');
CREATE TABLE "gists_wordspan" ("id" integer NOT NULL PRIMARY KEY AUTOINCREMENT, "created" datetime NOT NULL, "span" smallint unsigned NOT NULL, "score" smallint unsigned NOT NULL, "profile_id" integer NOT NULL UNIQUE REFERENCES "gists_profile" ("id"));
CREATE TABLE "socialaccount_socialaccount" ("id" integer NOT NULL PRIMARY KEY AUTOINCREMENT, "provider" varchar(30) NOT NULL, "last_login" datetime NOT NULL, "date_joined" datetime NOT NULL, "extra_data" text NOT NULL, "user_id" integer NOT NULL REFERENCES "auth_user" ("id"), "uid" varchar(191) NOT NULL);
CREATE TABLE "socialaccount_socialapp" ("id" integer NOT NULL PRIMARY KEY AUTOINCREMENT, "provider" varchar(30) NOT NULL, "name" varchar(40) NOT NULL, "client_id" varchar(191) NOT NULL, "key" varchar(191) NOT NULL, "secret" varchar(191) NOT NULL);
CREATE TABLE "socialaccount_socialapp_sites" ("id" integer NOT NULL PRIMARY KEY AUTOINCREMENT, "socialapp_id" integer NOT NULL REFERENCES "socialaccount_socialapp" ("id"), "site_id" integer NOT NULL REFERENCES "django_site" ("id"));
CREATE TABLE "socialaccount_socialtoken" ("id" integer NOT NULL PRIMARY KEY AUTOINCREMENT, "token" text NOT NULL, "token_secret" text NOT NULL, "expires_at" datetime NULL, "account_id" integer NOT NULL REFERENCES "socialaccount_socialaccount" ("id"), "app_id" integer NOT NULL REFERENCES "socialaccount_socialapp" ("id"));
DELETE FROM "sqlite_sequence";
INSERT INTO "sqlite_sequence" VALUES('django_migrations',21);
INSERT INTO "sqlite_sequence" VALUES('account_emailaddress',15);
INSERT INTO "sqlite_sequence" VALUES('django_admin_log',0);
INSERT INTO "sqlite_sequence" VALUES('django_content_type',21);
INSERT INTO "sqlite_sequence" VALUES('auth_permission',63);
INSERT INTO "sqlite_sequence" VALUES('auth_user',16);
INSERT INTO "sqlite_sequence" VALUES('gists_sentence',162);
INSERT INTO "sqlite_sequence" VALUES('gists_comment',0);
INSERT INTO "sqlite_sequence" VALUES('django_site',1);
INSERT INTO "sqlite_sequence" VALUES('socialaccount_socialtoken',0);
INSERT INTO "sqlite_sequence" VALUES('socialaccount_socialaccount',0);
INSERT INTO "sqlite_sequence" VALUES('socialaccount_socialapp',0);
INSERT INTO "sqlite_sequence" VALUES('gists_gistsconfiguration',1);
INSERT INTO "sqlite_sequence" VALUES('gists_profile',16);
INSERT INTO "sqlite_sequence" VALUES('gists_tree',12);
INSERT INTO "sqlite_sequence" VALUES('account_emailconfirmation',15);
INSERT INTO "sqlite_sequence" VALUES('gists_questionnaire',15);
CREATE UNIQUE INDEX "auth_group_permissions_group_id_0cd325b0_uniq" ON "auth_group_permissions" ("group_id", "permission_id");
CREATE INDEX "auth_group_permissions_0e939a4f" ON "auth_group_permissions" ("group_id");
CREATE INDEX "auth_group_permissions_8373b171" ON "auth_group_permissions" ("permission_id");
CREATE UNIQUE INDEX "auth_user_groups_user_id_94350c0c_uniq" ON "auth_user_groups" ("user_id", "group_id");
CREATE INDEX "auth_user_groups_e8701ad4" ON "auth_user_groups" ("user_id");
CREATE INDEX "auth_user_groups_0e939a4f" ON "auth_user_groups" ("group_id");
CREATE UNIQUE INDEX "auth_user_user_permissions_user_id_14a6b632_uniq" ON "auth_user_user_permissions" ("user_id", "permission_id");
CREATE INDEX "auth_user_user_permissions_e8701ad4" ON "auth_user_user_permissions" ("user_id");
CREATE INDEX "auth_user_user_permissions_8373b171" ON "auth_user_user_permissions" ("permission_id");
CREATE INDEX "account_emailconfirmation_6f1edeac" ON "account_emailconfirmation" ("email_address_id");
CREATE INDEX "account_emailaddress_e8701ad4" ON "account_emailaddress" ("user_id");
CREATE INDEX "django_admin_log_417f1b1c" ON "django_admin_log" ("content_type_id");
CREATE INDEX "django_admin_log_e8701ad4" ON "django_admin_log" ("user_id");
CREATE UNIQUE INDEX "django_content_type_app_label_76bd3d3b_uniq" ON "django_content_type" ("app_label", "model");
CREATE UNIQUE INDEX "auth_permission_content_type_id_01ab375a_uniq" ON "auth_permission" ("content_type_id", "codename");
CREATE INDEX "auth_permission_417f1b1c" ON "auth_permission" ("content_type_id");
CREATE INDEX "gists_sentence_6be37982" ON "gists_sentence" ("parent_id");
CREATE INDEX "gists_sentence_83a0eb3f" ON "gists_sentence" ("profile_id");
CREATE INDEX "gists_sentence_656442a0" ON "gists_sentence" ("tree_id");
CREATE INDEX "gists_comment_83a0eb3f" ON "gists_comment" ("profile_id");
CREATE INDEX "django_session_de54fa62" ON "django_session" ("expire_date");
CREATE UNIQUE INDEX "socialaccount_socialapp_sites_socialapp_id_71a9a768_uniq" ON "socialaccount_socialapp_sites" ("socialapp_id", "site_id");
CREATE INDEX "socialaccount_socialapp_sites_fe95b0a0" ON "socialaccount_socialapp_sites" ("socialapp_id");
CREATE INDEX "socialaccount_socialapp_sites_9365d6e7" ON "socialaccount_socialapp_sites" ("site_id");
CREATE UNIQUE INDEX "socialaccount_socialtoken_app_id_fca4e0ac_uniq" ON "socialaccount_socialtoken" ("app_id", "account_id");
CREATE INDEX "socialaccount_socialtoken_8a089c2a" ON "socialaccount_socialtoken" ("account_id");
CREATE INDEX "socialaccount_socialtoken_f382adfe" ON "socialaccount_socialtoken" ("app_id");
CREATE UNIQUE INDEX "socialaccount_socialaccount_provider_fc810c6e_uniq" ON "socialaccount_socialaccount" ("provider", "uid");
CREATE INDEX "socialaccount_socialaccount_e8701ad4" ON "socialaccount_socialaccount" ("user_id");
COMMIT;
